trace_id,family_id_group,ploidy,value_metric,final_value,peak_value,trough_value,time_to_peak,time_to_trough,auc_total,auc_early,auc_late,delta_auc_late_minus_early,late_early_auc_ratio,initial_slope,vmax,time_to_vmax,min_slope,time_to_min_slope,inflection_time,metabolic_scope,final_delta,depression_abs,metabolic_depression_index,resilience_ratio,stability_cv,shell_height,shell_length,shell_width,cup,fan,whole_wet_weight,dry_tissue_weight,condition_index,live_dead_sampling
20250826 plate1 A02,hnry,diploid,corrected_fc,1.1454038233147783,1.1454038233147783,0,4,0,3.4131054727124353,1.339579802563428,2.0735256701490075,0.7339458675855794,1.5478926049654498,0.8972368290074993,0.8972368290074993,0.5,-0.01255088189564201,1.5,1.5,1.1454038233147783,1.1454038233147783,0,0,1,0.5757856714724969,63.53,51.52,21.19,0.333543,0.810955,46.195,3.358,6.94,0
20250826 plate1 A03,hnry,triploid,corrected_fc,1.1864370055327913,1.1864370055327913,0,4,0,3.340193399853759,1.1843350829454968,2.1558583169082626,0.9715232339627656,1.8203111162987269,0.7142790149893329,0.7142790149893329,0.5,0.09385325934708844,3.5,1.5,1.1864370055327913,1.1864370055327913,0,0,1,0.6033100650014034,48.45,NA,NA,NA,NA,NA,NA,NA,1
20250826 plate1 A04,hnry,diploid,corrected_fc,1.4801656277190312,1.4801656277190312,0,4,0,4.132335836804137,1.371749845700427,2.760585991103711,1.388836145403284,2.012455842263378,0.7145172894041817,0.7145172894041817,0.5,0.04880550835545994,2.5,2.5,1.4801656277190312,1.4801656277190312,0,0,1,0.6366599390268372,57.67,49.2,21.69,0.37610542743194036,0.8531298768857292,37.38,3.112,6.792626023101045,0
20250826 plate1 A05,hnry,triploid,corrected_fc,0.8421620189702774,0.8421620189702774,0,4,0,2.67887955670597,1.0284371878458067,1.6504423688601633,0.6220051810143565,1.6048061936745266,0.626814821295046,0.626814821295046,0.5,0.01442302614601354,3.5,1.5,0.8421620189702774,0.8421620189702774,0,0,1,0.5762318357289249,67.65,47.32,30.86,0.4561714708056171,0.6994826311899482,69.185,5.046,13.209601818095734,0
20250826 plate1 A06,hnry,diploid,corrected_fc,0.9948613375915568,1.149713036097997,0,3,0,3.721267564350819,1.565532636836905,2.1557349275139144,0.5902022906770095,1.3769977557730697,1.0569414142167664,1.0569414142167664,0.5,-0.1548516985064402,3.5,1.5,1.149713036097997,0.9948613375915568,0.1548516985064402,0.13468725990268868,0.8653127400973113,0.5634036958706667,66.65,54.33,27.57,0.41365341335333833,0.8151537884471117,57.547,4.305,14.361066179056198,0
20250826 plate1 A07,hnry,triploid,corrected_fc,0.912822546391776,0.9451877373148329,0,3,0,2.767651335825654,1.0122873488741502,1.7553639869515032,0.743076638077353,1.734057023338078,0.6585223724333675,0.6585223724333675,0.5,-0.0323651909230569,3.5,1.5,0.9451877373148329,0.912822546391776,0.0323651909230569,0.03424207662173294,0.965757923378267,0.59153825541873,79.74,61.25,29.55,0.3705793829947329,0.7681213945322298,94.812,4.784,9.568353431759268,0
20250826 plate1 A08,hnry,diploid,corrected_fc,0.7569599547718724,0.7569599547718724,0,4,0,2.3089708948993604,0.865745852027722,1.4432250428716389,0.5774791908439166,1.6670308491705317,0.5471382998663685,0.5471382998663685,0.5,0.01082244144752342,3.5,1.5,0.7569599547718724,0.7569599547718724,0,0,1,0.5814130707169618,NA,NA,NA,NA,NA,NA,NA,NA,1
20250826 plate1 B02,hnry,diploid,corrected_fc,0.9913555856291996,0.9913555856291996,0,4,0,2.6681449546500637,0.95779705431901,1.7103479003310536,0.7525508460120436,1.7857101278590843,0.6325060265378298,0.6325060265378298,0.5,0.01807602902453031,1.5,1.5,0.9913555856291996,0.9913555856291996,0,0,1,0.6095930520795068,57.63,49.87,24,0.41645,0.865348,45.927,3.382,9.12,0
20250826 plate1 B03,hnry,triploid,corrected_fc,1.295067664613207,1.295067664613207,0,4,0,3.7213000674421903,1.3943659087314813,2.326934158710709,0.9325682499792278,1.6688117115740646,0.9049218420424286,0.9049218420424286,0.5,0.07396629133567656,1.5,1.5,1.295067664613207,1.295067664613207,0,0,1,0.5871923101091098,75.62,60.59,33.48,0.4427400158688177,0.8012430573922242,96.694,4.821,8.829438511155754,0
20250826 plate1 B04,hnry,diploid,corrected_fc,1.245561127015806,1.245561127015806,0,4,0,3.303226405721835,1.0550837308140508,2.2481426749077844,1.1930589440937336,2.1307718138855463,0.5674846399553517,0.5674846399553517,0.5,0.10779810647462384,3.5,2.5,1.245561127015806,1.245561127015806,0,0,1,0.6482248769292371,54.03,48.3,20.95,0.3877475476587081,0.8939478067740144,36.909,3.017,7.414985871577515,0
20250826 plate1 B05,hnry,triploid,corrected_fc,1.194511539878074,1.194511539878074,0,4,0,3.652688107177203,1.402241757969694,2.2504463492075093,0.8482045912378153,1.6048918358171924,0.8918689276533498,0.8918689276533498,0.5,0.05169379092594606,3.5,1.5,1.194511539878074,1.194511539878074,0,0,1,0.5757086260925509,68.39,47.15,27.35,0.3999122678754204,0.6894282789881562,70.851,3.607,9.071303410163095,0
20250826 plate1 B06,hnry,diploid,corrected_fc,1.2697762522414064,1.2933632593723166,0,3,0,3.7252306477586536,1.2817059341361756,2.4435247136224776,1.161818779486302,1.9064628231352667,0.7664326060067176,0.7664326060067176,0.5,-0.02358700713091011,3.5,1.5,1.2933632593723166,1.2697762522414064,0.02358700713091011,0.01823695466837147,0.9817630453316284,0.6101673900321128,67.87,53.63,28.93,0.426256077795786,0.7901871224399587,72.92,4.402,9.729679688946494,0
20250826 plate1 B07,hnry,triploid,corrected_fc,1.2771666536588249,1.2943373304769987,0,3,0,3.755802576438213,1.2442172060385364,2.511585370399677,1.2673681643611403,2.0186068463048463,0.6655524929452704,0.6655524929452704,0.5,-0.01717067681817385,3.5,2.5,1.2943373304769987,1.2771666536588249,0.01717067681817385,0.01326599829415875,0.9867340017058412,0.6301047242755053,70.88,54.09,25.33,0.3573645598194131,0.7631207674943568,72.548,4.17,9.378646441073508,0
20250826 plate1 B08,hnry,diploid,corrected_fc,1.2952855558551644,1.3834536220220957,0,3,0,4.015366408647221,1.4183735782899145,2.596992830357307,1.1786192520673926,1.8309653183813632,0.852477147882285,0.852477147882285,0.5,-0.08816806616693129,3.5,1.5,1.3834536220220957,1.2952855558551644,0.08816806616693129,0.06373040972494785,0.9362695902750522,0.5995724046631683,47.31,37.78,23.29,0.492284929190446,0.79856267173959,30.046,3.389,13.70177772402951,0
20250826 plate1 C02,hnry,diploid,corrected_fc,0.7312323640870858,0.7312323640870858,0,4,0,2.032743097515751,0.7113670288088488,1.3213760687069025,0.6100090398980537,1.8575166056254893,0.42989372064916703,0.42989372064916703,0.5,0.05694578558340801,3.5,1.5,0.7312323640870858,0.7312323640870858,0,0,1,0.6083917120718738,67.94,54.47,26.85,0.395202,0.801737,57.333,3.821,8.5,0
20250826 plate1 C03,hnry,triploid,corrected_fc,1.1252354135567175,1.1252354135567175,0,4,0,2.716637670603647,0.8341703620590337,1.8824673085446129,1.0482969464855791,2.25669406894055,0.5377188423271391,0.5377188423271391,0.5,0.05518419713665012,1.5,1.5,1.1252354135567175,1.1252354135567175,0,0,1,0.6833604038348963,65.67,56.01,27.76,0.42271965890056346,0.8529008679762448,61.565,3.589,9.495048809607418,0
20250826 plate1 C04,hnry,diploid,corrected_fc,0.4766488663043938,0.4766488663043938,0,4,0,1.4299859790775282,0.5397881439576212,0.8901978351199071,0.35040969116228593,1.649161518430454,0.32899078987897595,0.32899078987897595,0.5,0.01948133973177429,2.5,1.5,0.4766488663043938,0.4766488663043938,0,0,1,0.5824362938719249,NA,NA,NA,NA,NA,NA,NA,NA,1
20250826 plate1 C05,hnry,triploid,corrected_fc,0.9105168946821292,0.940792668338201,0,3,0,2.895165323425641,1.1512104823221432,1.7439548411034975,0.5927443587813546,1.514887909625103,0.803306756897911,0.803306756897911,0.5,-0.10749930604944656,1.5,1.5,0.940792668338201,0.9105168946821292,0.03027577365607181,0.03218113265014107,0.9678188673498588,0.5772677887147165,71.62,55.54,25.25,0.3525551521921251,0.7754817090198268,63.403,3.343,5.864004990642547,0
20250826 plate1 C06,hnry,diploid,corrected_fc,0.7230881132829237,0.7656032684960633,0,2,0,2.3616994280244006,0.9075506158988408,1.45414881212556,0.5465981962267192,1.6022784698188617,0.524748981650809,0.524748981650809,0.5,-0.05580014725999682,2.5,2.5,0.7656032684960633,0.7230881132829237,0.04251515521313964,0.05553157485423961,0.9444684251457603,0.5842087210411208,63.8,52.17,23.69,0.37131661442006275,0.8177115987460816,49.669,3.167,6.954471784293503,0
20250826 plate1 C07,hnry,triploid,corrected_fc,1.1376738379947826,1.188349513450698,0,3,0,3.624670848171942,1.3804377219804922,2.2442331261914497,0.8637954042109575,1.62574022026266,0.8933910282371321,0.8933910282371321,0.5,-0.05067567545591545,3.5,1.5,1.188349513450698,1.1376738379947826,0.05067567545591545,0.04264374654285401,0.957356253457146,0.57688426374342,NA,NA,NA,NA,NA,NA,NA,NA,NA
20250826 plate1 C08,hnry,diploid,corrected_fc,1.0099438136841437,1.0099438136841437,0,4,0,2.9918203954776095,1.120084499270987,1.8717358962066224,0.7516513969356355,1.6710666895442727,0.7431278773407393,0.7431278773407393,0.5,0.01078536651975603,1.5,1.5,1.0099438136841437,1.0099438136841437,0,0,1,0.5873047637054499,69.18,54.27,25.4,0.36715813819022836,0.7844752818733738,59.828,3.602,6.607823276901555,0
20250826 plate1 D02,hnry,diploid,corrected_fc,0.840210833341428,0.840210833341428,0,4,0,2.316233260523317,0.8094809535881572,1.50675230693516,0.6972713533470029,1.8613808024218892,0.48726068169439496,0.48726068169439496,0.5,0.07578421497074417,3.5,1.5,0.840210833341428,0.840210833341428,0,0,1,0.6098222720053679,66.19,54.62,27.71,0.418643,0.8252,62.225,3.802,7.97,0
20250826 plate1 D03,hnry,triploid,corrected_fc,1.125535980411432,1.125535980411432,0,4,0,3.109980532316263,1.0622979121266891,2.0476826201895735,0.985384708062884,1.927597331044521,0.6182894202779099,0.6182894202779099,0.5,0.08462984227635384,3.5,1.5,1.125535980411432,1.125535980411432,0,0,1,0.6176504535721202,61.82,51.14,29.23,0.4728243286962148,0.8272403752830799,56.574,3.365,8.263582407548324,0
20250826 plate1 D04,hnry,diploid,corrected_fc,1.4557835991752963,1.4557835991752963,0,4,0,3.7948565623138473,1.1981834709347676,2.596673091379079,1.3984896204443118,2.167174856245742,0.6525193746985791,0.6525193746985791,0.5,0.13266640362005355,3.5,1.5,1.4557835991752963,1.4557835991752963,0,0,1,0.6530244691057266,55.23,54.74,31.04,0.5620133985152996,0.9911280101394171,49.63,3.447,7.161080830337468,0
20250826 plate1 D05,hnry,triploid,corrected_fc,0.943507414837042,0.943507414837042,0,4,0,2.968384921001225,1.146609974998461,1.821774946002764,0.6751649710043031,1.5888357730406184,0.7201333185998839,0.7201333185998839,0.5,0.01996283265137621,3.5,1.5,0.943507414837042,0.943507414837042,0,0,1,0.5732999594566295,75.64,62.02,29.21,0.3861713379164463,0.8199365415124273,85.052,3.461,5.165870429075321,0
20250826 plate1 D06,hnry,diploid,corrected_fc,1.443924203044676,1.6296486329283235,0,2,0,4.4017230579072635,1.4406002074552595,2.9611228504520044,1.5205226429967449,2.0554785672859675,0.6257758909910975,1.003872741937226,1.5,-0.20531220046281873,2.5,2.5,1.6296486329283235,1.443924203044676,0.18572442988364757,0.11396593482235395,0.886034065177646,0.6744336500629381,54.12,47.51,23.8,0.4397634885439764,0.8778640059127865,40.702,3.002,6.181480856805531,0
20250826 plate1 D07,hnry,triploid,corrected_fc,0.8872761888094316,0.9466169897696802,0,2,0,2.8905013437946305,1.0661406559732445,1.8243606878213865,0.758220031848142,1.711181988605423,0.5928321610884041,0.5928321610884041,0.5,-0.03920289123784981,2.5,2.5,0.9466169897696802,0.8872761888094316,0.05934080096024863,0.06268723422625949,0.9373127657737405,0.5974581886773564,79.25,55.67,30.65,0.38675078864353313,0.7024605678233439,85.076,5.14,11.610878661087867,0
20250826 plate1 D08,hnry,diploid,corrected_fc,0.9588976160390849,0.9588976160390849,0,4,0,2.9230982629324096,1.0929269452968833,1.8301713176355263,0.7372443723386433,1.6745596085000702,0.6897566501061148,0.6897566501061148,0.5,0.01134540161386943,3.5,1.5,0.9588976160390849,0.9588976160390849,0,0,1,0.5821766616125081,62.48,45.25,25.9,0.4145326504481434,0.7242317541613317,45.954,3.806,9.57183634633682,0
20250826 plate1 E02,hnry,diploid,corrected_fc,0.8050578074398849,0.8050578074398849,0,4,0,2.334029692250458,0.8875502434851632,1.4464794487652948,0.5589292052801316,1.6297437349409898,0.5686559561599498,0.5686559561599498,0.5,0.06913261849047703,1.5,1.5,0.8050578074398849,0.8050578074398849,0,0,1,0.5822571058723841,65.24,50.69,23.85,0.365573,0.776977,54.518,3.794,8.61,0
20250826 plate1 E03,hnry,triploid,corrected_fc,1.2110744965307163,1.2110744965307163,0,4,0,3.6016971406115794,1.368781493753638,2.232915646857941,0.8641341531043032,1.6313163620692812,0.8757615822551164,0.8757615822551164,0.5,0.07671600943665502,3.5,1.5,1.2110744965307163,1.2110744965307163,0,0,1,0.5799422405322252,NA,NA,NA,NA,NA,NA,NA,NA,NA
20250826 plate1 E04,hnry,diploid,corrected_fc,1.0217407765059905,1.0217407765059905,0,4,0,2.8389575498499893,0.980643505678658,1.8583140441713313,0.8776705384926732,1.8949944943399977,0.5818756449211857,0.5818756449211857,0.5,0.07306498134512684,3.5,1.5,1.0217407765059905,1.0217407765059905,0,0,1,0.6128416651136895,56.72,45.99,25.17,0.4437588152327222,0.8108251057827928,42.215,3.219,7.057704965991368,0
20250826 plate1 E05,hnry,triploid,corrected_fc,0.9370013616846902,1.063714756543981,0,3,0,3.291156254993617,1.3165539796561585,1.9746022753374584,0.6580482956813001,1.4998262933762587,0.874167141705026,0.874167141705026,0.5,-0.1267133948592909,3.5,1.5,1.063714756543981,0.9370013616846902,0.1267133948592909,0.11912347185159287,0.8808765281484071,0.5679228278623654,47.18,NA,NA,NA,NA,NA,NA,NA,1
20250826 plate1 E06,hnry,diploid,corrected_fc,0.8256476627396675,0.8514532023138932,0,3,0,2.683027464030633,1.07479047673023,1.608236987300403,0.5334465105701729,1.4963260487691004,0.730830523113554,0.730830523113554,0.5,-0.04291061588020173,1.5,1.5,0.8514532023138932,0.8256476627396675,0.02580553957422571,0.03030764286762568,0.9696923571323744,0.5693845226044734,59.28,51.72,29.09,0.4907219973009447,0.8724696356275303,49.741,3.441,9.27795330199584,0
20250826 plate1 E07,hnry,triploid,corrected_fc,1.1463927729777414,1.1463927729777414,0,4,0,3.4537094699499273,1.237652071299944,2.2160573986499834,0.9784053273500396,1.7905334221453617,0.7360111844130368,0.7360111844130368,0.5,0.00517264770353587,3.5,1.5,1.1463927729777414,1.1463927729777414,0,0,1,0.5960209605521248,88.66,NA,NA,NA,NA,NA,NA,NA,1
20250826 plate1 E08,hnry,diploid,corrected_fc,0.7579737183255203,0.7579737183255203,0,4,0,2.010312889532345,0.6693651578421268,1.340947731690218,0.6715825738480913,2.0033127150106123,0.4379759733190402,0.4379759733190402,0.5,0.02480239572713305,1.5,1.5,0.7579737183255203,0.7579737183255203,0,0,1,0.6386012267716943,49.49,NA,NA,NA,NA,NA,NA,NA,1
20250826 plate1 F02,hnry,diploid,corrected_fc,1.2989000907834003,1.2989000907834003,0,4,0,3.431354779552322,1.0662991174468996,2.365055662105423,1.2987565446585232,2.2180039572462644,0.5597884326712509,0.5597884326712509,0.5,0.08980515884532636,3.5,2.5,1.2989000907834003,1.2989000907834003,0,0,1,0.6592570743867842,64.89,54.28,26.87,0.414085,0.836493,56.371,3.256,5.87,0
20250826 plate1 F03,hnry,triploid,corrected_fc,0.9541680679890658,0.9541680679890658,0,4,0,2.54230678571742,0.9146465880780232,1.6276601976393965,0.7130136095613733,1.779550942249347,0.5694851168112273,0.5694851168112273,0.5,0.11509174984447557,2.5,1.5,0.9541680679890658,0.9541680679890658,0,0,1,0.6065463342057231,71.07,58.73,29.63,0.41691290277191506,0.8263683692134516,72.084,4.183,7.722435415595205,0
20250826 plate1 F04,hnry,diploid,corrected_fc,1.005531851840591,1.005531851840591,0,4,0,2.649819772207863,0.8200441877002465,1.829775584507617,1.0097313968073702,2.231313399877984,0.4183891750130127,0.4183891750130127,0.5,0.08017720594050348,3.5,2.5,1.005531851840591,1.005531851840591,0,0,1,0.6634583451071617,55.2,43.79,22.69,0.41105072463768116,0.7932971014492753,39.486,3.302,7.777115613825986,0
20250826 plate1 F05,hnry,triploid,corrected_fc,0.6175925985200754,0.7240147430320639,0,3,0,1.8884072516149963,0.6375895881809837,1.250817663434013,0.613228075253029,1.9617912315703632,0.4195829670390724,0.4195829670390724,0.5,-0.1064221445119885,3.5,1.5,0.7240147430320639,0.6175925985200754,0.1064221445119885,0.14698891912933804,0.8530110808706619,0.6296466685033676,64.5,50,27.63,0.4283720930232558,0.7751937984496124,62.07,3.217,7.291131812513754,0
20250826 plate1 F06,hnry,diploid,corrected_fc,1.1620864294897637,1.1677298166261134,0,3,0,3.8891149917498025,1.6277530112333802,2.2613619805164227,0.6336089692830424,1.3892537534321283,1.115164062087953,1.115164062087953,0.5,-0.08998616379709867,1.5,1.5,1.1677298166261134,1.1620864294897637,0.0056433871363497,0.00483278499529538,0.9951672150047046,0.5626531308329603,64.66,49.78,25.22,0.390040210330962,0.7698731828023508,48.49,3.446,7.648099027409374,0
20250826 plate1 F07,hnry,triploid,corrected_fc,0.8150186986700334,0.8233268783918051,0,3,0,2.5956945273909713,1.0187405089020205,1.576954018488951,0.5582135095869307,1.547944746193084,0.672622718139891,0.672622718139891,0.5,-0.00830817972177166,3.5,1.5,0.8233268783918051,0.8150186986700334,0.00830817972177166,0.01009098565808994,0.98990901434191,0.5706266711353034,56.07,43.23,24.3,0.4333868378812199,0.7710005350454788,56.236,3.501,6.573419135244375,0
20250826 plate1 F08,hnry,diploid,corrected_fc,0.9684584233920952,0.972293514265011,0,3,0,2.7652575396409116,0.9217594452212738,1.843498094419638,0.921738649198364,1.9999774387742728,0.5347840767626945,0.5347840767626945,0.5,-0.00383509087291578,3.5,1.5,0.972293514265011,0.9684584233920952,0.00383509087291578,0.00394437566089788,0.996055624339102,0.6233307635154431,62.95,50.58,25.8,0.40984908657664815,0.8034948371723589,47.534,3.5,8.837539992890154,0
20250826 plate2 A01,hnry,triploid,corrected_fc,0.63052218096669,0.63052218096669,0,4,0,1.7209899969803648,0.5791372489513833,1.1418527480289815,0.5627154990775984,1.9716444592304865,0.38271300002531405,0.38271300002531405,0.5,3.547723471224451e-4,3.5,1.5,0.63052218096669,0.63052218096669,0,0,1,0.633456085622234,80.93,56.44,28.07,0.34684295069813414,0.6973928086000246,84.337,2.772,1.9375869899641043,0
20250826 plate2 A02,hnry,diploid,corrected_fc,1.2964741276319671,1.2964741276319671,0,4,0,3.233595242978792,0.9047935872530192,2.3288016557257727,1.4240080684727536,2.5738485424019037,0.4295274461828308,0.5210048359575457,1.5,0.09117567679236592,3.5,2.5,1.2964741276319671,1.2964741276319671,0,0,1,0.7078046891991016,54.83,41.99,25.59,0.4667153018420573,0.765821630494255,42.785,3.176,8.145038849691888,0
20250826 plate2 A03,hnry,triploid,corrected_fc,0.6335265679644899,0.649466105787387,0,3,0,1.8990156775505755,0.6979328690647614,1.2010828084858145,0.5031499394210529,1.7209145201819769,0.4630794503485791,0.4630794503485791,0.5,-0.01593953782289703,3.5,1.5,0.649466105787387,0.6335265679644899,0.01593953782289703,0.02454252451492071,0.9754574754850792,0.5930608520001782,47.42,NA,NA,NA,NA,NA,NA,NA,1
20250826 plate2 A04,hnry,diploid,corrected_fc,0.4889690075540629,0.4889690075540629,0,4,0,1.4903421144193725,0.5844111430039491,0.9059309714154232,0.3215198284114742,1.5501603319177326,0.3955246042155246,0.3955246042155246,0.5,-0.0177515266386754,1.5,1.5,0.4889690075540629,0.4889690075540629,0,0,1,0.5757615993861834,59.85,46,34.04,0.568755,0.768588,47.02,3.276,7.26,0
20250826 plate2 A05,hnry,triploid,corrected_fc,1.143405227001578,1.143405227001578,0,4,0,3.300530153613702,1.213087207845425,2.0874429457682773,0.8743557379228526,1.7207690694190103,0.8393191079860326,0.8393191079860326,0.5,-0.09178290826724866,1.5,1.5,1.143405227001578,1.143405227001578,0,0,1,0.6042368825547417,60.6,48.81,25.44,0.4198019801980198,0.8054455445544555,50.818,3.301,9.990592662276583,0
20250826 plate2 A06,hnry,diploid,corrected_fc,0.74209837299175,0.7581867646211343,0,2,0,2.5001688455693105,1.0321425759257663,1.468026269643544,0.43588369371777747,1.4223095761036864,0.6530491936151993,0.6530491936151993,0.5,-0.04030306378403248,2.5,1.5,0.7581867646211343,0.74209837299175,0.01608839162938435,0.02121956275169709,0.9787804372483028,0.5633496459291389,64.19,54.2,25.05,0.39024770213428883,0.8443682816638106,50.776,4.026,9.742738589211616,0
20250826 plate2 A07,hnry,triploid,corrected_fc,0.8445772171702581,0.8445772171702581,0,4,0,2.363024380179271,0.82414635638757,1.538878023791701,0.7147316674041311,1.8672387639217023,0.5354416942611535,0.5354416942611535,0.5,0.01669246409010272,3.5,1.5,0.8445772171702581,0.8445772171702581,0,0,1,0.6135102607662594,69.37,51.27,28.54,0.41141703906587856,0.7390802940752487,67.634,4.302,10.3654883163571,0
20250826 plate2 B01,hnry,triploid,corrected_fc,0.5119599580438813,0.5397384866141515,0,2,0,1.6673547124909778,0.6638961609890791,1.0034585515018986,0.33956239051281945,1.5114691279535883,0.3940269176820034,0.3940269176820034,0.5,-0.06212915744126923,2.5,1.5,0.5397384866141515,0.5119599580438813,0.02777852857027019,0.05146664404928478,0.9485333559507152,0.576843359435394,69.82,56.32,28.35,0.40604411343454605,0.8066456602692639,75.054,4.534,9.858411749186526,0
20250826 plate2 B02,hnry,diploid,corrected_fc,0.7205592026315719,0.7205592026315719,0,4,0,2.0097714297258187,0.7000849071834574,1.3096865225423615,0.6096016153589041,1.870753831576543,0.4331438287948038,0.4331438287948038,0.5,0.03809335979365014,3.5,1.5,0.7205592026315719,0.7205592026315719,0,0,1,0.6097796044341135,57.19,50.33,23.73,0.4149326805385557,0.8800489596083232,42.931,3.367,7.800269905533066,0
20250826 plate2 B03,hnry,triploid,corrected_fc,0.770408199453835,0.770408199453835,0,4,0,2.003550233028456,0.658806771556016,1.34474346147244,0.6859366899164241,2.0411803878341,0.4043444828645576,0.4043444828645576,0.5,0.06533112639977079,3.5,1.5,0.770408199453835,0.770408199453835,0,0,1,0.6382636659202814,79.68,63.9,29.12,0.365462,0.801958,98.155,5.577,11.61,0
20250826 plate2 B04,hnry,diploid,corrected_fc,1.168086539489405,1.36169500405905,0,3,0,3.784013500156559,1.248372836000286,2.535640664156273,1.287267828155987,2.031156551179308,0.6584704456477656,0.6584704456477656,0.5,-0.19360846456964495,3.5,3.5,1.36169500405905,1.168086539489405,0.19360846456964495,0.14218195997820457,0.8578180400217954,0.6342820342741557,69.17,58.05,26.7,0.386005,0.839237,60.849,3.616,7.8,0
20250826 plate2 B05,hnry,triploid,corrected_fc,0.6522823812862082,0.6522823812862082,0,4,0,2.044985753659617,0.8467627600424888,1.198222993617128,0.3514602335746392,1.4150634040129535,0.6056225949094736,0.6056225949094736,0.5,-0.123342264643443,1.5,1.5,0.6522823812862082,0.6522823812862082,0,0,1,0.5760309328274485,64.09,51.29,24.23,0.3780621001716336,0.8002808550475893,58.577,4.079,10.475009860821546,0
20250826 plate2 B06,hnry,diploid,corrected_fc,0.8711545640915431,0.8711545640915431,0,4,0,2.2900844387068395,0.6826626790797379,1.6074217596271017,0.9247590805473638,2.35463547208115,0.3502016143263219,0.3502016143263219,0.5,0.03177115126362906,3.5,3.5,0.8711545640915431,0.8711545640915431,0,0,1,0.6754983688080674,NA,NA,NA,NA,NA,NA,NA,NA,1
20250826 plate2 B07,hnry,triploid,corrected_fc,0.6713824014075015,0.6713824014075015,0,4,0,1.9613553846859275,0.7016736553785121,1.2596817293074158,0.5580080739289037,1.7952529921162437,0.43805518792832665,0.43805518792832665,0.5,0.01101034025402203,3.5,1.5,0.6713824014075015,0.6713824014075015,0,0,1,0.5975372283914602,50.9,NA,NA,NA,NA,NA,NA,NA,1
20250826 plate2 C01,hnry,triploid,corrected_fc,1.0605961753741615,1.0605961753741615,0,4,0,2.8431303490997353,0.8589217171300655,1.9842086319696697,1.125286914839604,2.310115802636299,0.4429095414282471,0.4429095414282471,0.5,0.02269780679339117,3.5,2.5,1.0605961753741615,1.0605961753741615,0,0,1,0.6688383831425634,63.13,NA,NA,NA,NA,NA,NA,NA,1
20250826 plate2 C02,hnry,diploid,corrected_fc,1.1433349991908512,1.1433349991908512,0,4,0,2.8993285503837183,0.8620772287006196,2.0372513216830987,1.1751740929824792,2.3631888812952178,0.512497820685599,0.512497820685599,0.5,0.02733058511819885,3.5,3.5,1.1433349991908512,1.1433349991908512,0,0,1,0.6812384503462741,NA,NA,NA,NA,NA,NA,NA,NA,NA
20250826 plate2 C03,hnry,triploid,corrected_fc,1.24761890236109,1.24761890236109,0,4,0,2.7837760725344336,0.7303076017057839,2.0534684708286495,1.3231608691228656,2.8117856996590898,0.4834092143068133,0.6889638574511928,2.5,0.0103875604911281,1.5,2.5,1.24761890236109,1.24761890236109,0,0,1,0.7731883188364835,72.14,60.1,32.01,0.443721,0.833102,79.49,4.588,11.24,0
20250826 plate2 C04,hnry,diploid,corrected_fc,1.0277724453567036,1.064133460095544,0,3,0,2.6886473375782796,0.8199267828816317,1.868720554696648,1.0487937718150162,2.2791310074407276,0.5292259109588798,0.5292259109588798,0.5,-0.03636101473884046,3.5,3.5,1.064133460095544,1.0277724453567036,0.03636101473884046,0.03416960005709787,0.965830399942902,0.6785483633148519,NA,NA,NA,NA,NA,NA,NA,NA,NA
20250826 plate2 C05,hnry,triploid,corrected_fc,1.1654180950770627,1.1654180950770627,0,4,0,2.992590930503516,0.876155980126642,2.116434950376874,1.240278970250232,2.4155915138203574,0.49197585014860784,0.49197585014860784,0.5,0.01587232221675449,3.5,3.5,1.1654180950770627,1.1654180950770627,0,0,1,0.6835134831898312,67.59,NA,NA,NA,NA,NA,NA,NA,1
20250826 plate2 C06,hnry,diploid,corrected_fc,0.9862669829527044,0.9862669829527044,0,4,0,2.3991647752068017,0.6479188997170786,1.7512458754897229,1.1033269757726445,2.7028782093784036,0.33326016532269587,0.33326016532269587,0.5,0.0428133333337164,3.5,3.5,0.9862669829527044,0.9862669829527044,0,0,1,0.7215514505165905,69.08,65.79,27.45,0.39736537348002315,0.9523740590619573,69.63,3.711,6.60904255319149,0
20250826 plate2 C07,hnry,triploid,corrected_fc,1.3278215788084509,1.4084822490605784,0,3,0,3.746148005168944,1.1665120085057796,2.579635996663165,1.4131239881573854,2.2114097221918003,0.6592690503074187,0.6592690503074187,0.5,-0.08066067025212753,3.5,3.5,1.4084822490605784,1.3278215788084509,0.08066067025212753,0.05726779326180797,0.942732206738192,0.6515553529034493,NA,NA,NA,NA,NA,NA,NA,NA,1
20250826 plate2 D01,hnry,triploid,corrected_fc,1.3636449082517832,1.439052143776539,0,3,0,3.921981441907052,1.29757824840997,2.624403193497082,1.326824945087112,2.0225394473997853,0.7940496528153185,0.7940496528153185,0.5,-0.0754072355247557,3.5,1.5,1.439052143776539,1.3636449082517832,0.0754072355247557,0.05240062762900494,0.947599372370995,0.627680576926484,73.64,55.89,31.56,0.42857142857142855,0.7589625203693645,84.327,4.809,8.544314298038955,0
20250826 plate2 D02,hnry,diploid,corrected_fc,1.1971084447438036,1.2021134999601242,0,3,0,2.7807351945360868,0.7524207401724108,2.028314454363676,1.2758937141912652,2.6957184272976114,0.5247740081407608,0.7468200358968242,2.5,-0.06948054407746079,1.5,2.5,1.2021134999601242,1.1971084447438036,0.00500505521632055,0.00416354630114924,0.9958364536988508,0.7677211742724485,58.55,52.32,28.96,0.49461998292058074,0.8935952177625961,67.064,3.957,6.249762835350815,0
20250826 plate2 D03,hnry,triploid,corrected_fc,0.532551816265133,0.532551816265133,0,4,0,1.608279482660267,0.639972034795125,0.9683074478651424,0.32833541307001746,1.5130465008133174,0.4236388536218377,0.4236388536218377,0.5,0.00902750872473689,1.5,1.5,0.532551816265133,0.532551816265133,0,0,1,0.571127250644142,64.39,49.45,32.9,0.510949,0.767976,67.149,4.53,10.63,0
20250826 plate2 D04,hnry,diploid,corrected_fc,1.3351895837700298,1.4634728402290165,0,3,0,3.643827132359866,1.003679950896951,2.6401471814629147,1.6364672305659638,2.63046719136266,0.4946004015480676,0.5235586971496993,1.5,-0.12828325645898664,3.5,3.5,1.4634728402290165,1.3351895837700298,0.12828325645898664,0.0876567387741284,0.9123432612258716,0.7073494755782646,57.53,48.57,26.17,0.4548930992525639,0.8442551712150183,49.25,3.432,7.331341005913399,0
20250826 plate2 D05,hnry,triploid,corrected_fc,1.0088691075159535,1.0088691075159535,0,4,0,3.173438653598893,1.2674942985586135,1.9059443550402797,0.6384500564816662,1.5037103971258154,0.8462807601425397,0.8462807601425397,0.5,-0.00385368331039204,1.5,1.5,1.0088691075159535,1.0088691075159535,0,0,1,0.5684363120823818,77.04,57.56,30.47,0.3955088265835929,0.7471443406022845,82.357,4.624,10.177504620277649,0
20250826 plate2 D06,hnry,diploid,corrected_fc,1.0377771813772174,1.0377771813772174,0,4,0,2.6077592496066915,0.7804032287439499,1.8273560208627415,1.0469527921187916,2.3415536399097814,0.4709408502649879,0.4709408502649879,0.5,0.03877212968204657,3.5,3.5,1.0377771813772174,1.0377771813772174,0,0,1,0.6806569681125965,57.77,48.55,23.84,0.41267093647221736,0.8404015925220701,46.397,3.45,8.58203727056186,0
20250826 plate2 D07,hnry,triploid,corrected_fc,1.165079519511504,1.165079519511504,0,4,0,2.944151533595579,0.8848854283613754,2.0592661052342036,1.1743806768728282,2.3271556285513006,0.570514483738256,0.570514483738256,0.5,0.00272411865617216,3.5,3.5,1.165079519511504,1.165079519511504,0,0,1,0.687932343890507,60.98,NA,NA,NA,NA,NA,NA,NA,1
20250826 plate2 E01,hnry,triploid,corrected_fc,0.41410511317848175,0.41410511317848175,0,4,0,1.2958975739119194,0.5141867299490259,0.7817108439628936,0.26752411401386766,1.5202859164420457,0.3367563281764637,0.3367563281764637,0.5,0.01687722757739113,3.5,1.5,0.41410511317848175,0.41410511317848175,0,0,1,0.5685606220351095,68.54,NA,NA,NA,NA,NA,NA,NA,1
20250826 plate2 E02,hnry,diploid,corrected_fc,0.916319806963671,0.916319806963671,0,4,0,2.472196582296669,0.77588315734256,1.6963134249541088,0.9204302676115488,2.1863001006028666,0.4055490495713552,0.4055490495713552,0.5,0.04850039326260247,3.5,2.5,0.916319806963671,0.916319806963671,0,0,1,0.6544268358829634,66.84,53.36,25.02,0.374326750448833,0.798324356672651,54.575,3.83,9.275518126978437,0
20250826 plate2 E03,hnry,triploid,corrected_fc,0.7298076152720068,0.7298076152720068,0,4,0,2.055330426289836,0.7416049824005784,1.3137254438892572,0.5721204614886788,1.7714625374235249,0.5138028243457065,0.5138028243457065,0.5,-0.05819850823596256,1.5,1.5,0.7298076152720068,0.7298076152720068,0,0,1,0.6133283617368592,69.86,49.35,26.62,0.381048,0.706413,64.113,3.798,7.63,0
20250826 plate2 E04,hnry,diploid,corrected_fc,0.7986217747519282,0.8091558768574584,0,3,0,2.2097237331607436,0.7666301293261037,1.4430936038346398,0.6764634745085361,1.8823857146120415,0.5320032897248864,0.5320032897248864,0.5,-0.0627496105224516,1.5,1.5,0.8091558768574584,0.7986217747519282,0.01053410210553018,0.01301863139947988,0.98698136860052,0.6315055311852631,70.4,52.58,20,0.28409090909090906,0.746875,61.396,3.811,8.293777059099682,0
20250826 plate2 E05,hnry,triploid,corrected_fc,0.7129434031928384,0.7129434031928384,0,4,0,2.223173934480395,0.8905403682596091,1.3326335662207858,0.44209319796117663,1.4964325186349083,0.5964186865586972,0.5964186865586972,0.5,-0.00817532315687363,1.5,1.5,0.7129434031928384,0.7129434031928384,0,0,1,0.5686530726812874,63.44,NA,NA,NA,NA,NA,NA,NA,1
20250826 plate2 E06,hnry,diploid,corrected_fc,1.01778867470797,1.01778867470797,0,4,0,2.465212639621959,0.7176089587308467,1.7476036808911126,1.029994722160266,2.435314748553168,0.4605975089061856,0.46767499406314417,2.5,0.03609078099550367,3.5,3.5,1.01778867470797,1.01778867470797,0,0,1,0.7067603004148935,69.53,57.27,29,0.41708614986336834,0.8236732345750036,75.364,4.767,10.859050635620424,0
20250826 plate2 E07,hnry,triploid,corrected_fc,0.8956070223664525,0.8956070223664525,0,4,0,2.634678576301664,0.9455733774030108,1.6891051988986536,0.7435318214956428,1.7863290562787744,0.5838960766779165,0.5838960766779165,0.5,0.01598263537611943,3.5,1.5,0.8956070223664525,0.8956070223664525,0,0,1,0.5958143605676323,75.13,55.29,26.56,0.3535205643551178,0.7359243977106349,72.873,3.932,7.972067300932652,0
20250826 plate2 F01,hnry,triploid,corrected_fc,1.1002796185032668,1.1194434505262898,0,3,0,2.888497834789182,0.8524307061123259,2.036067128676856,1.18363642256453,2.3885426863172627,0.4859468372133928,0.4859468372133928,0.5,-0.01916383202302296,3.5,3.5,1.1194434505262898,1.1002796185032668,0.01916383202302296,0.01711907110092374,0.9828809288990764,0.6790297579923299,71.66,56,30.55,0.426318727323472,0.7814680435389338,78.372,4.852,11.158816710317291,0
20250826 plate2 F02,hnry,diploid,corrected_fc,0.6444416485083779,0.6444416485083779,0,4,0,1.8433350990617188,0.6551584500342843,1.1881766490274346,0.5330181989931503,1.8135714329339072,0.4233109281516553,0.4233109281516553,0.5,0.01033334561776133,3.5,1.5,0.6444416485083779,0.6444416485083779,0,0,1,0.6039345179827499,54.66,48,28.45,0.5204903036955727,0.8781558726673985,49.013,3.229,7.825817449248413,0
20250826 plate2 F03,hnry,triploid,corrected_fc,0.7484715393369024,0.7484715393369024,0,4,0,1.7581723097556703,0.5894055371300971,1.1687667726255735,0.5793612354954764,1.9829585896265447,0.3792105507920549,0.3792105507920549,0.5,0.04117942188402951,1.5,1.5,0.7484715393369024,0.7484715393369024,0,0,1,0.6556483223479864,89.66,59.4,30.57,0.340955,0.662503,101.6,5.471,10.44,0
20250826 plate2 F04,hnry,diploid,corrected_fc,0.7828949074851849,0.7828949074851849,0,4,0,1.9396802224760632,0.612009390274869,1.327670832201194,0.7156614419263251,2.1693634988262245,0.3821561344210806,0.3821561344210806,0.5,0.07652478488037173,3.5,1.5,0.7828949074851849,0.7828949074851849,0,0,1,0.6632042043465737,62.23,47.67,23.66,0.3802024746906637,0.766029246344207,47.7,3.776,11.510633632975223,0
20250826 plate2 F05,hnry,triploid,corrected_fc,0.9185145962820652,0.9185145962820652,0,4,0,2.4754662353553707,0.8070540208228137,1.668412214532557,0.8613581937097433,2.06728691201063,0.4846861468239067,0.4846861468239067,0.5,0.03172755388944792,3.5,1.5,0.9185145962820652,0.9185145962820652,0,0,1,0.6364235268942275,60.23,46.63,26.7,0.4433006807238918,0.7741989042005646,54.666,3.035,6.01515037875947,0
20250826 plate2 F06,hnry,diploid,corrected_fc,1.2091075032528535,1.2091075032528535,0,4,0,3.230202507003024,1.0627045815835232,2.1674979254195006,1.1047933438359774,2.0396053268065697,0.671226354737795,0.671226354737795,0.5,0.03764155630550792,3.5,1.5,1.2091075032528535,1.2091075032528535,0,0,1,0.6376840429746555,73.68,58.8,26.62,0.36129207383279044,0.7980456026058631,68.077,4.407,10.178612850846672,0
20250826 plate2 F07,hnry,triploid,corrected_fc,0.9914383171499322,0.9914383171499322,0,4,0,2.305205205536373,0.6222465922546295,1.6829586132817431,1.060712021027114,2.704648983586655,0.39873378645873936,0.5167010373191069,2.5,0.02771166823904503,3.5,3.5,0.9914383171499322,0.9914383171499322,0,0,1,0.7475731974006475,71.62,NA,NA,NA,NA,NA,NA,NA,1
20250826 plate3 A01,hnry,triploid,corrected_fc,1.0580145565758798,1.0580145565758798,0,4,0,2.982903953303556,1.0648256901617583,1.9180782631417976,0.8532525729800393,1.8013072757949906,0.6786299413127049,0.6786299413127049,0.5,0.05513932057107573,3.5,1.5,1.0580145565758798,1.0580145565758798,0,0,1,0.6021775540607348,64.96,52.33,30.47,0.469057881773399,0.8055726600985222,72.623,4.209,10.457307323313074,0
20250826 plate3 A02,hnry,diploid,corrected_fc,1.0204157841718575,1.0204157841718575,0,4,0,2.8171490009667943,0.906849273360636,1.9102997276061584,1.0034504542455225,2.1065239656937673,0.5079288315454823,0.5079288315454823,0.5,0.01924439046678161,3.5,1.5,1.0204157841718575,1.0204157841718575,0,0,1,0.6392518151232024,57.41,47.17,25.15,0.43807699007141615,0.8216338616965686,41.37,3.31,8.967346262224432,0
20250826 plate3 A03,hnry,triploid,corrected_fc,1.0567302022158234,1.0577379010553956,0,3,0,3.129254534627982,1.1275982926514885,2.0016562419764936,0.8740579493250054,1.775150117751335,0.712045052838302,0.712045052838302,0.5,-0.00100769883957219,3.5,1.5,1.0577379010553956,1.0567302022158234,0.00100769883957219,9.526923811340442e-4,0.999047307618866,0.5949231807521735,71.62,NA,NA,NA,NA,NA,NA,NA,1
20250826 plate3 A04,hnry,diploid,corrected_fc,0.629675141517802,0.629675141517802,0,4,0,1.8911700548409216,0.7076186476498593,1.1835514071910629,0.4759327595412034,1.672583687727662,0.45100893629412536,0.45100893629412536,0.5,0.01757101644137426,3.5,1.5,0.629675141517802,0.629675141517802,0,0,1,0.583024265976911,60.31,NA,NA,NA,NA,NA,NA,NA,1
20250826 plate3 A06,hnry,diploid,corrected_fc,1.0093807908614332,1.1884573084790615,0,3,0,3.1765738153249683,1.1057731311262395,2.070800684198729,0.9650275530724894,1.8727174914167073,0.728120150837289,0.728120150837289,0.5,-0.17907651761762833,3.5,1.5,1.1884573084790615,1.0093807908614332,0.17907651761762833,0.15067980678818244,0.8493201932118175,0.6155584742403409,57.82,53,27.84,0.48149429263230714,0.9166378415773089,54.023,3.492,7.375348313274438,0
20250826 plate3 A07,hnry,triploid,corrected_fc,0.8983900020444752,0.9150296558106302,0,3,0,2.7193361822870177,0.9458379503375683,1.7734982319494494,0.827660281611881,1.8750550570702835,0.5365643752209871,0.5365643752209871,0.5,-0.01663965376615506,3.5,1.5,0.9150296558106302,0.8983900020444752,0.01663965376615506,0.01818482456878831,0.9818151754312116,0.6082982264870149,73.58,48.62,27.01,0.367083446588747,0.6607773851590106,69.929,4.286,10.408081214192379,0
20250826 plate3 A08,hnry,diploid,corrected_fc,0.8921226978950667,0.898376062011288,0,3,0,2.4998038111431415,0.8545392125257756,1.645264598617366,0.7907253860915904,1.9253237001897552,0.5537120248672308,0.5537120248672308,0.5,-0.00625336411622123,3.5,1.5,0.898376062011288,0.8921226978950667,0.00625336411622123,0.00696074214424322,0.9930392578557568,0.6212671637378607,59.23,46.2,23.3,0.3933817322302887,0.7800101300016884,36.906,3.021,6.287090393050658,0
20250826 plate3 B01,hnry,triploid,corrected_fc,1.1710751239566648,1.1710751239566648,0,4,0,3.3428424606602327,1.1811976368156478,2.1616448238445845,0.9804471870289366,1.830044995409991,0.7297935072060409,0.7297935072060409,0.5,0.0463719917000196,3.5,1.5,1.1710751239566648,1.1710751239566648,0,0,1,0.6029319444407398,71.25,52.11,25.35,0.35578947368421054,0.7313684210526316,60.967,3.967,10.276796230859837,0
20250826 plate3 B02,hnry,diploid,corrected_fc,0.40470124278283576,0.40470124278283576,0,4,0,1.3124253597662716,0.5245162686288495,0.7879090911374221,0.26339282250857265,1.5021633040994402,0.3403910635818706,0.3403910635818706,0.5,0.00326797808381046,3.5,1.5,0.40470124278283576,0.40470124278283576,0,0,1,0.5657243751786855,39.85,NA,NA,NA,NA,NA,NA,NA,1
20250826 plate3 B03,hnry,triploid,corrected_fc,1.4631360871771908,1.4918166343410733,0,3,0,4.087429508203742,1.1835098443120762,2.903919663891666,1.7204098195795896,2.4536506205232205,0.5029748583500793,0.8580951135739145,1.5,-0.02868054716388246,3.5,2.5,1.4918166343410733,1.4631360871771908,0.02868054716388246,0.01922524960753671,0.9807747503924632,0.7012617038147624,64.97,55.83,27.13,0.41757734338925656,0.8593196860089272,66.028,4.291,9.770721412125862,0
20250826 plate3 B04,hnry,diploid,corrected_fc,1.3495821629521538,1.3495821629521538,0,4,0,3.4040843176532087,1.049700162316897,2.354384155336312,1.304683993019415,2.242911109149224,0.7120366219026681,0.7120366219026681,0.5,-0.03670954107421054,1.5,1.5,1.3495821629521538,1.3495821629521538,0,0,1,0.6873837927906192,56.77,46.78,26.49,0.46661969350008803,0.8240267747049498,44.464,3.35,9.156952187869573,0
20250826 plate3 B06,hnry,diploid,corrected_fc,0.7457121280131456,0.7457121280131456,0,4,0,2.248124368588596,0.8197501419090047,1.4283742266795911,0.6086240847705864,1.742450722061779,0.4972075034816644,0.4972075034816644,0.5,0.01273660376746754,3.5,1.5,0.7457121280131456,0.7457121280131456,0,0,1,0.5901360824430166,72.07,56.23,27.21,0.3775496045511309,0.7802136811433329,65.681,4.294,9.93367722918202,0
20250826 plate3 B07,hnry,triploid,corrected_fc,0.6270423050052865,0.6270423050052865,0,4,0,1.8221419913575605,0.6664496304976711,1.1556923608598892,0.4892427303622181,1.7341030859254527,0.44130207281172246,0.44130207281172246,0.5,0.0089930425601748,1.5,1.5,0.6270423050052865,0.6270423050052865,0,0,1,0.5959728279339271,55.03,44.36,23.37,0.4246774486643649,0.8061057604942758,34.682,3.214,9.101102597645296,0
20250826 plate3 B08,hnry,diploid,corrected_fc,1.5622093229294485,1.5693195492881744,0,3,0,4.797139988574871,1.6939759869847113,3.10316400159016,1.4091880146054487,1.8318819306959675,0.94123619614745,0.94123619614745,0.5,-0.00711022635872593,3.5,2.5,1.5693195492881744,1.5622093229294485,0.00711022635872593,0.00453077027043412,0.995469229729566,0.6066524701254672,60.78,48.73,24.69,0.4062191510365252,0.8017439947351102,52.343,3.929,11.168618904930531,0
20250826 plate3 C01,hnry,triploid,corrected_fc,0.8258928206831313,0.8663606073699938,0,3,0,2.2772968425808884,0.7315083004807064,1.5457885421001822,0.8142802416194759,2.1131524291445176,0.46502677609208354,0.46502677609208354,0.5,-0.04046778668686246,3.5,1.5,0.8663606073699938,0.8258928206831313,0.04046778668686246,0.04671009547595926,0.9532899045240408,0.6475031995986626,NA,NA,NA,NA,NA,NA,NA,NA,NA
20250826 plate3 C02,hnry,diploid,corrected_fc,0.5482019453417912,0.5482019453417912,0,4,0,1.5144421279611138,0.5496243182986749,0.9648178096624388,0.415193491363764,1.7554132478143754,0.36627341841167016,0.36627341841167016,0.5,4.283813623393584e-4,1.5,1.5,0.5482019453417912,0.5482019453417912,0,0,1,0.6041195415623487,56.27,43.82,24.43,0.43415674426870443,0.7787453349920028,39.153,3.669,11.27240996350944,0
20250826 plate3 C03,hnry,triploid,corrected_fc,0.7698577708274814,0.7748576024862902,0,3,0,2.2171916090184296,0.7058341542073621,1.5113574548110675,0.8055233006037055,2.141235934535206,0.3542631872963254,0.3542631872963254,0.5,-0.00499983165880879,3.5,2.5,0.7748576024862902,0.7698577708274814,0.00499983165880879,0.00645258127785777,0.9935474187221424,0.6507581364715177,80.95,64.69,27.8,0.34342186534898084,0.799135268684373,90.996,4.555,7.822210213455823,0
20250826 plate3 C04,hnry,diploid,corrected_fc,1.213013639618426,1.213013639618426,0,4,0,3.0748482630959826,0.9299439757172872,2.144904287378695,1.2149603116614085,2.306487641606884,0.5841052980053425,0.5841052980053425,0.5,0.02045484976088807,3.5,3.5,1.213013639618426,1.213013639618426,0,0,1,0.6800207324332643,64.86,55.37,26.24,0.40456367560900397,0.8536848596978106,55.465,3.438,5.608000747733433,0
20250826 plate3 C06,hnry,diploid,corrected_fc,1.8519834328052256,1.8519834328052256,0,4,0,4.856098508852389,1.4756529975469823,3.380445511305406,1.9047925137584232,2.290813298875014,0.8174335028292166,0.8174335028292166,0.5,0.0557491326201982,3.5,3.5,1.8519834328052256,1.8519834328052256,0,0,1,0.6657643744389254,77.48,57.2,28.9,0.3729994837377387,0.738255033557047,67.001,3.709,6.010995230010509,0
20250826 plate3 C07,hnry,triploid,corrected_fc,0.8259791157176686,0.8501551883857471,0,3,0,2.471298367342234,0.8495203807720509,1.621777986570183,0.772257605798132,1.9090512991534097,0.4908871404464495,0.4908871404464495,0.5,-0.02417607266807853,3.5,1.5,0.8501551883857471,0.8259791157176686,0.02417607266807853,0.02843724651493739,0.9715627534850626,0.6108224228443067,61.09,45.5,26.51,0.4339499099688984,0.7448027500409232,58.924,3.729,12.032439589539893,0
20250826 plate3 C08,hnry,diploid,corrected_fc,1.882248080830884,1.8832741078828428,0,3,0,5.179881566220912,1.5672941815854762,3.612587384635436,2.04529320304996,2.304983599812091,0.7791049452483249,0.797273527425978,1.5,-0.00102602705195886,3.5,2.5,1.8832741078828428,1.882248080830884,0.00102602705195886,5.448102576593672e-4,0.9994551897423406,0.6696515812512556,74.05,50.93,29.01,0.39176232275489536,0.687778528021607,61.696,3.577,6.120157215047725,0
20250826 plate3 D01,hnry,triploid,corrected_fc,1.036947544957229,1.036947544957229,0,4,0,2.6114736638065343,0.8521656765884869,1.7593079872180477,0.9071423106295606,2.0645140206317207,0.5590774290319579,0.5590774290319579,0.5,0.02709906608110013,1.5,1.5,1.036947544957229,1.036947544957229,0,0,1,0.6539584768566999,51.56,NA,NA,NA,NA,NA,NA,NA,1
20250826 plate3 D02,hnry,diploid,corrected_fc,0.8587762531517206,0.9846604703056112,0,3,0,2.382559073677964,0.6625218901462914,1.720037183531672,1.0575152933853809,2.596196758346914,0.3565333034960907,0.37268329700520986,2.5,-0.12588421715389064,3.5,3.5,0.9846604703056112,0.8587762531517206,0.12588421715389064,0.12784530399074484,0.8721546960092552,0.7041448765145254,70.19,60.08,27.59,0.3930759367431258,0.8559623878045306,65.953,3.38,7.29841082989994,0
20250826 plate3 D03,hnry,triploid,corrected_fc,0.752958780206515,0.752958780206515,0,4,0,2.151942163511633,0.7590571642203023,1.392884999291331,0.6338278350710287,1.8350198969824516,0.48702106965536063,0.48702106965536063,0.5,0.00858926558338324,3.5,1.5,0.752958780206515,0.752958780206515,0,0,1,0.6060165035434998,56.35,45.36,25.35,0.44986690328305234,0.8049689440993788,46.518,3.349,10.597698999158169,0
20250826 plate3 D04,hnry,diploid,corrected_fc,1.0208656563007148,1.0208656563007148,0,4,0,2.5434823438166796,0.7684246613102439,1.7750576825064357,1.0066330211961918,2.3099957248636165,0.5115811963820085,0.5115811963820085,0.5,0.0021057334744623,1.5,1.5,1.0208656563007148,1.0208656563007148,0,0,1,0.6937060940817492,60.04,58.15,26.91,0.448201199200533,0.9685209860093271,53.647,3.852,8.940987186117336,0
20250826 plate3 D06,hnry,diploid,corrected_fc,0.5150532290258147,0.5162336966318116,0,3,0,1.4579502514980998,0.5086409887835182,0.9493092627145816,0.44066827393106345,1.8663640635509529,0.33309203721365555,0.33309203721365555,0.5,-0.00118046760599688,3.5,1.5,0.5162336966318116,0.5150532290258147,0.00118046760599688,0.00228669227464013,0.9977133077253598,0.6138502806413281,70.74,52.61,25.03,0.35383093016680806,0.7437093582131751,51.609,3.372,6.36042402826855,0
20250826 plate3 D07,hnry,triploid,corrected_fc,0.730226138233445,0.730226138233445,0,4,0,2.0554324113752083,0.7377469315587275,1.3176854798164808,0.5799385482577533,1.7860941515980917,0.4927202971378871,0.4927202971378871,0.5,-0.0026670282962064,1.5,1.5,0.730226138233445,0.730226138233445,0,0,1,0.6066197935871338,50.42,33.66,18.07,0.3583895279650932,0.6675922253074176,23.502,2.503,6.213466118207403,0
20250826 plate3 D08,hnry,diploid,corrected_fc,0.8548808642355094,0.8548808642355094,0,4,0,2.4477279023153566,0.8047793958274266,1.64294850648793,0.8381691106605035,2.0414892764479236,0.4359596911075807,0.4359596911075807,0.5,0.00819249458517978,3.5,2.5,0.8548808642355094,0.8548808642355094,0,0,1,0.6321534342611717,66.7,56.75,22.88,0.3430284857571214,0.8508245877061469,48.134,3.275,6.755427297173214,0
20250826 plate3 E01,hnry,triploid,corrected_fc,0.7920735522215064,0.7920735522215064,0,4,0,2.0324939646302846,0.6327831174796963,1.3997108471505884,0.7669277296708921,2.2119914524987307,0.4117763076185237,0.4117763076185237,0.5,0.00940629104284396,3.5,1.5,0.7920735522215064,0.7920735522215064,0,0,1,0.6713676912116008,68.48,NA,NA,NA,NA,NA,NA,NA,1
20250826 plate3 E02,hnry,diploid,corrected_fc,0.7805777737977024,0.7805777737977024,0,4,0,2.1484429618324774,0.6890079010385729,1.4594350607939044,0.7704271597553315,2.1181688317275196,0.39460417133384224,0.39460417133384224,0.5,0.00583532960737998,3.5,1.5,0.7805777737977024,0.7805777737977024,0,0,1,0.6403880322635948,63.99,50.37,22.95,0.35864978902953587,0.7871542428504453,46.082,3.053,5.690185145471442,0
20250826 plate3 E03,hnry,triploid,corrected_fc,0.5555511046693553,0.5555511046693553,0,4,0,1.5922707197756936,0.5912332190938141,1.0010375006818797,0.40980428158806537,1.6931347366038978,0.39516733175644914,0.39516733175644914,0.5,-0.00303555708171904,1.5,1.5,0.5555511046693553,0.5555511046693553,0,0,1,0.5934878826788471,71.41,57.28,29.73,0.4163282453437894,0.8021285534238902,76.245,3.939,8.171486117105452,0
20250826 plate3 E04,hnry,diploid,corrected_fc,0.97677984510876,0.97677984510876,0,4,0,2.642695771273424,0.8722665077621399,1.770429263511284,0.8981627557491441,2.029688458466029,0.5395150685533557,0.5395150685533557,0.5,0.0274919433606402,3.5,1.5,0.97677984510876,0.97677984510876,0,0,1,0.6329798795674485,66.59,53.48,24.28,0.36461931220904037,0.8031235921309505,58.362,3.453,7.199175157690441,0
20250826 plate3 E06,hnry,diploid,corrected_fc,0.6281222985732385,0.6281222985732385,0,4,0,1.8354377218962707,0.6748917761557485,1.1605459457405225,0.4856541695847738,1.719603033765071,0.4391851761426302,0.4391851761426302,0.5,0.01734410213245385,3.5,1.5,0.6281222985732385,0.6281222985732385,0,0,1,0.5914859003886572,61.96,51.05,23.23,0.3749193027759845,0.8239186571981924,44.919,3.202,6.970858341167113,0
20250826 plate3 E08,hnry,diploid,corrected_fc,0.8397390731638614,0.8397390731638614,0,4,0,2.3901624475703653,0.865458291080933,1.524704156489432,0.6592458654084992,1.7617303712985632,0.6001731171231145,0.6001731171231145,0.5,-0.06960276920747777,1.5,1.5,0.8397390731638614,0.8397390731638614,0,0,1,0.6115219475411839,62.73,54.13,25.73,0.41017057229395826,0.8629045113980552,63.092,3.915,7.867533560971047,0
20250826 plate3 F01,hnry,triploid,corrected_fc,1.2206200469287694,1.2206200469287694,0,4,0,3.2191923252416403,0.9924249609961832,2.226767364245457,1.2343424032492738,2.2437639637864986,0.551680635762287,0.551680635762287,0.5,0.04490703138159313,3.5,3.5,1.2206200469287694,1.2206200469287694,0,0,1,0.6595066456137333,59.99,49.07,27.07,0.4512418736456076,0.8179696616102684,51.74,3.952,17.65505700240561,0
20250826 plate3 F02,hnry,diploid,corrected_fc,0.9000299945249414,0.9000299945249414,0,4,0,2.5587692738250403,0.8809141739154329,1.6778550999096074,0.7969409259941744,1.904674881608478,0.5412706090839022,0.5412706090839022,0.5,0.01183345670933544,3.5,1.5,0.9000299945249414,0.9000299945249414,0,0,1,0.6121629450601748,61.24,47.81,23.29,0.3803069888961463,0.780698889614631,42.856,3.268,6.952772350602975,0
20250826 plate3 F03,hnry,triploid,corrected_fc,0.6099477399861429,0.6099477399861429,0,4,0,1.559757046916214,0.4956311225851965,1.0641259243310173,0.5684948017458208,2.1470119123685567,0.32354751574929175,0.32354751574929175,0.5,0.02061969792251766,1.5,1.5,0.6099477399861429,0.6099477399861429,0,0,1,0.6627543327493514,68.79,NA,NA,NA,NA,NA,NA,NA,1
20250826 plate3 F04,hnry,diploid,corrected_fc,1.110320429041484,1.110320429041484,0,4,0,2.7910625991678604,0.786493446319937,2.0045691528479233,1.218075706527986,2.5487423477302396,0.4220289675325566,0.4220289675325566,0.5,0.02537596950168352,3.5,3.5,1.110320429041484,1.110320429041484,0,0,1,0.7008205736613575,69.19,48.35,28.92,0.41797947680300623,0.6988004046827576,63.69,4.025,9.542272482498655,0
20250826 plate3 F06,hnry,diploid,corrected_fc,0.5153160276021687,0.5153160276021687,0,4,0,1.5033732310229362,0.5637945838289913,0.9395786471939448,0.3757840633649535,1.6665265579758308,0.3748342863791366,0.3748342863791366,0.5,0.00308630852057278,1.5,1.5,0.5153160276021687,0.5153160276021687,0,0,1,0.5881403127242917,60.95,51.78,23.8,0.39048400328137817,0.8495488105004102,49.941,3.396,8.876319758672697,0
20250826 plate4 A01,hnry,triploid,corrected_fc,1.1190613524642368,1.1190613524642368,0,4,0,3.107975893818307,1.016418229830767,2.09155766398754,1.075139434156773,2.0577726792009456,0.5897891401207783,0.5897891401207783,0.5,0.01366345441880367,3.5,1.5,1.1190613524642368,1.1190613524642368,0,0,1,0.6321410041344825,82.13,NA,NA,NA,NA,NA,NA,NA,1
20250826 plate4 A03,hnry,triploid,corrected_fc,0.6120770006770956,0.6164215179873377,0,3,0,1.850872424807558,0.6721632693322722,1.178709155475286,0.5065458861430138,1.753605424834084,0.4159141321828718,0.4159141321828718,0.5,-0.0043445173102421,3.5,1.5,0.6164215179873377,0.6120770006770956,0.0043445173102421,0.0070479650425366,0.9929520349574634,0.5907819788429658,80.13,61.63,31.91,0.39822787969549484,0.7691251715961563,102.121,5.713,10.813677773617874,0
20250826 plate4 A04,hnry,diploid,corrected_fc,0.6558602773884199,0.6849594337689628,0,3,0,1.9229545253082008,0.6584495959011927,1.2645049294070083,0.6060553335058156,1.9204278311938712,0.4068342389573571,0.4068342389573571,0.5,-0.02909915638054294,3.5,1.5,0.6849594337689628,0.6558602773884199,0.02909915638054294,0.04248303614190107,0.9575169638580988,0.6131697606527201,63.06,59.58,27.05,0.4289565493181097,0.9448144624167459,58.046,4.078,11.778999872106409,0
20250826 plate4 A05,hnry,triploid,corrected_fc,1.1207116900062493,1.212138279397554,0,2,0,3.7955590502320664,1.442589476323747,2.3529695739083194,0.9103800975845724,1.631073574655874,0.83652033662497,0.83652033662497,0.5,-0.06583289920016844,3.5,1.5,1.212138279397554,1.1207116900062493,0.09142658939130466,0.07542587421357956,0.9245741257864204,0.5847717062598861,81.44,57.57,28.31,0.34761787819253437,0.7069007858546169,89.471,5.112,10.416211889689295,0
20250826 plate4 A06,hnry,diploid,corrected_fc,0.17978284966172217,0.17978284966172217,0,4,0,0.4288814302831464,0.1152138216369344,0.313667608646212,0.19845378700927763,2.7224824607819342,0.05643395094375097,0.06112579044261589,1.5,0.01478653653955469,3.5,3.5,0.17978284966172217,0.17978284966172217,0,0,1,0.7264759742555587,73.9,61,28.41,0.38443843031123137,0.8254397834912043,83.195,4.508,10.266903105533581,0
20250826 plate4 A07,hnry,triploid,corrected_fc,0.8474983067183811,0.854837411619261,0,3,0,2.6555344726117345,1.0271763022939266,1.6283581703178078,0.6011818680238812,1.5852762244235,0.6774046969545702,0.6774046969545702,0.5,-0.00733910490087985,3.5,1.5,0.854837411619261,0.8474983067183811,0.00733910490087985,0.00858538103401193,0.991414618965988,0.5745662515983938,69.8,55.77,26.17,0.37492836676217767,0.7989971346704872,63.31,3.81,9.090909090909092,0
20250826 plate4 A08,hnry,diploid,corrected_fc,1.0546843692354833,1.0546843692354833,0,4,0,2.8259046706743183,0.9013737077942184,1.9245309628800995,1.0231572550858812,2.1351088302649557,0.5389106288053067,0.5389106288053067,0.5,0.01995866996203688,3.5,1.5,1.0546843692354833,1.0546843692354833,0,0,1,0.6457074995513636,57.01,49.59,22.79,0.3997544290475355,0.8698473951938257,38.699,3.331,8.581795235841618,0
20250826 plate4 B01,hnry,triploid,corrected_fc,0.5518903523767226,0.5518903523767226,0,4,0,1.3363352306185845,0.3736346025424562,0.962700628076128,0.5890660255336719,2.5765831684894236,0.23633031483152572,0.2748425887549755,2.5,0.00243918819988619,3.5,3.5,0.5518903523767226,0.5518903523767226,0,0,1,0.7237357352648318,80.2,59.56,27.07,0.3375311720698254,0.742643391521197,84.311,4.309,9.303469241773959,0
20250826 plate4 B03,hnry,triploid,corrected_fc,0.4008442335554446,0.4236867193414165,0,3,0,1.3374000825656325,0.5460198255062415,0.7913802570593911,0.24536043155314957,1.4493617632393916,0.3787484045659893,0.3787484045659893,0.5,-0.04420556268548475,1.5,1.5,0.4236867193414165,0.4008442335554446,0.02284248578597192,0.05391362236106561,0.9460863776389344,0.5691638092856429,70.59,NA,NA,NA,NA,NA,NA,NA,1
20250826 plate4 B04,hnry,diploid,corrected_fc,0.92166430667261,0.9339426185085782,0,3,0,2.8215166041619764,1.018814435220767,1.802702168941209,0.7838877337204417,1.7694116873703116,0.6108870381244413,0.6108870381244413,0.5,-0.01227831183596817,3.5,1.5,0.9339426185085782,0.92166430667261,0.01227831183596817,0.0131467518374689,0.9868532481625312,0.5927931310418042,NA,NA,NA,NA,NA,NA,NA,NA,1
20250826 plate4 B05,hnry,triploid,corrected_fc,1.1376664924038726,1.1427094965372269,0,2,0,3.5778070207140087,1.3341758292301995,2.243631191483809,0.9094553622536096,1.681660799370314,0.7628210809615861,0.7628210809615861,0.5,-0.03926629952396743,2.5,2.5,1.1427094965372269,1.1376664924038726,0.00504300413335423,0.00441319876017145,0.9955868012398286,0.5909098514166153,70.85,NA,NA,NA,NA,NA,NA,NA,1
20250826 plate4 B06,hnry,diploid,corrected_fc,0.9658706717341384,0.9658706717341384,0,4,0,2.2649867691915455,0.7559280816741683,1.5090586875173773,0.753130605843209,1.9962992830948103,0.4455026138143051,0.4455026138143051,0.5,0.09484694807071836,2.5,1.5,0.9658706717341384,0.9658706717341384,0,0,1,0.6553201618814374,55.37,47.86,21.96,0.3966046595629403,0.864366985732346,43.35,3.675,10.630064977732347,0
20250826 plate4 B07,hnry,triploid,corrected_fc,0.797951819415167,0.797951819415167,0,4,0,2.512609689539887,0.9815136470561796,1.531096042483707,0.5495823954275275,1.5599335241806074,0.6238872193510365,0.6238872193510365,0.5,0.02345811434418654,3.5,1.5,0.797951819415167,0.797951819415167,0,0,1,0.5707999581651536,65.87,47,28.06,0.4259905875208744,0.7135266433884925,62.318,3.198,6.893880712625871,0
20250826 plate4 B08,hnry,diploid,corrected_fc,1.6801752408288702,1.6801752408288702,0,4,0,4.4918975483702,1.3777021409274046,3.1141954074427947,1.73649326651539,2.260427210591735,0.7541845461664423,0.7541845461664423,0.5,0.02958504856147303,3.5,3.5,1.6801752408288702,1.6801752408288702,0,0,1,0.6606413611945898,63.69,53.29,24.61,0.38640288899356257,0.8367090595069869,60.421,3.922,8.999306925414514,0
20250826 plate4 C01,hnry,triploid,corrected_fc,0.613168368166766,0.613168368166766,0,4,0,1.8406826919124295,0.7081151277970188,1.132567564115411,0.42445243631839213,1.5994116205918163,0.48611136463402327,0.48611136463402327,0.5,-0.04210383830803238,1.5,1.5,0.613168368166766,0.613168368166766,0,0,1,0.5845320489979816,54.83,NA,NA,NA,NA,NA,NA,NA,1
20250826 plate4 C03,hnry,triploid,corrected_fc,1.10270033700305,1.214895633934165,0,3,0,2.9409081348276054,0.841169459660339,2.0997386751672664,1.2585692155069277,2.4962136357341516,0.5076765869287626,0.5479098884710121,2.5,-0.11219529693111507,3.5,3.5,1.214895633934165,1.10270033700305,0.11219529693111507,0.09234974083147864,0.9076502591685214,0.6997053669997891,71.76,56.77,25.49,0.3552118171683389,0.7911092530657748,91.782,3.817,7.300613496932516,0
20250826 plate4 C04,hnry,diploid,corrected_fc,1.152810116021413,1.1953353414816932,0,3,0,3.1488885037193883,0.9916606686566952,2.157227835062693,1.165567166405998,2.175368957594009,0.6061732330864018,0.6061732330864018,0.5,-0.04252522546028015,3.5,3.5,1.1953353414816932,1.152810116021413,0.04252522546028015,0.03557597937961698,0.964424020620383,0.652055742480715,63.14,NA,NA,NA,NA,NA,NA,NA,1
20250826 plate4 C05,hnry,triploid,corrected_fc,1.189154725320152,1.189154725320152,0,4,0,3.4706043497973713,1.267735378966441,2.2028689708309304,0.9351335918644894,1.7376409993597284,0.7990839687446843,0.7990839687446843,0.5,0.04951452737105444,3.5,1.5,1.189154725320152,1.189154725320152,0,0,1,0.5914036010952353,77.18,63.45,25.08,0.32495465146410984,0.8221041720653018,82.877,3.822,7.458273724368146,0
20250826 plate4 C06,hnry,diploid,corrected_fc,2.063634489480787,2.1268766827899945,0,3,0,5.653856062038759,1.7059998505124878,3.947856211526272,2.241856361013784,2.3141011473947803,0.916837566516604,0.916837566516604,0.5,-0.0632421933092071,3.5,3.5,2.1268766827899945,2.063634489480787,0.0632421933092071,0.0297347720349481,0.970265227965052,0.6662161143692482,63.48,50.57,21.12,0.332703213610586,0.7966288594833019,44.351,3.31,8.414162920905294,0
20250826 plate4 C07,hnry,triploid,corrected_fc,1.1112840726345077,1.1112840726345077,0,4,0,3.2976567027360737,1.1411781924747315,2.1564785102613424,1.015300317786611,1.8896948123279984,0.6324758083163455,0.6324758083163455,0.5,0.01914998284880575,3.5,2.5,1.1112840726345077,1.1112840726345077,0,0,1,0.613193434281304,NA,NA,NA,NA,NA,NA,NA,NA,1
20250826 plate4 C08,hnry,diploid,corrected_fc,1.3333996176479026,1.3333996176479026,0,4,0,3.7178806144671706,1.181447987158284,2.536432627308886,1.354984640150602,2.1468847167870018,0.6050539542157946,0.6050539542157946,0.5,0.04006083210545719,3.5,2.5,1.3333996176479026,1.3333996176479026,0,0,1,0.650300526364253,NA,NA,NA,NA,NA,NA,NA,NA,NA
20250826 plate4 D01,hnry,triploid,corrected_fc,1.5501385557908611,1.5997277763668407,0,3,0,4.735529435713737,1.6930425928655453,3.0424868428481915,1.3494442499826462,1.7970527473255449,1.0253528042796247,1.0253528042796247,0.5,-0.04958922057597959,3.5,1.5,1.5997277763668407,1.5501385557908611,0.04958922057597959,0.03099853694395568,0.9690014630560444,0.5955557247606121,NA,NA,NA,NA,NA,NA,NA,NA,NA
20250826 plate4 D03,hnry,triploid,corrected_fc,0.26359830186485245,0.26359830186485245,0,4,0,0.5477083445823039,0.120662258753064,0.4270460858292399,0.30638382707617595,3.539185245182524,0.06704248365040498,0.1343876095888367,2.5,0.02197114207069775,3.5,3.5,0.26359830186485245,0.26359830186485245,0,0,1,0.8350638436916568,63.96,47.4,30.94,0.483739837398374,0.7410881801125703,59.237,3.619,8.32525448376151,0
20250826 plate4 D04,hnry,diploid,corrected_fc,1.1162807041102876,1.267968642494412,0,3,0,2.684607721961487,0.6542795360597944,2.030328185901692,1.3760486498418978,3.1031509836433906,0.450060344707658,0.8595302597901392,2.5,-0.15168793838412453,3.5,3.5,1.267968642494412,1.1162807041102876,0.15168793838412453,0.11963067011319486,0.8803693298868052,0.8159417070850384,49.64,43.5,19.19,0.3865834004834811,0.8763094278807413,25.842,2.509,3.669360180156308,0
20250826 plate4 D05,hnry,triploid,corrected_fc,1.654809395223482,1.654809395223482,0,4,0,4.600949017806018,1.583059489102926,3.017889528703092,1.4348300396001663,1.9063652057783649,0.8681826575204475,0.8681826575204475,0.5,0.04585433634391589,2.5,2.5,1.654809395223482,1.654809395223482,0,0,1,0.6213677616677886,NA,NA,NA,NA,NA,NA,NA,NA,1
20250826 plate4 D06,hnry,diploid,corrected_fc,1.1952240024660217,1.1952240024660217,0,4,0,3.62104733698101,1.4378870099632497,2.1831603270177604,0.7452733170545109,1.5183114611165165,0.9745040239161232,0.9745040239161232,0.5,-0.04773805182187085,1.5,1.5,1.1952240024660217,1.1952240024660217,0,0,1,0.5736197351170391,71.31,47.65,27.96,0.3920908708456037,0.6682092273173468,62.276,4.484,10.048032603949347,0
20250826 plate4 D07,hnry,triploid,corrected_fc,1.3201984899354264,1.3887993452711085,0,3,0,3.38841071194525,0.9730843839117238,2.415326328033526,1.4422419441218022,2.482134507517325,0.6066566461170199,0.6559438696817005,2.5,-0.06860085533568205,3.5,3.5,1.3887993452711085,1.3201984899354264,0.06860085533568205,0.04939580045833794,0.950604199541662,0.7037217574235556,58.19,NA,NA,NA,NA,NA,NA,NA,1
20250826 plate4 D08,hnry,diploid,corrected_fc,2.413699485874317,2.4741792211156395,0,3,0,6.586962749193205,1.9795736829124628,4.607389066280742,2.6278153833682794,2.3274653053086087,1.0532135806845184,1.0532135806845184,0.5,-0.06047973524132244,3.5,3.5,2.4741792211156395,2.413699485874317,0.06047973524132244,0.02444436309429975,0.9755556369057002,0.6682927649711298,65.17,62.79,27.29,0.41875095903022863,0.9634801288936626,66.191,3.716,8.161128561194687,0
20250826 plate4 E01,hnry,triploid,corrected_fc,1.3467783646744198,1.3467783646744198,0,4,0,2.9803545553110906,0.74257407193609,2.237780483375001,1.4952064114389108,3.0135451370400075,0.4713056681741742,0.7505860897520436,2.5,0.05365546739854476,3.5,3.5,1.3467783646744198,1.3467783646744198,0,0,1,0.7898291286109583,51.02,47.72,23.01,0.451,0.935319,39.557,3.812,17.57,0
20250826 plate4 E03,hnry,triploid,corrected_fc,0.47598666691028624,0.4979160417661701,0,3,0,1.3400643749143468,0.4647009792454607,0.875363395668886,0.41066241642342527,1.8837132581261649,0.3252469587978879,0.3252469587978879,0.5,-0.04633891790274225,1.5,1.5,0.4979160417661701,0.47598666691028624,0.02192937485588386,0.04404231439922611,0.955957685600774,0.6337017637054144,78.1,54.99,27.88,0.3569782330345711,0.7040973111395648,75.005,4.074,7.782134700736849,0
20250826 plate4 E04,hnry,diploid,corrected_fc,1.554611056026458,1.554611056026458,0,4,0,3.410670131003865,0.977984855349356,2.432685275654509,1.4547004203051532,2.4874467762443055,0.5933121124611385,0.5933121124611385,0.5,0.17603337331529667,1.5,1.5,1.554611056026458,1.554611056026458,0,0,1,0.723167752520687,53.18,42.57,25.24,0.4746145167356149,0.8004889056036104,36.194,3.14,7.323087038711268,0
20250826 plate4 E05,hnry,triploid,corrected_fc,1.3349610276881283,1.4185306595942873,0,3,0,3.348034946212162,0.946903253421174,2.4011316927909885,1.4542284393698144,2.5357729885452054,0.6317827340685372,0.7882896208890134,2.5,-0.08356963190615896,3.5,3.5,1.4185306595942873,1.3349610276881283,0.08356963190615896,0.0589128132979943,0.9410871867020056,0.7276074000730893,77.93,53.97,31.82,0.4083151546259463,0.6925445912998844,84.374,5.497,11.7515348501264,0
20250826 plate4 E06,hnry,diploid,corrected_fc,1.985040592631715,2.2285597783933757,0,3,0,5.450742204686437,1.5688679312964302,3.8818742733900065,2.3130063420935763,2.474315521372299,0.9080737326156574,0.9080737326156574,0.5,-0.24351918576166076,3.5,3.5,2.2285597783933757,1.985040592631715,0.24351918576166076,0.10927200074355636,0.8907279992564436,0.6913554942135481,45.61,NA,NA,NA,NA,NA,NA,NA,1
20250826 plate4 E07,hnry,triploid,corrected_fc,1.362851538563005,1.362851538563005,0,4,0,4.068872053323338,1.4232289902646873,2.64564306305865,1.2224140727939627,1.8589018922152665,0.8021535713114739,0.8021535713114739,0.5,0.01970966373907079,3.5,1.5,1.362851538563005,1.362851538563005,0,0,1,0.6080143949127269,74.42,59.14,29.76,0.39989250201558724,0.7946788497715668,85.211,5.274,10.607338675664279,0
20250826 plate4 E08,hnry,diploid,corrected_fc,1.896270396086688,2.124539037280594,0,3,0,5.483763717416549,1.682673242874213,3.801090474542335,2.1184172316681225,2.2589593616224652,0.954257003655816,0.954257003655816,0.5,-0.2282686411939061,3.5,3.5,2.124539037280594,1.896270396086688,0.2282686411939061,0.10744384414140468,0.8925561558585953,0.6583192585185645,57.38,44.86,26.66,0.46462181944928543,0.7818055071453468,50.669,3.087,5.22573980676916,0
20250826 plate4 F01,hnry,triploid,corrected_fc,0.8652312715395267,0.8652312715395267,0,4,0,2.512681028486442,0.8973684279513401,1.615312600535102,0.7179441725837619,1.800055083532193,0.571420688794761,0.571420688794761,0.5,0.00848204593076729,3.5,1.5,0.8652312715395267,0.8652312715395267,0,0,1,0.5997071292900595,69.11,NA,NA,NA,NA,NA,NA,NA,1
20250826 plate4 F03,hnry,triploid,corrected_fc,1.5919229990192476,1.6747171123227111,0,3,0,4.0468621950586625,1.0225257097341345,3.0243364853245285,2.0018107755903944,2.957711925024245,0.4688678362419405,0.638447910742447,1.5,-0.08279411330346353,3.5,3.5,1.6747171123227111,1.5919229990192476,0.08279411330346353,0.04943767081273452,0.9505623291872656,0.747067923670037,75.19,55.44,29.65,0.3943343529724697,0.7373320920335151,77.551,5.313,12.221414728682168,0
20250826 plate4 F04,hnry,diploid,corrected_fc,0.8774563321582245,0.8774563321582245,0,4,0,2.4768615548834547,0.8388324067159998,1.6380291481674547,0.7991967414514549,1.9527490057045875,0.4689062428114703,0.4689062428114703,0.5,0.04808151397441151,3.5,1.5,0.8774563321582245,0.8774563321582245,0,0,1,0.6212375487575285,60.19,46.29,23.56,0.3914271473666722,0.7690646286758598,41.269,2.985,6.009902680553183,0
20250826 plate4 F05,hnry,triploid,corrected_fc,0.9584352693859786,0.9584352693859786,0,4,0,2.315514865218092,0.6645661055475613,1.6509487596705306,0.9863826541229692,2.484250619899206,0.4301788183864952,0.468569263494343,2.5,0.02109143156950332,3.5,3.5,0.9584352693859786,0.9584352693859786,0,0,1,0.7155811763827454,NA,NA,NA,NA,NA,NA,NA,NA,NA
20250826 plate4 F06,hnry,diploid,corrected_fc,1.6202476634449048,1.6202476634449048,0,4,0,4.493681249553693,1.5164887374422795,2.9771925121114133,1.4607037746691338,1.963214390324301,0.8001018727256339,0.8001018727256339,0.5,0.017908086239024842,2.5,2.5,1.6202476634449048,1.6202476634449048,0,0,1,0.6318003437683176,60.37,47.63,26.06,0.4316713599469935,0.7889680304787147,45.991,2.996,4.921551213735938,0
20250826 plate4 F08,hnry,diploid,corrected_fc,1.182251648312226,1.2018749289499155,0,2,0,3.4857765525966142,1.1183736946581997,2.367402857938414,1.2490291632802142,2.116826307026066,0.5174362301832419,0.6844386987666736,1.5,-0.02653535964257236,2.5,2.5,1.2018749289499155,1.182251648312226,0.01962328063768947,0.01632722354466154,0.9836727764553383,0.6624829716053168,59.77,50.52,26.06,0.43600468462439346,0.8452400870001673,48.955,3.458,6.657488986784142,0
