stratum,phenotype,index_id,assoc,fw_perm_p,q_bh,scale,feature,adjustment,hours,kind
diploid,survived,fc_corr_mm|value_4h|resid,0.4741784037558685,0.348,0.18937788314942597,fc_corr_mm,value_4h,resid,4,value at t
diploid,survived,fc_corr_mm|auc_total|resid,0.46478873239436624,0.374,0.18937788314942597,fc_corr_mm,auc_total,resid,4,AUC to t
diploid,survived,fc_corr|value_4h|resid,0.4616588419405321,0.381,0.18937788314942597,fc_corr,value_4h,resid,4,value at t
diploid,survived,fc_corr_mm|value_3h|resid,0.45539906103286376,0.402,0.18937788314942597,fc_corr_mm,value_3h,resid,3,value at t
diploid,survived,fc_corr|auc_total|resid,0.4460093896713615,0.442,0.18937788314942597,fc_corr,auc_total,resid,4,AUC to t
diploid,survived,raw_delta_mm|value_4h|resid,0.4397496087636932,0.466,0.18937788314942597,raw_delta_mm,value_4h,resid,4,value at t
diploid,survived,fc_corr|value_3h|resid,0.43661971830985924,0.47,0.18937788314942597,fc_corr,value_3h,resid,3,value at t
diploid,survived,fc_corr_mm|auc_0_3h|resid,0.43661971830985924,0.47,0.18937788314942597,fc_corr_mm,auc_0_3h,resid,3,AUC to t
diploid,survived,raw_delta|value_4h|resid,0.42723004694835676,0.52,0.18937788314942597,raw_delta,value_4h,resid,4,value at t
diploid,survived,raw_rfu|value_4h|resid,0.4241001564945226,0.529,0.18937788314942597,raw_rfu,value_4h,resid,4,value at t
diploid,survived,raw_delta|value_4h|none,0.42097026604068866,0.537,0.18937788314942597,raw_delta,value_4h,none,4,value at t
diploid,survived,fc_corr|value_4h|none,0.42097026604068866,0.537,0.18937788314942597,fc_corr,value_4h,none,4,value at t
diploid,survived,raw_rfu|auc_0_2h|none,0.4178403755868545,0.553,0.18937788314942597,raw_rfu,auc_0_2h,none,2,AUC to t
diploid,survived,raw_delta|auc_0_2h|none,0.4178403755868545,0.553,0.18937788314942597,raw_delta,auc_0_2h,none,2,AUC to t
diploid,survived,raw_rfu|value_4h|none,0.41471048513302033,0.559,0.18937788314942597,raw_rfu,value_4h,none,4,value at t
diploid,survived,raw_delta|auc_total|none,0.41471048513302033,0.559,0.18937788314942597,raw_delta,auc_total,none,4,AUC to t
diploid,survived,raw_delta_mm|auc_total|resid,0.41471048513302033,0.559,0.18937788314942597,raw_delta_mm,auc_total,resid,4,AUC to t
diploid,survived,raw_rfu|auc_total|none,0.4115805946791862,0.575,0.18937788314942597,raw_rfu,auc_total,none,4,AUC to t
diploid,survived,raw_delta|auc_0_3h|none,0.408450704225352,0.583,0.18937788314942597,raw_delta,auc_0_3h,none,3,AUC to t
diploid,survived,fc_corr_mm|auc_0_2h|resid,0.4053208137715181,0.586,0.18937788314942597,fc_corr_mm,auc_0_2h,resid,2,AUC to t
diploid,survived,raw_delta_mm|value_3h|resid,0.4053208137715181,0.586,0.18937788314942597,raw_delta_mm,value_3h,resid,3,value at t
diploid,survived,raw_rfu|auc_0_3h|none,0.4021909233176839,0.6,0.18937788314942597,raw_rfu,auc_0_3h,none,3,AUC to t
diploid,survived,raw_delta|auc_total|resid,0.4021909233176839,0.6,0.18937788314942597,raw_delta,auc_total,resid,4,AUC to t
diploid,survived,fc_corr|auc_0_3h|resid,0.4021909233176839,0.6,0.18937788314942597,fc_corr,auc_0_3h,resid,3,AUC to t
diploid,survived,fc_corr_mm|value_2h|resid,0.4021909233176839,0.6,0.18937788314942597,fc_corr_mm,value_2h,resid,2,value at t
diploid,survived,raw_delta_mm|auc_0_3h|resid,0.4021909233176839,0.6,0.18937788314942597,raw_delta_mm,auc_0_3h,resid,3,AUC to t
diploid,survived,fc_corr|auc_total|none,0.39906103286384975,0.612,0.18937788314942597,fc_corr,auc_total,none,4,AUC to t
diploid,survived,raw_rfu|auc_total|resid,0.39906103286384975,0.612,0.18937788314942597,raw_rfu,auc_total,resid,4,AUC to t
diploid,survived,fc_corr|value_3h|none,0.3959311424100156,0.62,0.18937788314942597,fc_corr,value_3h,none,3,value at t
diploid,survived,fc_corr|auc_0_2h|none,0.39280125195618143,0.631,0.18937788314942597,fc_corr,auc_0_2h,none,2,AUC to t
diploid,survived,fc_corr_mm|value_4h|none,0.3896713615023475,0.641,0.18937788314942597,fc_corr_mm,value_4h,none,4,value at t
diploid,survived,raw_rfu|value_3h|resid,0.38341158059467917,0.685,0.18937788314942597,raw_rfu,value_3h,resid,3,value at t
diploid,survived,raw_delta|value_3h|resid,0.38341158059467917,0.685,0.18937788314942597,raw_delta,value_3h,resid,3,value at t
diploid,survived,raw_delta_mm|value_2h|resid,0.38341158059467917,0.685,0.18937788314942597,raw_delta_mm,value_2h,resid,2,value at t
diploid,survived,raw_delta_mm|auc_0_2h|resid,0.38341158059467917,0.685,0.18937788314942597,raw_delta_mm,auc_0_2h,resid,2,AUC to t
diploid,survived,raw_delta|value_2h|none,0.380281690140845,0.698,0.18937788314942597,raw_delta,value_2h,none,2,value at t
diploid,survived,raw_delta|value_3h|none,0.380281690140845,0.698,0.18937788314942597,raw_delta,value_3h,none,3,value at t
diploid,survived,fc_corr_mm|auc_total|none,0.37715179968701085,0.714,0.18937788314942597,fc_corr_mm,auc_total,none,4,AUC to t
diploid,survived,raw_rfu|value_2h|none,0.3740219092331769,0.719,0.18937788314942597,raw_rfu,value_2h,none,2,value at t
diploid,survived,raw_rfu|value_3h|none,0.3740219092331769,0.719,0.18937788314942597,raw_rfu,value_3h,none,3,value at t
diploid,survived,fc_corr|auc_0_3h|none,0.37089201877934275,0.729,0.18937788314942597,fc_corr,auc_0_3h,none,3,AUC to t
diploid,survived,raw_delta_mm|value_4h|none,0.3677621283255086,0.741,0.18937788314942597,raw_delta_mm,value_4h,none,4,value at t
diploid,survived,raw_delta|auc_0_3h|resid,0.3677621283255086,0.741,0.18937788314942597,raw_delta,auc_0_3h,resid,3,AUC to t
diploid,survived,fc_corr|value_2h|resid,0.3677621283255086,0.741,0.18937788314942597,fc_corr,value_2h,resid,2,value at t
diploid,survived,raw_delta|auc_0_1h|none,0.3646322378716744,0.751,0.18937788314942597,raw_delta,auc_0_1h,none,1,AUC to t
diploid,survived,fc_corr_mm|value_3h|none,0.3646322378716744,0.751,0.18937788314942597,fc_corr_mm,value_3h,none,3,value at t
diploid,survived,raw_rfu|auc_0_3h|resid,0.3646322378716744,0.751,0.18937788314942597,raw_rfu,auc_0_3h,resid,3,AUC to t
diploid,survived,raw_delta_mm|auc_total|none,0.3615023474178405,0.756,0.19404092864938433,raw_delta_mm,auc_total,none,4,AUC to t
diploid,survived,fc_corr|auc_0_2h|resid,0.35524256651017216,0.779,0.20193857982569674,fc_corr,auc_0_2h,resid,2,AUC to t
diploid,survived,raw_delta_mm|value_3h|none,0.352112676056338,0.793,0.20684487697743642,raw_delta_mm,value_3h,none,3,value at t
diploid,survived,raw_rfu|value_1h|none,0.34898278560250384,0.803,0.20842548191253787,raw_rfu,value_1h,none,1,value at t
diploid,survived,fc_corr_mm|auc_0_1h|resid,0.34898278560250384,0.803,0.20842548191253787,fc_corr_mm,auc_0_1h,resid,1,AUC to t
diploid,survived,raw_rfu|auc_0_1h|none,0.3458528951486699,0.808,0.20845761569500196,raw_rfu,auc_0_1h,none,1,AUC to t
diploid,survived,fc_corr|value_2h|none,0.3458528951486699,0.808,0.20845761569500196,fc_corr,value_2h,none,2,value at t
diploid,survived,raw_delta|value_2h|resid,0.3458528951486699,0.808,0.20845761569500196,raw_delta,value_2h,resid,2,value at t
diploid,survived,fc_corr|auc_0_1h|none,0.3395931142410016,0.837,0.21054431504111049,fc_corr,auc_0_1h,none,1,AUC to t
diploid,survived,raw_delta|auc_0_2h|resid,0.3395931142410016,0.837,0.21054431504111049,raw_delta,auc_0_2h,resid,2,AUC to t
diploid,survived,raw_delta_mm|auc_0_2h|none,0.3364632237871674,0.841,0.21406776041202324,raw_delta_mm,auc_0_2h,none,2,AUC to t
diploid,survived,raw_rfu|value_2h|resid,0.3364632237871674,0.841,0.21406776041202324,raw_rfu,value_2h,resid,2,value at t
diploid,survived,raw_delta_mm|auc_0_3h|none,0.33333333333333326,0.85,0.2160984616273199,raw_delta_mm,auc_0_3h,none,3,AUC to t
diploid,survived,raw_rfu|auc_0_2h|resid,0.3302034428794993,0.859,0.21820515309735639,raw_rfu,auc_0_2h,resid,2,AUC to t
diploid,survived,fc_corr_mm|auc_0_3h|none,0.32707355242566516,0.867,0.22190543357315515,fc_corr_mm,auc_0_3h,none,3,AUC to t
diploid,survived,raw_delta_mm|auc_0_1h|resid,0.3114241001564946,0.911,0.2493600938168926,raw_delta_mm,auc_0_1h,resid,1,AUC to t
diploid,survived,fc_corr_mm|value_2h|none,0.30516431924882625,0.928,0.2559403148978162,fc_corr_mm,value_2h,none,2,value at t
diploid,survived,fc_corr_mm|auc_0_2h|none,0.30516431924882625,0.928,0.2559403148978162,fc_corr_mm,auc_0_2h,none,2,AUC to t
diploid,survived,fc_corr|auc_0_1h|resid,0.29890453834115815,0.932,0.2644135556230769,fc_corr,auc_0_1h,resid,1,AUC to t
diploid,survived,raw_delta_mm|value_2h|none,0.29264475743348983,0.944,0.2782470722270375,raw_delta_mm,value_2h,none,2,value at t
diploid,survived,raw_delta_mm|auc_0_1h|none,0.28951486697965567,0.948,0.28271120119236065,raw_delta_mm,auc_0_1h,none,1,AUC to t
diploid,survived,fc_corr_mm|auc_0_1h|none,0.27073552425665093,0.976,0.31991944407160733,fc_corr_mm,auc_0_1h,none,1,AUC to t
diploid,survived,raw_rfu|value_1h|resid,0.23630672926447582,0.994,0.3749123069718241,raw_rfu,value_1h,resid,1,value at t
diploid,survived,raw_delta|auc_0_1h|resid,0.23630672926447582,0.994,0.3749123069718241,raw_delta,auc_0_1h,resid,1,AUC to t
diploid,survived,raw_rfu|auc_0_1h|resid,0.22691705790297334,0.997,0.3875842608467384,raw_rfu,auc_0_1h,resid,1,AUC to t
pooled_adj,survived,raw_rfu|auc_0_2h|none,0.16383345651638326,0.927,0.8728311975820928,raw_rfu,auc_0_2h,none,2,AUC to t
pooled_adj,survived,raw_delta|auc_0_2h|none,0.16038433111603845,0.939,0.8728311975820928,raw_delta,auc_0_2h,none,2,AUC to t
pooled_adj,survived,raw_rfu|auc_0_3h|none,0.1362404533136241,0.988,0.8728311975820928,raw_rfu,auc_0_3h,none,3,AUC to t
pooled_adj,survived,raw_rfu|value_1h|none,0.1352549889135255,0.989,0.8728311975820928,raw_rfu,value_1h,none,1,value at t
pooled_adj,survived,raw_rfu|auc_0_1h|none,0.1352549889135255,0.989,0.8728311975820928,raw_rfu,auc_0_1h,none,1,AUC to t
pooled_adj,survived,raw_delta|auc_0_1h|none,0.13426952451342689,0.989,0.8728311975820928,raw_delta,auc_0_1h,none,1,AUC to t
pooled_adj,survived,raw_delta|auc_0_3h|none,0.13426952451342689,0.989,0.8728311975820928,raw_delta,auc_0_3h,none,3,AUC to t
pooled_adj,survived,raw_delta_mm|auc_0_2h|none,0.13229859571322988,0.99,0.8728311975820928,raw_delta_mm,auc_0_2h,none,2,AUC to t
pooled_adj,survived,raw_delta|value_2h|none,0.1318058635131807,0.991,0.8728311975820928,raw_delta,value_2h,none,2,value at t
pooled_adj,survived,raw_rfu|value_2h|none,0.13082039911308208,0.992,0.8728311975820928,raw_rfu,value_2h,none,2,value at t
pooled_adj,survived,raw_delta_mm|auc_0_3h|none,0.11357477211135758,0.999,0.8728311975820928,raw_delta_mm,auc_0_3h,none,3,AUC to t
pooled_adj,survived,raw_delta|auc_total|none,0.11308203991130816,0.999,0.8728311975820928,raw_delta,auc_total,none,4,AUC to t
pooled_adj,survived,raw_delta_mm|auc_0_1h|none,0.11258930771125897,0.999,0.8728311975820928,raw_delta_mm,auc_0_1h,none,1,AUC to t
pooled_adj,survived,raw_rfu|auc_total|none,0.11111111111111116,0.999,0.8728311975820928,raw_rfu,auc_total,none,4,AUC to t
pooled_adj,survived,fc_corr|auc_0_2h|none,0.11111111111111116,0.999,0.8728311975820928,fc_corr,auc_0_2h,none,2,AUC to t
pooled_adj,survived,raw_delta_mm|value_2h|none,0.10716925351071693,0.999,0.8728311975820928,raw_delta_mm,value_2h,none,2,value at t
pooled_adj,survived,fc_corr|auc_0_1h|none,0.10372012811037212,0.999,0.8728311975820928,fc_corr,auc_0_1h,none,1,AUC to t
pooled_adj,survived,raw_delta_mm|value_2h|resid,0.10372012811037212,0.999,0.8728311975820928,raw_delta_mm,value_2h,resid,2,value at t
pooled_adj,survived,raw_delta_mm|auc_0_3h|resid,0.10076373491007629,0.999,0.8728311975820928,raw_delta_mm,auc_0_3h,resid,3,AUC to t
pooled_adj,survived,raw_delta_mm|auc_total|resid,0.10027100271002709,0.999,0.8728311975820928,raw_delta_mm,auc_total,resid,4,AUC to t
pooled_adj,survived,fc_corr|auc_0_3h|none,0.09830007390983009,1,0.8728311975820928,fc_corr,auc_0_3h,none,3,AUC to t
pooled_adj,survived,raw_delta_mm|auc_total|none,0.09583641290958367,1,0.8728311975820928,raw_delta_mm,auc_total,none,4,AUC to t
pooled_adj,survived,raw_delta_mm|value_4h|resid,0.09583641290958367,1,0.8728311975820928,raw_delta_mm,value_4h,resid,4,value at t
pooled_adj,survived,fc_corr|value_2h|none,0.09534368070953447,1,0.8728311975820928,fc_corr,value_2h,none,2,value at t
pooled_adj,survived,raw_rfu|value_4h|none,0.09288001970928805,1,0.8728311975820928,raw_rfu,value_4h,none,4,value at t
pooled_adj,survived,raw_delta|value_4h|none,0.09288001970928805,1,0.8728311975820928,raw_delta,value_4h,none,4,value at t
pooled_adj,survived,fc_corr_mm|auc_0_2h|none,0.09041635870904163,1,0.8728311975820928,fc_corr_mm,auc_0_2h,none,2,AUC to t
pooled_adj,survived,raw_delta|auc_0_3h|resid,0.08598176890859821,1,0.8728311975820928,raw_delta,auc_0_3h,resid,3,AUC to t
pooled_adj,survived,fc_corr|auc_total|none,0.0854890367085488,1,0.8728311975820928,fc_corr,auc_total,none,4,AUC to t
pooled_adj,survived,raw_rfu|auc_total|resid,0.0854890367085488,1,0.8728311975820928,raw_rfu,auc_total,resid,4,AUC to t
pooled_adj,survived,raw_rfu|value_2h|resid,0.0854890367085488,1,0.8728311975820928,raw_rfu,value_2h,resid,2,value at t
pooled_adj,survived,raw_rfu|auc_0_3h|resid,0.0854890367085488,1,0.8728311975820928,raw_rfu,auc_0_3h,resid,3,AUC to t
pooled_adj,survived,raw_delta_mm|auc_0_2h|resid,0.0854890367085488,1,0.8728311975820928,raw_delta_mm,auc_0_2h,resid,2,AUC to t
pooled_adj,survived,raw_delta|value_2h|resid,0.0845035723084504,1,0.8728311975820928,raw_delta,value_2h,resid,2,value at t
pooled_adj,survived,raw_delta|value_3h|none,0.08401084010840099,1,0.8728311975820928,raw_delta,value_3h,none,3,value at t
pooled_adj,survived,fc_corr_mm|auc_0_1h|none,0.08401084010840099,1,0.8728311975820928,fc_corr_mm,auc_0_1h,none,1,AUC to t
pooled_adj,survived,raw_rfu|auc_0_2h|resid,0.08401084010840099,1,0.8728311975820928,raw_rfu,auc_0_2h,resid,2,AUC to t
pooled_adj,survived,fc_corr_mm|value_4h|resid,0.08401084010840099,1,0.8728311975820928,fc_corr_mm,value_4h,resid,4,value at t
pooled_adj,survived,raw_delta|auc_total|resid,0.08351810790835179,1,0.8728311975820928,raw_delta,auc_total,resid,4,AUC to t
pooled_adj,survived,fc_corr_mm|auc_0_3h|none,0.0830253757083026,1,0.8728311975820928,fc_corr_mm,auc_0_3h,none,3,AUC to t
pooled_adj,survived,fc_corr_mm|auc_total|resid,0.0830253757083026,1,0.8728311975820928,fc_corr_mm,auc_total,resid,4,AUC to t
pooled_adj,survived,raw_rfu|value_3h|none,0.08253264350825318,1,0.8728311975820928,raw_rfu,value_3h,none,3,value at t
pooled_adj,survived,raw_delta_mm|value_3h|resid,0.08253264350825318,1,0.8728311975820928,raw_delta_mm,value_3h,resid,3,value at t
pooled_adj,survived,fc_corr_mm|value_2h|none,0.08056171470805618,1,0.8728311975820928,fc_corr_mm,value_2h,none,2,value at t
pooled_adj,survived,raw_delta|auc_0_2h|resid,0.08056171470805618,1,0.8728311975820928,raw_delta,auc_0_2h,resid,2,AUC to t
pooled_adj,survived,fc_corr_mm|auc_0_3h|resid,0.08006898250800698,1,0.8728311975820928,fc_corr_mm,auc_0_3h,resid,3,AUC to t
pooled_adj,survived,raw_delta|value_4h|resid,0.07317073170731714,1,0.8728311975820928,raw_delta,value_4h,resid,4,value at t
pooled_adj,survived,fc_corr_mm|value_2h|resid,0.07317073170731714,1,0.8728311975820928,fc_corr_mm,value_2h,resid,2,value at t
pooled_adj,survived,raw_delta_mm|value_4h|none,0.07218526730721853,1,0.8728311975820928,raw_delta_mm,value_4h,none,4,value at t
pooled_adj,survived,raw_rfu|value_4h|resid,0.07218526730721853,1,0.8728311975820928,raw_rfu,value_4h,resid,4,value at t
pooled_adj,survived,raw_delta_mm|value_3h|none,0.0677506775067751,1,0.8728311975820928,raw_delta_mm,value_3h,none,3,value at t
pooled_adj,survived,fc_corr|value_4h|resid,0.0677506775067751,1,0.8728311975820928,fc_corr,value_4h,resid,4,value at t
pooled_adj,survived,fc_corr|value_2h|resid,0.06725794530672569,1,0.8728311975820928,fc_corr,value_2h,resid,2,value at t
pooled_adj,survived,fc_corr_mm|value_3h|resid,0.06479428430647949,1,0.8728311975820928,fc_corr_mm,value_3h,resid,3,value at t
pooled_adj,survived,fc_corr_mm|auc_0_2h|resid,0.06430155210643007,1,0.8728311975820928,fc_corr_mm,auc_0_2h,resid,2,AUC to t
pooled_adj,survived,fc_corr|auc_total|resid,0.06331608770633168,1,0.8728311975820928,fc_corr,auc_total,resid,4,AUC to t
pooled_adj,survived,fc_corr|auc_0_3h|resid,0.06331608770633168,1,0.8728311975820928,fc_corr,auc_0_3h,resid,3,AUC to t
pooled_adj,survived,fc_corr|value_4h|none,0.06233062330623307,1,0.8728311975820928,fc_corr,value_4h,none,4,value at t
pooled_adj,survived,fc_corr_mm|auc_total|none,0.06233062330623307,1,0.8728311975820928,fc_corr_mm,auc_total,none,4,AUC to t
pooled_adj,survived,raw_rfu|value_3h|resid,0.06085242670608526,1,0.8728311975820928,raw_rfu,value_3h,resid,3,value at t
pooled_adj,survived,raw_delta|value_3h|resid,0.060359694506036066,1,0.8728311975820928,raw_delta,value_3h,resid,3,value at t
pooled_adj,survived,fc_corr|value_3h|none,0.05888149790588826,1,0.8728311975820928,fc_corr,value_3h,none,3,value at t
pooled_adj,survived,fc_corr|auc_0_2h|resid,0.05691056910569103,1,0.8728311975820928,fc_corr,auc_0_2h,resid,2,AUC to t
pooled_adj,survived,fc_corr|value_3h|resid,0.05001231830500119,1,0.8781685092542915,fc_corr,value_3h,resid,3,value at t
pooled_adj,survived,raw_delta_mm|auc_0_1h|resid,0.04902685390490258,1,0.8781685092542915,raw_delta_mm,auc_0_1h,resid,1,AUC to t
pooled_adj,survived,fc_corr_mm|value_4h|none,0.04754865730475477,1,0.8822362419902002,fc_corr_mm,value_4h,none,4,value at t
pooled_adj,survived,fc_corr_mm|auc_0_1h|resid,0.04409953190440996,1,0.8822362419902002,fc_corr_mm,auc_0_1h,resid,1,AUC to t
pooled_adj,survived,raw_delta|auc_0_1h|resid,0.043606799704360766,1,0.8822362419902002,raw_delta,auc_0_1h,resid,1,AUC to t
pooled_adj,survived,raw_rfu|auc_0_1h|resid,0.04163587090416354,1,0.8822362419902002,raw_rfu,auc_0_1h,resid,1,AUC to t
pooled_adj,survived,raw_rfu|value_1h|resid,0.041143138704114346,1,0.8822362419902002,raw_rfu,value_1h,resid,1,value at t
pooled_adj,survived,fc_corr_mm|value_3h|none,0.038679477703867926,1,0.8844983705573888,fc_corr_mm,value_3h,none,3,value at t
pooled_adj,survived,fc_corr|auc_0_1h|resid,0.03325942350332589,1,0.9054198726890663,fc_corr,auc_0_1h,resid,1,AUC to t
triploid,survived,fc_corr|value_3h|resid,-0.08974358974358976,1,1,fc_corr,value_3h,resid,3,value at t
triploid,survived,fc_corr|value_4h|none,-0.08814102564102566,1,1,fc_corr,value_4h,none,4,value at t
triploid,survived,fc_corr|value_3h|none,-0.08333333333333337,1,1,fc_corr,value_3h,none,3,value at t
triploid,survived,fc_corr_mm|auc_0_1h|resid,-0.07852564102564108,1,1,fc_corr_mm,auc_0_1h,resid,1,AUC to t
triploid,survived,fc_corr|value_4h|resid,-0.07692307692307687,1,1,fc_corr,value_4h,resid,4,value at t
triploid,survived,fc_corr_mm|auc_0_2h|resid,-0.07211538461538458,1,1,fc_corr_mm,auc_0_2h,resid,2,AUC to t
triploid,survived,fc_corr_mm|value_3h|resid,-0.07051282051282048,1,1,fc_corr_mm,value_3h,resid,3,value at t
triploid,survived,fc_corr|auc_total|resid,-0.06891025641025639,1,1,fc_corr,auc_total,resid,4,AUC to t
triploid,survived,fc_corr|auc_0_3h|resid,-0.06891025641025639,1,1,fc_corr,auc_0_3h,resid,3,AUC to t
triploid,survived,fc_corr|auc_0_1h|resid,-0.0641025641025641,1,1,fc_corr,auc_0_1h,resid,1,AUC to t
triploid,survived,fc_corr_mm|auc_0_3h|resid,-0.0641025641025641,1,1,fc_corr_mm,auc_0_3h,resid,3,AUC to t
triploid,survived,fc_corr|auc_0_2h|resid,-0.0625,1,1,fc_corr,auc_0_2h,resid,2,AUC to t
triploid,survived,raw_delta_mm|auc_0_1h|none,0.0608974358974359,1,1,raw_delta_mm,auc_0_1h,none,1,AUC to t
triploid,survived,raw_rfu|value_4h|resid,-0.0608974358974359,1,1,raw_rfu,value_4h,resid,4,value at t
triploid,survived,raw_delta_mm|auc_0_1h|resid,-0.0608974358974359,1,1,raw_delta_mm,auc_0_1h,resid,1,AUC to t
triploid,survived,fc_corr_mm|value_3h|none,-0.059294871794871806,1,1,fc_corr_mm,value_3h,none,3,value at t
triploid,survived,raw_delta|value_4h|resid,-0.059294871794871806,1,1,raw_delta,value_4h,resid,4,value at t
triploid,survived,fc_corr_mm|value_4h|resid,-0.05769230769230771,1,1,fc_corr_mm,value_4h,resid,4,value at t
triploid,survived,raw_delta_mm|auc_0_2h|none,0.05608974358974361,1,1,raw_delta_mm,auc_0_2h,none,2,AUC to t
triploid,survived,raw_rfu|value_3h|resid,-0.05608974358974361,1,1,raw_rfu,value_3h,resid,3,value at t
triploid,survived,raw_delta|value_3h|resid,-0.054487179487179516,1,1,raw_delta,value_3h,resid,3,value at t
triploid,survived,raw_rfu|auc_0_2h|none,0.05288461538461542,1,1,raw_rfu,auc_0_2h,none,2,AUC to t
triploid,survived,fc_corr_mm|value_4h|none,-0.05288461538461542,1,1,fc_corr_mm,value_4h,none,4,value at t
triploid,survived,fc_corr_mm|value_2h|resid,-0.05288461538461542,1,1,fc_corr_mm,value_2h,resid,2,value at t
triploid,survived,fc_corr_mm|auc_total|none,-0.05128205128205132,1,1,fc_corr_mm,auc_total,none,4,AUC to t
triploid,survived,raw_delta|auc_0_2h|none,0.04807692307692313,1,1,raw_delta,auc_0_2h,none,2,AUC to t
triploid,survived,fc_corr|auc_total|none,-0.04807692307692313,1,1,fc_corr,auc_total,none,4,AUC to t
triploid,survived,raw_rfu|auc_0_1h|none,0.04647435897435903,1,1,raw_rfu,auc_0_1h,none,1,AUC to t
triploid,survived,raw_rfu|value_1h|none,0.044871794871794934,1,1,raw_rfu,value_1h,none,1,value at t
triploid,survived,fc_corr|value_2h|resid,-0.04487179487179482,1,1,fc_corr,value_2h,resid,2,value at t
triploid,survived,raw_delta|auc_0_1h|none,0.04326923076923084,1,1,raw_delta,auc_0_1h,none,1,AUC to t
triploid,survived,raw_rfu|value_4h|none,-0.043269230769230727,1,1,raw_rfu,value_4h,none,4,value at t
triploid,survived,raw_delta|value_4h|none,-0.043269230769230727,1,1,raw_delta,value_4h,none,4,value at t
triploid,survived,raw_rfu|value_1h|resid,-0.043269230769230727,1,1,raw_rfu,value_1h,resid,1,value at t
triploid,survived,fc_corr_mm|auc_total|resid,-0.043269230769230727,1,1,fc_corr_mm,auc_total,resid,4,AUC to t
triploid,survived,raw_delta|value_2h|none,0.040064102564102644,1,1,raw_delta,value_2h,none,2,value at t
triploid,survived,raw_rfu|value_3h|none,-0.04006410256410253,1,1,raw_rfu,value_3h,none,3,value at t
triploid,survived,raw_rfu|auc_0_1h|resid,-0.04006410256410253,1,1,raw_rfu,auc_0_1h,resid,1,AUC to t
triploid,survived,raw_delta_mm|auc_0_2h|resid,-0.04006410256410253,1,1,raw_delta_mm,auc_0_2h,resid,2,AUC to t
triploid,survived,raw_rfu|value_2h|none,0.03846153846153855,1,1,raw_rfu,value_2h,none,2,value at t
triploid,survived,raw_delta|value_3h|none,-0.038461538461538436,1,1,raw_delta,value_3h,none,3,value at t
triploid,survived,raw_delta|auc_0_1h|resid,-0.038461538461538436,1,1,raw_delta,auc_0_1h,resid,1,AUC to t
triploid,survived,raw_delta_mm|value_4h|none,-0.03525641025641024,1,1,raw_delta_mm,value_4h,none,4,value at t
triploid,survived,raw_delta_mm|value_3h|resid,-0.03525641025641024,1,1,raw_delta_mm,value_3h,resid,3,value at t
triploid,survived,raw_delta_mm|auc_0_3h|none,0.03205128205128216,1,1,raw_delta_mm,auc_0_3h,none,3,AUC to t
triploid,survived,raw_delta|auc_total|resid,-0.03205128205128205,1,1,raw_delta,auc_total,resid,4,AUC to t
triploid,survived,raw_delta|auc_0_2h|resid,-0.03205128205128205,1,1,raw_delta,auc_0_2h,resid,2,AUC to t
triploid,survived,raw_delta_mm|value_3h|none,-0.028846153846153855,1,1,raw_delta_mm,value_3h,none,3,value at t
triploid,survived,raw_rfu|auc_total|resid,-0.028846153846153855,1,1,raw_rfu,auc_total,resid,4,AUC to t
triploid,survived,raw_delta_mm|value_4h|resid,-0.028846153846153855,1,1,raw_delta_mm,value_4h,resid,4,value at t
triploid,survived,raw_delta_mm|value_2h|none,0.028846153846153744,1,1,raw_delta_mm,value_2h,none,2,value at t
triploid,survived,raw_rfu|auc_0_3h|resid,-0.027243589743589758,1,1,raw_rfu,auc_0_3h,resid,3,AUC to t
triploid,survived,raw_delta|auc_0_3h|resid,-0.027243589743589758,1,1,raw_delta,auc_0_3h,resid,3,AUC to t
triploid,survived,fc_corr|auc_0_3h|none,-0.02564102564102566,1,1,fc_corr,auc_0_3h,none,3,AUC to t
triploid,survived,raw_rfu|auc_0_3h|none,0.02564102564102555,1,1,raw_rfu,auc_0_3h,none,3,AUC to t
triploid,survived,raw_rfu|auc_total|none,-0.024038461538461564,1,1,raw_rfu,auc_total,none,4,AUC to t
triploid,survived,fc_corr|value_2h|none,-0.024038461538461564,1,1,fc_corr,value_2h,none,2,value at t
triploid,survived,raw_rfu|auc_0_2h|resid,-0.024038461538461564,1,1,raw_rfu,auc_0_2h,resid,2,AUC to t
triploid,survived,raw_delta|auc_total|none,-0.02083333333333337,1,1,raw_delta,auc_total,none,4,AUC to t
triploid,survived,raw_delta|value_2h|resid,-0.02083333333333337,1,1,raw_delta,value_2h,resid,2,value at t
triploid,survived,raw_delta|auc_0_3h|none,0.02083333333333326,1,1,raw_delta,auc_0_3h,none,3,AUC to t
triploid,survived,fc_corr_mm|value_2h|none,-0.019230769230769273,1,1,fc_corr_mm,value_2h,none,2,value at t
triploid,survived,raw_rfu|value_2h|resid,-0.019230769230769273,1,1,raw_rfu,value_2h,resid,2,value at t
triploid,survived,raw_delta_mm|auc_0_3h|resid,-0.019230769230769273,1,1,raw_delta_mm,auc_0_3h,resid,3,AUC to t
triploid,survived,raw_delta_mm|auc_total|resid,-0.017628205128205177,1,1,raw_delta_mm,auc_total,resid,4,AUC to t
triploid,survived,fc_corr_mm|auc_0_1h|none,0.017628205128205066,1,1,fc_corr_mm,auc_0_1h,none,1,AUC to t
triploid,survived,fc_corr_mm|auc_0_3h|none,-0.01602564102564108,1,1,fc_corr_mm,auc_0_3h,none,3,AUC to t
triploid,survived,fc_corr_mm|auc_0_2h|none,0.008012820512820484,1,1,fc_corr_mm,auc_0_2h,none,2,AUC to t
triploid,survived,fc_corr|auc_0_1h|none,0.0064102564102563875,1,1,fc_corr,auc_0_1h,none,1,AUC to t
triploid,survived,raw_delta_mm|value_2h|resid,-0.0032051282051281937,1,1,raw_delta_mm,value_2h,resid,2,value at t
triploid,survived,fc_corr|auc_0_2h|none,-0.0016025641025640969,1,1,fc_corr,auc_0_2h,none,2,AUC to t
triploid,survived,raw_delta_mm|auc_total|none,0,1,1,raw_delta_mm,auc_total,none,4,AUC to t
diploid,growth_abs,raw_rfu|auc_0_1h|resid,0.1494299128101945,0.988,0.9903484347694932,raw_rfu,auc_0_1h,resid,1,AUC to t
diploid,growth_abs,raw_rfu|value_1h|resid,0.1471830985915493,0.989,0.9903484347694932,raw_rfu,value_1h,resid,1,value at t
diploid,growth_abs,fc_corr|auc_0_1h|resid,0.1430918846411804,0.99,0.9903484347694932,fc_corr,auc_0_1h,resid,1,AUC to t
diploid,growth_abs,raw_delta|auc_0_1h|resid,0.13886653252850434,0.99,0.9903484347694932,raw_delta,auc_0_1h,resid,1,AUC to t
diploid,growth_abs,raw_delta_mm|auc_0_1h|resid,0.13360160965794765,0.991,0.9903484347694932,raw_delta_mm,auc_0_1h,resid,1,AUC to t
diploid,growth_abs,raw_rfu|auc_0_2h|resid,0.12344064386317906,0.999,0.9903484347694932,raw_rfu,auc_0_2h,resid,2,AUC to t
diploid,growth_abs,fc_corr_mm|value_4h|none,-0.1198524480214621,0.999,0.9903484347694932,fc_corr_mm,value_4h,none,4,value at t
diploid,growth_abs,raw_delta|auc_0_2h|resid,0.11572769953051641,0.999,0.9903484347694932,raw_delta,auc_0_2h,resid,2,AUC to t
diploid,growth_abs,fc_corr|value_4h|none,-0.1049966465459423,0.999,0.9903484347694932,fc_corr,value_4h,none,4,value at t
diploid,growth_abs,raw_delta_mm|auc_0_2h|resid,0.10456069751844399,0.999,0.9903484347694932,raw_delta_mm,auc_0_2h,resid,2,AUC to t
diploid,growth_abs,fc_corr_mm|auc_0_1h|resid,0.1027833668678739,1,0.9903484347694932,fc_corr_mm,auc_0_1h,resid,1,AUC to t
diploid,growth_abs,raw_delta_mm|auc_0_1h|none,0.09101274312541917,1,0.9903484347694932,raw_delta_mm,auc_0_1h,none,1,AUC to t
diploid,growth_abs,fc_corr|auc_0_2h|resid,0.09064386317907443,1,0.9903484347694932,fc_corr,auc_0_2h,resid,2,AUC to t
diploid,growth_abs,raw_delta|value_4h|none,-0.08497652582159623,1,0.9903484347694932,raw_delta,value_4h,none,4,value at t
diploid,growth_abs,raw_rfu|value_4h|none,-0.08420523138832997,1,0.9903484347694932,raw_rfu,value_4h,none,4,value at t
diploid,growth_abs,fc_corr_mm|value_3h|none,-0.07759892689470153,1,0.9903484347694932,fc_corr_mm,value_3h,none,3,value at t
diploid,growth_abs,fc_corr|value_3h|none,-0.07689470154258886,1,0.9903484347694932,fc_corr,value_3h,none,3,value at t
diploid,growth_abs,raw_rfu|auc_0_3h|resid,0.07622401073105296,1,0.9903484347694932,raw_rfu,auc_0_3h,resid,3,AUC to t
diploid,growth_abs,raw_delta_mm|value_4h|none,-0.07340710932260228,1,0.9903484347694932,raw_delta_mm,value_4h,none,4,value at t
diploid,growth_abs,raw_delta|value_2h|resid,0.07236753856472165,1,0.9903484347694932,raw_delta,value_2h,resid,2,value at t
diploid,growth_abs,raw_delta|auc_0_3h|resid,0.07233400402414486,1,0.9903484347694932,raw_delta,auc_0_3h,resid,3,AUC to t
diploid,growth_abs,raw_rfu|value_2h|resid,0.07169684775318577,1,0.9903484347694932,raw_rfu,value_2h,resid,2,value at t
diploid,growth_abs,fc_corr|value_4h|resid,-0.0715627095908786,1,0.9903484347694932,fc_corr,value_4h,resid,4,value at t
diploid,growth_abs,raw_delta_mm|auc_0_3h|resid,0.07055667337357477,1,0.9903484347694932,raw_delta_mm,auc_0_3h,resid,3,AUC to t
diploid,growth_abs,fc_corr_mm|auc_0_2h|resid,0.06965124077800133,1,0.9903484347694932,fc_corr_mm,auc_0_2h,resid,2,AUC to t
diploid,growth_abs,fc_corr_mm|value_4h|resid,-0.06780684104627765,1,0.9903484347694932,fc_corr_mm,value_4h,resid,4,value at t
diploid,growth_abs,raw_delta_mm|value_2h|resid,0.06613011401743796,1,0.9903484347694932,raw_delta_mm,value_2h,resid,2,value at t
diploid,growth_abs,raw_rfu|auc_0_1h|none,0.06572769953051642,1,0.9903484347694932,raw_rfu,auc_0_1h,none,1,AUC to t
diploid,growth_abs,raw_rfu|value_1h|none,0.06556002682763246,1,0.9903484347694932,raw_rfu,value_1h,none,1,value at t
diploid,growth_abs,fc_corr_mm|auc_0_1h|none,0.06535881958417168,1,0.9903484347694932,fc_corr_mm,auc_0_1h,none,1,AUC to t
diploid,growth_abs,raw_delta|value_3h|none,-0.06435278336686787,1,0.9903484347694932,raw_delta,value_3h,none,3,value at t
diploid,growth_abs,raw_delta|auc_0_1h|none,0.06264252179745138,1,0.9903484347694932,raw_delta,auc_0_1h,none,1,AUC to t
diploid,growth_abs,raw_rfu|value_4h|resid,-0.06210596914822266,1,0.9903484347694932,raw_rfu,value_4h,resid,4,value at t
diploid,growth_abs,raw_rfu|value_3h|none,-0.061737089201877926,1,0.9903484347694932,raw_rfu,value_3h,none,3,value at t
diploid,growth_abs,raw_delta|value_4h|resid,-0.061167002012072424,1,0.9903484347694932,raw_delta,value_4h,resid,4,value at t
diploid,growth_abs,raw_delta_mm|auc_0_2h|none,0.059993293091884635,1,0.9903484347694932,raw_delta_mm,auc_0_2h,none,2,AUC to t
diploid,growth_abs,raw_delta_mm|value_4h|resid,-0.059993293091884635,1,0.9903484347694932,raw_delta_mm,value_4h,resid,4,value at t
diploid,growth_abs,fc_corr_mm|auc_total|none,-0.059859154929577454,1,0.9903484347694932,fc_corr_mm,auc_total,none,4,AUC to t
diploid,growth_abs,fc_corr|auc_total|none,-0.059221998658618366,1,0.9903484347694932,fc_corr,auc_total,none,4,AUC to t
diploid,growth_abs,fc_corr|auc_0_3h|resid,0.05580147551978537,1,0.9903484347694932,fc_corr,auc_0_3h,resid,3,AUC to t
diploid,growth_abs,fc_corr_mm|auc_0_3h|resid,0.05472837022132796,1,0.9903484347694932,fc_corr_mm,auc_0_3h,resid,3,AUC to t
diploid,growth_abs,fc_corr_mm|value_2h|resid,0.05268276324614352,1,0.9903484347694932,fc_corr_mm,value_2h,resid,2,value at t
diploid,growth_abs,fc_corr|value_2h|resid,0.05197853789403084,1,0.9903484347694932,fc_corr,value_2h,resid,2,value at t
diploid,growth_abs,raw_delta_mm|auc_0_3h|none,0.04450033534540576,1,0.9903484347694932,raw_delta_mm,auc_0_3h,none,3,AUC to t
diploid,growth_abs,raw_delta_mm|value_3h|none,-0.044332662642521795,1,0.9903484347694932,raw_delta_mm,value_3h,none,3,value at t
diploid,growth_abs,raw_delta_mm|value_2h|none,0.03772635814889336,1,0.9903484347694932,raw_delta_mm,value_2h,none,2,value at t
diploid,growth_abs,fc_corr_mm|auc_0_2h|none,0.03601609657947686,1,0.9903484347694932,fc_corr_mm,auc_0_2h,none,2,AUC to t
diploid,growth_abs,raw_rfu|auc_0_2h|none,0.033433936955063706,1,0.9903484347694932,raw_rfu,auc_0_2h,none,2,AUC to t
diploid,growth_abs,fc_corr_mm|value_3h|resid,-0.033333333333333326,1,0.9903484347694932,fc_corr_mm,value_3h,resid,3,value at t
diploid,growth_abs,raw_delta|auc_total|resid,0.032562038900067064,1,0.9903484347694932,raw_delta,auc_total,resid,4,AUC to t
diploid,growth_abs,fc_corr|value_3h|resid,-0.03222669349429912,1,0.9903484347694932,fc_corr,value_3h,resid,3,value at t
diploid,growth_abs,raw_rfu|auc_total|resid,0.031153588195841714,1,0.9903484347694932,raw_rfu,auc_total,resid,4,AUC to t
diploid,growth_abs,fc_corr|auc_0_1h|none,0.030952380952380946,1,0.9903484347694932,fc_corr,auc_0_1h,none,1,AUC to t
diploid,growth_abs,raw_delta|auc_total|none,-0.03054996646545942,1,0.9903484347694932,raw_delta,auc_total,none,4,AUC to t
diploid,growth_abs,raw_rfu|value_2h|none,0.028638497652582154,1,0.9903484347694932,raw_rfu,value_2h,none,2,value at t
diploid,growth_abs,raw_rfu|auc_total|none,-0.028202548625083833,1,0.9903484347694932,raw_rfu,auc_total,none,4,AUC to t
diploid,growth_abs,raw_delta|auc_0_2h|none,0.025855130784708247,1,0.9903484347694932,raw_delta,auc_0_2h,none,2,AUC to t
diploid,growth_abs,raw_delta_mm|auc_total|resid,0.025419181757209926,1,0.9903484347694932,raw_delta_mm,auc_total,resid,4,AUC to t
diploid,growth_abs,raw_delta|value_2h|none,0.02350771294433266,1,0.9903484347694932,raw_delta,value_2h,none,2,value at t
diploid,growth_abs,raw_rfu|value_3h|resid,-0.022501676727028835,1,0.9903484347694932,raw_rfu,value_3h,resid,3,value at t
diploid,growth_abs,raw_delta_mm|value_3h|resid,-0.022233400402414484,1,0.9903484347694932,raw_delta_mm,value_3h,resid,3,value at t
diploid,growth_abs,fc_corr|auc_0_3h|none,-0.021193829644533868,1,0.9903484347694932,fc_corr,auc_0_3h,none,3,AUC to t
diploid,growth_abs,raw_delta|value_3h|resid,-0.019617706237424547,1,0.9903484347694932,raw_delta,value_3h,resid,3,value at t
diploid,growth_abs,fc_corr_mm|auc_total|resid,0.015090543259557342,1,0.9903484347694932,fc_corr_mm,auc_total,resid,4,AUC to t
diploid,growth_abs,fc_corr_mm|value_2h|none,0.013011401743796109,1,0.9903484347694932,fc_corr_mm,value_2h,none,2,value at t
diploid,growth_abs,fc_corr|auc_total|resid,0.010831656606304491,1,0.9903484347694932,fc_corr,auc_total,resid,4,AUC to t
diploid,growth_abs,raw_rfu|auc_0_3h|none,0.009624413145539905,1,0.9903484347694932,raw_rfu,auc_0_3h,none,3,AUC to t
diploid,growth_abs,fc_corr|auc_0_2h|none,0.009221998658618375,1,0.9903484347694932,fc_corr,auc_0_2h,none,2,AUC to t
diploid,growth_abs,raw_delta|auc_0_3h|none,0.008249496981891346,1,0.9903484347694932,raw_delta,auc_0_3h,none,3,AUC to t
diploid,growth_abs,fc_corr|value_2h|none,-0.0023809523809523803,1,0.9951280420267696,fc_corr,value_2h,none,2,value at t
diploid,growth_abs,raw_delta_mm|auc_total|none,-0.0022468142186452046,1,0.9951280420267696,raw_delta_mm,auc_total,none,4,AUC to t
diploid,growth_abs,fc_corr_mm|auc_0_3h|none,-7.3775989268947e-4,1,0.9951280420267696,fc_corr_mm,auc_0_3h,none,3,AUC to t
pooled_adj,growth_abs,fc_corr_mm|auc_0_3h|resid,0.10639615121693258,0.986,0.9524025942739978,fc_corr_mm,auc_0_3h,resid,3,AUC to t
pooled_adj,growth_abs,fc_corr|auc_0_3h|resid,0.10551908268950484,0.987,0.9524025942739978,fc_corr,auc_0_3h,resid,3,AUC to t
pooled_adj,growth_abs,fc_corr|auc_0_2h|resid,0.10255252737614631,0.991,0.9524025942739978,fc_corr,auc_0_2h,resid,2,AUC to t
pooled_adj,growth_abs,fc_corr_mm|value_2h|resid,0.10210754407914253,0.991,0.9524025942739978,fc_corr_mm,value_2h,resid,2,value at t
pooled_adj,growth_abs,fc_corr_mm|auc_total|resid,0.09943119526382996,0.995,0.9524025942739978,fc_corr_mm,auc_total,resid,4,AUC to t
pooled_adj,growth_abs,fc_corr|auc_0_1h|resid,0.09928286749816202,0.995,0.9524025942739978,fc_corr,auc_0_1h,resid,1,AUC to t
pooled_adj,growth_abs,fc_corr|value_2h|resid,0.09766416014239465,0.996,0.9524025942739978,fc_corr,value_2h,resid,2,value at t
pooled_adj,growth_abs,fc_corr|auc_total|resid,0.09603900375333738,0.996,0.9524025942739978,fc_corr,auc_total,resid,4,AUC to t
pooled_adj,growth_abs,raw_delta|auc_0_3h|resid,0.09180198888186661,0.996,0.9524025942739978,raw_delta,auc_0_3h,resid,3,AUC to t
pooled_adj,growth_abs,raw_delta_mm|value_2h|resid,0.091273168152094,0.996,0.9524025942739978,raw_delta_mm,value_2h,resid,2,value at t
pooled_adj,growth_abs,raw_delta_mm|auc_0_3h|resid,0.09118288168603526,0.996,0.9524025942739978,raw_delta_mm,auc_0_3h,resid,3,AUC to t
pooled_adj,growth_abs,raw_rfu|auc_0_3h|resid,0.09040254865795617,0.996,0.9524025942739978,raw_rfu,auc_0_3h,resid,3,AUC to t
pooled_adj,growth_abs,raw_delta|value_2h|resid,0.08953837819710825,0.996,0.9524025942739978,raw_delta,value_2h,resid,2,value at t
pooled_adj,growth_abs,raw_rfu|auc_0_2h|resid,0.08857747223691169,0.998,0.9524025942739978,raw_rfu,auc_0_2h,resid,2,AUC to t
pooled_adj,growth_abs,fc_corr_mm|auc_0_2h|resid,0.08768105660961421,0.998,0.9524025942739978,fc_corr_mm,auc_0_2h,resid,2,AUC to t
pooled_adj,growth_abs,raw_rfu|value_2h|resid,0.08721027717945079,0.999,0.9524025942739978,raw_rfu,value_2h,resid,2,value at t
pooled_adj,growth_abs,raw_delta|auc_0_2h|resid,0.08647508738440107,0.999,0.9524025942739978,raw_delta,auc_0_2h,resid,2,AUC to t
pooled_adj,growth_abs,raw_delta_mm|auc_0_2h|resid,0.0807225496898015,1,0.9524025942739978,raw_delta_mm,auc_0_2h,resid,2,AUC to t
pooled_adj,growth_abs,fc_corr|value_2h|none,0.0802001779933188,1,0.9524025942739978,fc_corr,value_2h,none,2,value at t
pooled_adj,growth_abs,fc_corr_mm|auc_0_1h|resid,0.0796068669306471,1,0.9524025942739978,fc_corr_mm,auc_0_1h,resid,1,AUC to t
pooled_adj,growth_abs,raw_rfu|value_1h|resid,0.07667255678373812,1,0.9524025942739978,raw_rfu,value_1h,resid,1,value at t
pooled_adj,growth_abs,raw_rfu|auc_0_1h|resid,0.07604055152132695,1,0.9524025942739978,raw_rfu,auc_0_1h,resid,1,AUC to t
pooled_adj,growth_abs,raw_delta|auc_total|resid,0.07500870619494138,1,0.9524025942739978,raw_delta,auc_total,resid,4,AUC to t
pooled_adj,growth_abs,fc_corr_mm|value_2h|none,0.07490552166230281,1,0.9524025942739978,fc_corr_mm,value_2h,none,2,value at t
pooled_adj,growth_abs,raw_delta|auc_0_1h|resid,0.07427996543318156,1,0.9524025942739978,raw_delta,auc_0_1h,resid,1,AUC to t
pooled_adj,growth_abs,raw_rfu|auc_total|resid,0.07264191097754447,1,0.9524025942739978,raw_rfu,auc_total,resid,4,AUC to t
pooled_adj,growth_abs,fc_corr|auc_0_3h|none,0.07191961924907457,1,0.9524025942739978,fc_corr,auc_0_3h,none,3,AUC to t
pooled_adj,growth_abs,fc_corr|auc_0_2h|none,0.0707652422901807,1,0.9524025942739978,fc_corr,auc_0_2h,none,2,AUC to t
pooled_adj,growth_abs,raw_delta_mm|auc_total|resid,0.07013323702776954,1,0.9524025942739978,raw_delta_mm,auc_total,resid,4,AUC to t
pooled_adj,growth_abs,fc_corr_mm|auc_0_3h|none,0.06803730120854884,1,0.9524025942739978,fc_corr_mm,auc_0_3h,none,3,AUC to t
pooled_adj,growth_abs,fc_corr_mm|value_3h|resid,0.06754717467851569,1,0.9524025942739978,fc_corr_mm,value_3h,resid,3,value at t
pooled_adj,growth_abs,raw_delta|value_2h|none,0.06716668171441101,1,0.9524025942739978,raw_delta,value_2h,none,2,value at t
pooled_adj,growth_abs,fc_corr|value_3h|resid,0.06555442339193356,1,0.9524025942739978,fc_corr,value_3h,resid,3,value at t
pooled_adj,growth_abs,raw_rfu|value_2h|none,0.06522552269414815,1,0.9524025942739978,raw_rfu,value_2h,none,2,value at t
pooled_adj,growth_abs,raw_delta_mm|value_2h|none,0.06497401039584166,1,0.9524025942739978,raw_delta_mm,value_2h,none,2,value at t
pooled_adj,growth_abs,fc_corr_mm|auc_0_2h|none,0.06254917387883556,1,0.9524025942739978,fc_corr_mm,auc_0_2h,none,2,AUC to t
pooled_adj,growth_abs,fc_corr|value_3h|none,0.06151087951916008,1,0.9524025942739978,fc_corr,value_3h,none,3,value at t
pooled_adj,growth_abs,fc_corr_mm|auc_0_1h|none,0.059647108898376135,1,0.9524025942739978,fc_corr_mm,auc_0_1h,none,1,AUC to t
pooled_adj,growth_abs,fc_corr|auc_total|none,0.059021552669254886,1,0.9524025942739978,fc_corr,auc_total,none,4,AUC to t
pooled_adj,growth_abs,fc_corr|value_4h|none,0.058183178341566597,1,0.9524025942739978,fc_corr,value_4h,none,4,value at t
pooled_adj,growth_abs,raw_delta_mm|auc_0_1h|resid,0.05749313177954624,1,0.9524025942739978,raw_delta_mm,auc_0_1h,resid,1,AUC to t
pooled_adj,growth_abs,fc_corr|auc_0_1h|none,0.056680553585017605,1,0.9524025942739978,fc_corr,auc_0_1h,none,1,AUC to t
pooled_adj,growth_abs,raw_delta_mm|value_3h|resid,0.055358501760586085,1,0.9524025942739978,raw_delta_mm,value_3h,resid,3,value at t
pooled_adj,growth_abs,raw_delta_mm|auc_0_3h|none,0.05433955450078034,1,0.9524025942739978,raw_delta_mm,auc_0_3h,none,3,AUC to t
pooled_adj,growth_abs,raw_delta|auc_0_3h|none,0.05404289896944448,1,0.9524025942739978,raw_delta,auc_0_3h,none,3,AUC to t
pooled_adj,growth_abs,raw_rfu|auc_0_3h|none,0.053662406005339794,1,0.9524025942739978,raw_rfu,auc_0_3h,none,3,AUC to t
pooled_adj,growth_abs,fc_corr_mm|auc_total|none,0.052875623943970794,1,0.9524025942739978,fc_corr_mm,auc_total,none,4,AUC to t
pooled_adj,growth_abs,raw_delta|value_3h|resid,0.05279178651120197,1,0.9524025942739978,raw_delta,value_3h,resid,3,value at t
pooled_adj,growth_abs,raw_delta|auc_total|none,0.05260476454579458,1,0.9524025942739978,raw_delta,auc_total,none,4,AUC to t
pooled_adj,growth_abs,fc_corr|value_4h|resid,0.05260476454579458,1,0.9524025942739978,fc_corr,value_4h,resid,4,value at t
pooled_adj,growth_abs,fc_corr_mm|value_4h|resid,0.052404844513807385,1,0.9524025942739978,fc_corr_mm,value_4h,resid,4,value at t
pooled_adj,growth_abs,raw_rfu|auc_total|none,0.05122467142175388,1,0.9524025942739978,raw_rfu,auc_total,none,4,AUC to t
pooled_adj,growth_abs,raw_delta_mm|auc_total|none,0.05120532432188415,1,0.9524025942739978,raw_delta_mm,auc_total,none,4,AUC to t
pooled_adj,growth_abs,raw_rfu|value_3h|resid,0.05047013452683443,1,0.9524025942739978,raw_rfu,value_3h,resid,3,value at t
pooled_adj,growth_abs,raw_rfu|value_3h|none,0.04996066089693155,1,0.9524025942739978,raw_rfu,value_3h,none,3,value at t
pooled_adj,growth_abs,raw_delta|value_3h|none,0.04825811610839535,1,0.9524025942739978,raw_delta,value_3h,none,3,value at t
pooled_adj,growth_abs,raw_delta|value_4h|none,0.046916717184094105,1,0.9524025942739978,raw_delta,value_4h,none,4,value at t
pooled_adj,growth_abs,raw_rfu|value_4h|none,0.04587842282441862,1,0.9524025942739978,raw_rfu,value_4h,none,4,value at t
pooled_adj,growth_abs,raw_delta_mm|auc_0_2h|none,0.044898169764352326,1,0.9524025942739978,raw_delta_mm,auc_0_2h,none,2,AUC to t
pooled_adj,growth_abs,raw_rfu|auc_0_2h|none,0.04141569178780101,1,0.9524025942739978,raw_rfu,auc_0_2h,none,2,AUC to t
pooled_adj,growth_abs,fc_corr_mm|value_3h|none,0.04122222078910372,1,0.9524025942739978,fc_corr_mm,value_3h,none,3,value at t
pooled_adj,growth_abs,raw_delta|auc_0_1h|none,0.04103519882369633,1,0.9524025942739978,raw_delta,auc_0_1h,none,1,AUC to t
pooled_adj,growth_abs,raw_delta_mm|auc_0_1h|none,0.0396422076330758,1,0.9524025942739978,raw_delta_mm,auc_0_1h,none,1,AUC to t
pooled_adj,growth_abs,raw_delta|auc_0_2h|none,0.03908114173685364,1,0.9524025942739978,raw_delta,auc_0_2h,none,2,AUC to t
pooled_adj,growth_abs,raw_rfu|auc_0_1h|none,0.03871354683932878,1,0.9524025942739978,raw_rfu,auc_0_1h,none,1,AUC to t
pooled_adj,growth_abs,raw_rfu|value_1h|none,0.038655505539719595,1,0.9524025942739978,raw_rfu,value_1h,none,1,value at t
pooled_adj,growth_abs,raw_delta_mm|value_3h|none,0.0338767718718964,1,0.9524025942739978,raw_delta_mm,value_3h,none,3,value at t
pooled_adj,growth_abs,raw_rfu|value_4h|resid,0.03128426048935264,1,0.9524025942739978,raw_rfu,value_4h,resid,4,value at t
pooled_adj,growth_abs,raw_delta_mm|value_4h|resid,0.03070384749326076,1,0.9524025942739978,raw_delta_mm,value_4h,resid,4,value at t
pooled_adj,growth_abs,raw_delta|value_4h|resid,0.030039597064400046,1,0.9524025942739978,raw_delta,value_4h,resid,4,value at t
pooled_adj,growth_abs,fc_corr_mm|value_4h|none,0.029149630470392488,1,0.9524025942739978,fc_corr_mm,value_4h,none,4,value at t
pooled_adj,growth_abs,raw_delta_mm|value_4h|none,0.016000051592266317,1,0.9582306274002035,raw_delta_mm,value_4h,none,4,value at t
triploid,growth_abs,fc_corr|value_4h|none,0.2667122001195253,0.703,0.5478550890185221,fc_corr,value_4h,none,4,value at t
triploid,growth_abs,fc_corr|value_3h|none,0.2525399129172714,0.769,0.5478550890185221,fc_corr,value_3h,none,3,value at t
triploid,growth_abs,fc_corr|value_4h|resid,0.21719457013574658,0.905,0.5478550890185221,fc_corr,value_4h,resid,4,value at t
triploid,growth_abs,fc_corr|auc_total|none,0.21130367967215913,0.923,0.5478550890185221,fc_corr,auc_total,none,4,AUC to t
triploid,growth_abs,fc_corr_mm|value_4h|none,0.20908392384530008,0.928,0.5478550890185221,fc_corr_mm,value_4h,none,4,value at t
triploid,growth_abs,fc_corr_mm|auc_total|resid,0.20652266712200118,0.935,0.5478550890185221,fc_corr_mm,auc_total,resid,4,AUC to t
triploid,growth_abs,raw_delta|value_4h|none,0.2041321608469222,0.939,0.5478550890185221,raw_delta,value_4h,none,4,value at t
triploid,growth_abs,raw_rfu|value_4h|none,0.20310765815760265,0.94,0.5478550890185221,raw_rfu,value_4h,none,4,value at t
triploid,growth_abs,fc_corr|auc_total|resid,0.20191240502006316,0.942,0.5478550890185221,fc_corr,auc_total,resid,4,AUC to t
triploid,growth_abs,fc_corr|value_2h|none,0.1983266456074447,0.947,0.5478550890185221,fc_corr,value_2h,none,2,value at t
triploid,growth_abs,raw_delta|value_3h|none,0.1978997694868949,0.947,0.5478550890185221,raw_delta,value_3h,none,3,value at t
triploid,growth_abs,raw_rfu|value_3h|none,0.19516776231537605,0.952,0.5478550890185221,raw_rfu,value_3h,none,3,value at t
triploid,growth_abs,fc_corr_mm|value_3h|resid,0.19286263126440706,0.956,0.5478550890185221,fc_corr_mm,value_3h,resid,3,value at t
triploid,growth_abs,fc_corr|value_3h|resid,0.19200887902330743,0.957,0.5478550890185221,fc_corr,value_3h,resid,3,value at t
triploid,growth_abs,fc_corr_mm|value_2h|resid,0.19038674976521813,0.961,0.5478550890185221,fc_corr_mm,value_2h,resid,2,value at t
triploid,growth_abs,fc_corr|auc_0_3h|none,0.19030137454110815,0.961,0.5478550890185221,fc_corr,auc_0_3h,none,3,AUC to t
triploid,growth_abs,fc_corr_mm|value_4h|resid,0.1880816187142491,0.963,0.5478550890185221,fc_corr_mm,value_4h,resid,4,value at t
triploid,growth_abs,fc_corr_mm|auc_0_3h|resid,0.18449585930163065,0.969,0.5478550890185221,fc_corr_mm,auc_0_3h,resid,3,AUC to t
triploid,growth_abs,fc_corr_mm|auc_total|none,0.18125160078545205,0.977,0.5478550890185221,fc_corr_mm,auc_total,none,4,AUC to t
triploid,growth_abs,fc_corr|value_2h|resid,0.18099547511312217,0.978,0.5478550890185221,fc_corr,value_2h,resid,2,value at t
triploid,growth_abs,fc_corr_mm|value_3h|none,0.18082472466490224,0.978,0.5478550890185221,fc_corr_mm,value_3h,none,3,value at t
triploid,growth_abs,fc_corr|auc_0_3h|resid,0.17425083240843509,0.984,0.5478550890185221,fc_corr,auc_0_3h,resid,3,AUC to t
triploid,growth_abs,raw_rfu|value_4h|resid,0.1685306923930675,0.989,0.5481888561105749,raw_rfu,value_4h,resid,4,value at t
triploid,growth_abs,raw_delta|value_4h|resid,0.167420814479638,0.99,0.5481888561105749,raw_delta,value_4h,resid,4,value at t
triploid,growth_abs,raw_delta|auc_total|none,0.16178604968838042,0.994,0.5587956208619971,raw_delta,auc_total,none,4,AUC to t
triploid,growth_abs,fc_corr_mm|value_2h|none,0.15683428669000257,0.998,0.5764053061123806,fc_corr_mm,value_2h,none,2,value at t
triploid,growth_abs,raw_rfu|auc_total|none,0.1541876547425937,0.999,0.5768295161773502,raw_rfu,auc_total,none,4,AUC to t
triploid,growth_abs,fc_corr_mm|auc_0_3h|none,0.15341927772560401,0.999,0.5768295161773502,fc_corr_mm,auc_0_3h,none,3,AUC to t
triploid,growth_abs,raw_delta_mm|value_4h|resid,0.15341927772560401,0.999,0.5768295161773502,raw_delta_mm,value_4h,resid,4,value at t
triploid,growth_abs,raw_delta|value_3h|resid,0.15051652010586528,1,0.5768295161773502,raw_delta,value_3h,resid,3,value at t
triploid,growth_abs,raw_rfu|value_3h|resid,0.14940664219243574,1,0.5768295161773502,raw_rfu,value_3h,resid,3,value at t
triploid,growth_abs,fc_corr|auc_0_2h|none,0.1459916332280372,1,0.5909889009362183,fc_corr,auc_0_2h,none,2,AUC to t
triploid,growth_abs,raw_delta|auc_0_3h|none,0.14172287202253903,1,0.6041451095182881,raw_delta,auc_0_3h,none,3,AUC to t
triploid,growth_abs,raw_delta_mm|value_3h|resid,0.14035686843677964,1,0.6041451095182881,raw_delta_mm,value_3h,resid,3,value at t
triploid,growth_abs,raw_delta_mm|value_2h|resid,0.13779561171348073,1,0.6041451095182881,raw_delta_mm,value_2h,resid,2,value at t
triploid,growth_abs,raw_rfu|auc_0_3h|none,0.13617348245539143,1,0.6041451095182881,raw_rfu,auc_0_3h,none,3,AUC to t
triploid,growth_abs,raw_delta_mm|auc_total|resid,0.13566123111073164,1,0.6041451095182881,raw_delta_mm,auc_total,resid,4,AUC to t
triploid,growth_abs,raw_delta|value_2h|none,0.13549048066251174,1,0.6041451095182881,raw_delta,value_2h,none,2,value at t
triploid,growth_abs,fc_corr|auc_0_2h|resid,0.134892854093742,1,0.6041451095182881,fc_corr,auc_0_2h,resid,2,AUC to t
triploid,growth_abs,raw_delta_mm|value_3h|none,0.13164859557756337,1,0.6153139020824436,raw_delta_mm,value_3h,none,3,value at t
triploid,growth_abs,raw_delta|auc_total|resid,0.13139246990523348,1,0.6153139020824436,raw_delta,auc_total,resid,4,AUC to t
triploid,growth_abs,raw_rfu|auc_total|resid,0.1290873388542645,1,0.6210713551689758,raw_rfu,auc_total,resid,4,AUC to t
triploid,growth_abs,raw_delta_mm|value_4h|none,0.12874583795782463,1,0.6210713551689758,raw_delta_mm,value_4h,none,4,value at t
triploid,growth_abs,raw_rfu|value_2h|none,0.12413557585588662,1,0.6365024589526155,raw_rfu,value_2h,none,2,value at t
triploid,growth_abs,raw_delta_mm|auc_total|none,0.1234525740630069,1,0.6365024589526155,raw_delta_mm,auc_total,none,4,AUC to t
triploid,growth_abs,raw_delta|value_2h|resid,0.1218304448049176,1,0.6395348026161474,raw_delta,value_2h,resid,2,value at t
triploid,growth_abs,raw_delta|auc_0_3h|resid,0.12080594211559804,1,0.6424357075272904,raw_delta,auc_0_3h,resid,3,AUC to t
triploid,growth_abs,raw_delta_mm|value_2h|none,0.11824468539229914,1,0.6515612182372811,raw_delta_mm,value_2h,none,2,value at t
triploid,growth_abs,raw_rfu|value_2h|resid,0.11824468539229914,1,0.6515612182372811,raw_rfu,value_2h,resid,2,value at t
triploid,growth_abs,raw_delta_mm|auc_0_3h|resid,0.11542730299667037,1,0.6661266152229645,raw_delta_mm,auc_0_3h,resid,3,AUC to t
triploid,growth_abs,raw_rfu|auc_0_3h|resid,0.11098779134295225,1,0.6836042016562379,raw_rfu,auc_0_3h,resid,3,AUC to t
triploid,growth_abs,fc_corr_mm|auc_0_2h|resid,0.10987791342952274,1,0.6836042016562379,fc_corr_mm,auc_0_2h,resid,2,AUC to t
triploid,growth_abs,fc_corr_mm|auc_0_2h|none,0.10441389908648509,1,0.7006344558747889,fc_corr_mm,auc_0_2h,none,2,AUC to t
triploid,growth_abs,fc_corr|auc_0_1h|none,0.08947323486724153,1,0.7453732235751485,fc_corr,auc_0_1h,none,1,AUC to t
triploid,growth_abs,raw_delta_mm|auc_0_3h|none,0.08785110560915221,1,0.7470526348282095,raw_delta_mm,auc_0_3h,none,3,AUC to t
triploid,growth_abs,raw_delta|auc_0_2h|none,0.07683770169896696,1,0.7917278380208695,raw_delta,auc_0_2h,none,2,AUC to t
triploid,growth_abs,raw_rfu|auc_0_2h|none,0.07308119183812857,1,0.7967045600809305,raw_rfu,auc_0_2h,none,2,AUC to t
triploid,growth_abs,fc_corr_mm|auc_0_1h|none,0.058908904635874663,1,0.8459556214211416,fc_corr_mm,auc_0_1h,none,1,AUC to t
triploid,growth_abs,fc_corr|auc_0_1h|resid,0.056859899257235544,1,0.8459556214211416,fc_corr,auc_0_1h,resid,1,AUC to t
triploid,growth_abs,raw_delta_mm|auc_0_2h|resid,0.05438401775804661,1,0.8459556214211416,raw_delta_mm,auc_0_2h,resid,2,AUC to t
triploid,growth_abs,fc_corr_mm|auc_0_1h|resid,0.04345598907197131,1,0.8615958581920544,fc_corr_mm,auc_0_1h,resid,1,AUC to t
triploid,growth_abs,raw_delta|auc_0_2h|resid,0.040211730555792705,1,0.8688886075335709,raw_delta,auc_0_2h,resid,2,AUC to t
triploid,growth_abs,raw_rfu|auc_0_2h|resid,0.0369674720396141,1,0.8816437517902458,raw_rfu,auc_0_2h,resid,2,AUC to t
triploid,growth_abs,raw_delta_mm|auc_0_1h|resid,-0.025783317681208912,1,0.9199984837155663,raw_delta_mm,auc_0_1h,resid,1,AUC to t
triploid,growth_abs,raw_delta_mm|auc_0_2h|none,0.024758814991889352,1,0.9199984837155663,raw_delta_mm,auc_0_2h,none,2,AUC to t
triploid,growth_abs,raw_delta_mm|auc_0_1h|none,-0.01878254930419192,1,0.9472643550550743,raw_delta_mm,auc_0_1h,none,1,AUC to t
triploid,growth_abs,raw_delta|auc_0_1h|none,0.01536754033979339,1,0.9577329494601986,raw_delta,auc_0_1h,none,1,AUC to t
triploid,growth_abs,raw_rfu|value_1h|none,0.014257662426363867,1,0.9601416445888844,raw_rfu,value_1h,none,1,value at t
triploid,growth_abs,raw_rfu|value_1h|resid,-0.013745411081704087,1,0.9601416445888844,raw_rfu,value_1h,resid,1,value at t
triploid,growth_abs,raw_rfu|auc_0_1h|none,0.011611030478955005,1,0.9634131967701098,raw_rfu,auc_0_1h,none,1,AUC to t
triploid,growth_abs,raw_rfu|auc_0_1h|resid,-0.010842653461965336,1,0.9634131967701098,raw_rfu,auc_0_1h,resid,1,AUC to t
triploid,growth_abs,raw_delta|auc_0_1h|resid,-0.009476649876205924,1,0.9638070060212133,raw_delta,auc_0_1h,resid,1,AUC to t
diploid,yield_dtw,fc_corr|auc_0_1h|resid,0.22676657577893966,0.553,0.9957923346610164,fc_corr,auc_0_1h,resid,1,AUC to t
diploid,yield_dtw,fc_corr_mm|auc_0_1h|resid,0.2125276897235123,0.656,0.9957923346610164,fc_corr_mm,auc_0_1h,resid,1,AUC to t
diploid,yield_dtw,raw_delta_mm|auc_0_1h|resid,0.19111071613437688,0.81,0.9957923346610164,raw_delta_mm,auc_0_1h,resid,1,AUC to t
diploid,yield_dtw,raw_delta|auc_0_1h|none,0.18742784115793193,0.827,0.9957923346610164,raw_delta,auc_0_1h,none,1,AUC to t
diploid,yield_dtw,raw_rfu|value_1h|resid,0.18654817356801673,0.832,0.9957923346610164,raw_rfu,value_1h,resid,1,value at t
diploid,yield_dtw,raw_delta|auc_0_1h|resid,0.1812467102261278,0.868,0.9957923346610164,raw_delta,auc_0_1h,resid,1,AUC to t
diploid,yield_dtw,raw_rfu|auc_0_1h|resid,0.18103559000454814,0.87,0.9957923346610164,raw_rfu,auc_0_1h,resid,1,AUC to t
diploid,yield_dtw,raw_rfu|value_1h|none,0.17818546701322288,0.881,0.9957923346610164,raw_rfu,value_1h,none,1,value at t
diploid,yield_dtw,raw_rfu|auc_0_1h|none,0.17413899609961297,0.896,0.9957923346610164,raw_rfu,auc_0_1h,none,1,AUC to t
diploid,yield_dtw,fc_corr|auc_0_2h|resid,0.16524848899087002,0.93,0.9957923346610164,fc_corr,auc_0_2h,resid,2,AUC to t
diploid,yield_dtw,fc_corr_mm|auc_0_2h|resid,0.16278541973910748,0.934,0.9957923346610164,fc_corr_mm,auc_0_2h,resid,2,AUC to t
diploid,yield_dtw,fc_corr|auc_0_1h|none,0.15995875455017997,0.945,0.9957923346610164,fc_corr,auc_0_1h,none,1,AUC to t
diploid,yield_dtw,raw_delta_mm|auc_0_2h|resid,0.15597092814256439,0.952,0.9957923346610164,raw_delta_mm,auc_0_2h,resid,2,AUC to t
diploid,yield_dtw,fc_corr_mm|auc_0_3h|resid,0.14916816544722017,0.966,0.9957923346610164,fc_corr_mm,auc_0_3h,resid,3,AUC to t
diploid,yield_dtw,raw_delta|auc_0_2h|resid,0.14488711650963285,0.974,0.9957923346610164,raw_delta,auc_0_2h,resid,2,AUC to t
diploid,yield_dtw,raw_rfu|auc_0_2h|resid,0.14146227735956302,0.977,0.9957923346610164,raw_rfu,auc_0_2h,resid,2,AUC to t
diploid,yield_dtw,fc_corr|auc_0_3h|resid,0.1379084202963056,0.981,0.9957923346610164,fc_corr,auc_0_3h,resid,3,AUC to t
diploid,yield_dtw,fc_corr_mm|auc_total|resid,0.1366534278680266,0.984,0.9957923346610164,fc_corr_mm,auc_total,resid,4,AUC to t
diploid,yield_dtw,fc_corr|auc_total|resid,0.13620772962246955,0.984,0.9957923346610164,fc_corr,auc_total,resid,4,AUC to t
diploid,yield_dtw,fc_corr_mm|auc_0_1h|none,0.13551572445173626,0.984,0.9957923346610164,fc_corr_mm,auc_0_1h,none,1,AUC to t
diploid,yield_dtw,raw_delta|auc_0_2h|none,0.13468297246661656,0.985,0.9957923346610164,raw_delta,auc_0_2h,none,2,AUC to t
diploid,yield_dtw,raw_rfu|auc_0_2h|none,0.13260695695441665,0.988,0.9957923346610164,raw_rfu,auc_0_2h,none,2,AUC to t
diploid,yield_dtw,raw_delta_mm|auc_0_1h|none,0.13043711023262583,0.99,0.9957923346610164,raw_delta_mm,auc_0_1h,none,1,AUC to t
diploid,yield_dtw,raw_delta_mm|auc_0_3h|resid,0.11540065889567537,0.994,0.9957923346610164,raw_delta_mm,auc_0_3h,resid,3,AUC to t
diploid,yield_dtw,fc_corr|auc_0_2h|none,0.11360613701224835,0.995,0.9957923346610164,fc_corr,auc_0_2h,none,2,AUC to t
diploid,yield_dtw,raw_delta|auc_total|resid,0.10904359444588818,0.998,0.9957923346610164,raw_delta,auc_total,resid,4,AUC to t
diploid,yield_dtw,raw_rfu|auc_total|resid,0.1064397783797392,0.999,0.9957923346610164,raw_rfu,auc_total,resid,4,AUC to t
diploid,yield_dtw,raw_delta|auc_0_3h|resid,0.10557183969102286,0.999,0.9957923346610164,raw_delta,auc_0_3h,resid,3,AUC to t
diploid,yield_dtw,raw_rfu|auc_0_3h|resid,0.10431684726274384,0.999,0.9957923346610164,raw_rfu,auc_0_3h,resid,3,AUC to t
diploid,yield_dtw,raw_delta_mm|auc_total|resid,0.10378904670879473,0.999,0.9957923346610164,raw_delta_mm,auc_total,resid,4,AUC to t
diploid,yield_dtw,fc_corr_mm|value_3h|resid,0.09856968567529788,0.999,0.9957923346610164,fc_corr_mm,value_3h,resid,3,value at t
diploid,yield_dtw,fc_corr_mm|value_4h|resid,0.09698628401345051,0.999,0.9957923346610164,fc_corr_mm,value_4h,resid,4,value at t
diploid,yield_dtw,fc_corr|value_3h|resid,0.0969510973098539,0.999,0.9957923346610164,fc_corr,value_3h,resid,3,value at t
diploid,yield_dtw,fc_corr|value_4h|resid,0.09596586960914888,0.999,0.9957923346610164,fc_corr,value_4h,resid,4,value at t
diploid,yield_dtw,raw_delta|auc_0_3h|none,0.09101627330322602,0.999,0.9957923346610164,raw_delta,auc_0_3h,none,3,AUC to t
diploid,yield_dtw,fc_corr_mm|auc_0_2h|none,0.0908286108840441,0.999,0.9957923346610164,fc_corr_mm,auc_0_2h,none,2,AUC to t
diploid,yield_dtw,raw_rfu|auc_0_3h|none,0.08597284578771221,0.999,0.9957923346610164,raw_rfu,auc_0_3h,none,3,AUC to t
diploid,yield_dtw,raw_delta|auc_total|none,0.0842956129162739,0.999,0.9957923346610164,raw_delta,auc_total,none,4,AUC to t
diploid,yield_dtw,raw_delta_mm|auc_0_2h|none,0.0806244668410278,1,0.9957923346610164,raw_delta_mm,auc_0_2h,none,2,AUC to t
diploid,yield_dtw,fc_corr_mm|value_2h|resid,0.08023741310146511,1,0.9957923346610164,fc_corr_mm,value_2h,resid,2,value at t
diploid,yield_dtw,raw_rfu|auc_total|none,0.07851326462523131,1,0.9957923346610164,raw_rfu,auc_total,none,4,AUC to t
diploid,yield_dtw,raw_delta_mm|value_3h|resid,0.07707060977777039,1,0.9957923346610164,raw_delta_mm,value_3h,resid,3,value at t
diploid,yield_dtw,fc_corr|auc_total|none,0.07682430285259413,1,0.9957923346610164,fc_corr,auc_total,none,4,AUC to t
diploid,yield_dtw,fc_corr|auc_0_3h|none,0.07521744338834903,1,0.9957923346610164,fc_corr,auc_0_3h,none,3,AUC to t
diploid,yield_dtw,raw_delta|value_3h|resid,0.07294203655576838,1,0.9957923346610164,raw_delta,value_3h,resid,3,value at t
diploid,yield_dtw,raw_delta_mm|value_4h|resid,0.07201545336105769,1,0.9957923346610164,raw_delta_mm,value_4h,resid,4,value at t
diploid,yield_dtw,raw_rfu|value_3h|resid,0.07165185742389275,1,0.9957923346610164,raw_rfu,value_3h,resid,3,value at t
diploid,yield_dtw,raw_delta|value_4h|resid,0.06785169343545909,1,0.9957923346610164,raw_delta,value_4h,resid,4,value at t
diploid,yield_dtw,raw_delta_mm|value_2h|resid,0.06620964726761738,1,0.9957923346610164,raw_delta_mm,value_2h,resid,2,value at t
diploid,yield_dtw,raw_rfu|value_4h|resid,0.06612754495922529,1,0.9957923346610164,raw_rfu,value_4h,resid,4,value at t
diploid,yield_dtw,raw_delta|value_4h|none,0.06236256767438824,1,0.9957923346610164,raw_delta,value_4h,none,4,value at t
diploid,yield_dtw,fc_corr|value_2h|resid,0.0617643937132459,1,0.9957923346610164,fc_corr,value_2h,resid,2,value at t
diploid,yield_dtw,raw_rfu|value_4h|none,0.05781175400922694,1,0.9957923346610164,raw_rfu,value_4h,none,4,value at t
diploid,yield_dtw,raw_delta|value_2h|resid,0.057272224554078946,1,0.9957923346610164,raw_delta,value_2h,resid,2,value at t
diploid,yield_dtw,fc_corr|value_4h|none,0.05568882289223159,1,0.9957923346610164,fc_corr,value_4h,none,4,value at t
diploid,yield_dtw,fc_corr|value_3h|none,0.05487952870950961,1,0.9957923346610164,fc_corr,value_3h,none,3,value at t
diploid,yield_dtw,raw_delta_mm|auc_total|none,0.05243991726014478,1,0.9957923346610164,raw_delta_mm,auc_total,none,4,AUC to t
diploid,yield_dtw,raw_delta|value_3h|none,0.05207632132297984,1,0.9957923346610164,raw_delta,value_3h,none,3,value at t
diploid,yield_dtw,raw_rfu|value_2h|resid,0.051595436373826194,1,0.9957923346610164,raw_rfu,value_2h,resid,2,value at t
diploid,yield_dtw,fc_corr_mm|auc_total|none,0.05137258725104767,1,0.9957923346610164,fc_corr_mm,auc_total,none,4,AUC to t
diploid,yield_dtw,raw_rfu|value_3h|none,0.049214469430455716,1,0.9957923346610164,raw_rfu,value_3h,none,3,value at t
diploid,yield_dtw,raw_delta_mm|auc_0_3h|none,0.04641126204392595,1,0.9957923346610164,raw_delta_mm,auc_0_3h,none,3,AUC to t
diploid,yield_dtw,fc_corr_mm|auc_0_3h|none,0.04081657617206528,1,0.9957923346610164,fc_corr_mm,auc_0_3h,none,3,AUC to t
diploid,yield_dtw,fc_corr_mm|value_4h|none,0.03438913831508488,1,0.9957923346610164,fc_corr_mm,value_4h,none,4,value at t
diploid,yield_dtw,fc_corr|value_2h|none,0.03406072908151654,1,0.9957923346610164,fc_corr,value_2h,none,2,value at t
diploid,yield_dtw,fc_corr_mm|value_3h|none,0.02950991541635524,1,0.9957923346610164,fc_corr_mm,value_3h,none,3,value at t
diploid,yield_dtw,raw_delta|value_2h|none,0.02790305595211014,1,0.9957923346610164,raw_delta,value_2h,none,2,value at t
diploid,yield_dtw,raw_delta_mm|value_4h|none,0.02758637561974067,1,0.9957923346610164,raw_delta_mm,value_4h,none,4,value at t
diploid,yield_dtw,raw_rfu|value_2h|none,0.02734006869456441,1,0.9957923346610164,raw_rfu,value_2h,none,2,value at t
diploid,yield_dtw,raw_delta_mm|value_3h|none,0.01792176103187234,1,0.9957923346610164,raw_delta_mm,value_3h,none,3,value at t
diploid,yield_dtw,raw_delta_mm|value_2h|none,-0.0105560110789824,1,0.9957923346610164,raw_delta_mm,value_2h,none,2,value at t
diploid,yield_dtw,fc_corr_mm|value_2h|none,0.004937867404723989,1,0.9957923346610164,fc_corr_mm,value_2h,none,2,value at t
pooled_adj,yield_dtw,raw_delta|auc_0_1h|none,0.12681426846406338,0.893,0.7404117794400136,raw_delta,auc_0_1h,none,1,AUC to t
pooled_adj,yield_dtw,raw_delta|auc_0_2h|none,0.12429961418886226,0.899,0.7404117794400136,raw_delta,auc_0_2h,none,2,AUC to t
pooled_adj,yield_dtw,raw_rfu|auc_0_2h|none,0.12384038891190488,0.899,0.7404117794400136,raw_rfu,auc_0_2h,none,2,AUC to t
pooled_adj,yield_dtw,raw_rfu|value_1h|none,0.12206049507983556,0.909,0.7404117794400136,raw_rfu,value_1h,none,1,value at t
pooled_adj,yield_dtw,raw_rfu|auc_0_1h|none,0.11988155031744466,0.92,0.7404117794400136,raw_rfu,auc_0_1h,none,1,AUC to t
pooled_adj,yield_dtw,fc_corr|auc_0_1h|none,0.11894251380283867,0.922,0.7404117794400136,fc_corr,auc_0_1h,none,1,AUC to t
pooled_adj,yield_dtw,fc_corr_mm|auc_total|resid,0.11841994710836992,0.925,0.7404117794400136,fc_corr_mm,auc_total,resid,4,AUC to t
pooled_adj,yield_dtw,fc_corr_mm|auc_0_3h|resid,0.11768360312980032,0.928,0.7404117794400136,fc_corr_mm,auc_0_3h,resid,3,AUC to t
pooled_adj,yield_dtw,fc_corr|auc_0_2h|none,0.11563292473786993,0.937,0.7404117794400136,fc_corr,auc_0_2h,none,2,AUC to t
pooled_adj,yield_dtw,fc_corr|auc_total|resid,0.10801928635300401,0.965,0.7404117794400136,fc_corr,auc_total,resid,4,AUC to t
pooled_adj,yield_dtw,fc_corr|auc_0_3h|resid,0.10745079713083952,0.965,0.7404117794400136,fc_corr,auc_0_3h,resid,3,AUC to t
pooled_adj,yield_dtw,raw_delta|auc_0_3h|none,0.10724810459480316,0.967,0.7404117794400136,raw_delta,auc_0_3h,none,3,AUC to t
pooled_adj,yield_dtw,raw_rfu|auc_0_3h|none,0.10414120806587078,0.977,0.7404117794400136,raw_rfu,auc_0_3h,none,3,AUC to t
pooled_adj,yield_dtw,fc_corr|auc_total|none,0.10266218596698043,0.978,0.7404117794400136,fc_corr,auc_total,none,4,AUC to t
pooled_adj,yield_dtw,fc_corr|auc_0_3h|none,0.10239615201343272,0.979,0.7404117794400136,fc_corr,auc_0_3h,none,3,AUC to t
pooled_adj,yield_dtw,fc_corr|auc_0_2h|resid,0.1008046988984597,0.983,0.7404117794400136,fc_corr,auc_0_2h,resid,2,AUC to t
pooled_adj,yield_dtw,raw_delta|auc_total|none,0.10065426303187021,0.983,0.7404117794400136,raw_delta,auc_total,none,4,AUC to t
pooled_adj,yield_dtw,raw_delta_mm|auc_0_3h|resid,0.09956320711523697,0.984,0.7404117794400136,raw_delta_mm,auc_0_3h,resid,3,AUC to t
pooled_adj,yield_dtw,fc_corr_mm|auc_0_2h|resid,0.09807626733915771,0.986,0.7404117794400136,fc_corr_mm,auc_0_2h,resid,2,AUC to t
pooled_adj,yield_dtw,raw_rfu|auc_total|none,0.09733675628971254,0.988,0.7404117794400136,raw_rfu,auc_total,none,4,AUC to t
pooled_adj,yield_dtw,fc_corr|auc_0_1h|resid,0.09556794720570772,0.99,0.7404117794400136,fc_corr,auc_0_1h,resid,1,AUC to t
pooled_adj,yield_dtw,fc_corr_mm|auc_0_1h|resid,0.09367403882211793,0.99,0.7404117794400136,fc_corr_mm,auc_0_1h,resid,1,AUC to t
pooled_adj,yield_dtw,fc_corr_mm|value_4h|resid,0.09276508948082987,0.99,0.7404117794400136,fc_corr_mm,value_4h,resid,4,value at t
pooled_adj,yield_dtw,fc_corr|value_2h|none,0.0923232830936881,0.99,0.7404117794400136,fc_corr,value_2h,none,2,value at t
pooled_adj,yield_dtw,raw_delta|value_4h|none,0.0918466389269151,0.99,0.7404117794400136,raw_delta,value_4h,none,4,value at t
pooled_adj,yield_dtw,raw_delta_mm|auc_total|resid,0.09152201416216935,0.99,0.7404117794400136,raw_delta_mm,auc_total,resid,4,AUC to t
pooled_adj,yield_dtw,raw_delta_mm|auc_0_2h|resid,0.09093768958562702,0.99,0.7404117794400136,raw_delta_mm,auc_0_2h,resid,2,AUC to t
pooled_adj,yield_dtw,fc_corr_mm|value_3h|resid,0.09066215441945259,0.991,0.7404117794400136,fc_corr_mm,value_3h,resid,3,value at t
pooled_adj,yield_dtw,raw_delta|value_2h|none,0.09058772825387673,0.991,0.7404117794400136,raw_delta,value_2h,none,2,value at t
pooled_adj,yield_dtw,raw_delta|auc_0_3h|resid,0.09047054663148071,0.991,0.7404117794400136,raw_delta,auc_0_3h,resid,3,AUC to t
pooled_adj,yield_dtw,raw_rfu|value_4h|none,0.08941432849447874,0.991,0.7404117794400136,raw_rfu,value_4h,none,4,value at t
pooled_adj,yield_dtw,fc_corr_mm|value_2h|resid,0.08915146161180658,0.991,0.7404117794400136,fc_corr_mm,value_2h,resid,2,value at t
pooled_adj,yield_dtw,raw_rfu|auc_0_3h|resid,0.08902636231222162,0.991,0.7404117794400136,raw_rfu,auc_0_3h,resid,3,AUC to t
pooled_adj,yield_dtw,raw_delta_mm|value_2h|resid,0.08891551483157674,0.991,0.7404117794400136,raw_delta_mm,value_2h,resid,2,value at t
pooled_adj,yield_dtw,fc_corr|value_4h|resid,0.08779278820618781,0.992,0.7404117794400136,fc_corr,value_4h,resid,4,value at t
pooled_adj,yield_dtw,raw_delta|auc_0_2h|resid,0.0876439358750361,0.992,0.7404117794400136,raw_delta,auc_0_2h,resid,2,AUC to t
pooled_adj,yield_dtw,raw_rfu|value_2h|none,0.08724488494471452,0.992,0.7404117794400136,raw_rfu,value_2h,none,2,value at t
pooled_adj,yield_dtw,raw_delta|auc_total|resid,0.08718312706264093,0.992,0.7404117794400136,raw_delta,auc_total,resid,4,AUC to t
pooled_adj,yield_dtw,raw_rfu|auc_0_2h|resid,0.08648162086370258,0.992,0.7404117794400136,raw_rfu,auc_0_2h,resid,2,AUC to t
pooled_adj,yield_dtw,fc_corr|value_4h|none,0.08638027459568441,0.992,0.7404117794400136,fc_corr,value_4h,none,4,value at t
pooled_adj,yield_dtw,fc_corr|value_3h|resid,0.08619658448490146,0.993,0.7404117794400136,fc_corr,value_3h,resid,3,value at t
pooled_adj,yield_dtw,raw_rfu|auc_total|resid,0.08457662773204833,0.994,0.7404117794400136,raw_rfu,auc_total,resid,4,AUC to t
pooled_adj,yield_dtw,fc_corr|value_3h|none,0.0822203270006256,0.995,0.7404117794400136,fc_corr,value_3h,none,3,value at t
pooled_adj,yield_dtw,fc_corr|value_2h|resid,0.08186403152712417,0.995,0.7404117794400136,fc_corr,value_2h,resid,2,value at t
pooled_adj,yield_dtw,fc_corr_mm|auc_0_1h|none,0.0808569029886935,0.995,0.7404117794400136,fc_corr_mm,auc_0_1h,none,1,AUC to t
pooled_adj,yield_dtw,raw_delta|value_3h|none,0.08057345014533014,0.997,0.7404117794400136,raw_delta,value_3h,none,3,value at t
pooled_adj,yield_dtw,raw_rfu|value_3h|none,0.07837233588681027,0.997,0.7404117794400136,raw_rfu,value_3h,none,3,value at t
pooled_adj,yield_dtw,raw_delta_mm|value_3h|resid,0.07806988061819349,0.997,0.7404117794400136,raw_delta_mm,value_3h,resid,3,value at t
pooled_adj,yield_dtw,raw_delta_mm|value_4h|resid,0.07531611249188697,0.997,0.7404117794400136,raw_delta_mm,value_4h,resid,4,value at t
pooled_adj,yield_dtw,raw_delta_mm|auc_0_1h|resid,0.07425672728400941,0.997,0.7404117794400136,raw_delta_mm,auc_0_1h,resid,1,AUC to t
pooled_adj,yield_dtw,raw_rfu|value_1h|resid,0.07387984584981679,0.997,0.7404117794400136,raw_rfu,value_1h,resid,1,value at t
pooled_adj,yield_dtw,raw_delta_mm|auc_0_1h|none,0.07382442210949434,0.997,0.7404117794400136,raw_delta_mm,auc_0_1h,none,1,AUC to t
pooled_adj,yield_dtw,raw_delta|value_2h|resid,0.07358689179382673,0.997,0.7404117794400136,raw_delta,value_2h,resid,2,value at t
pooled_adj,yield_dtw,raw_rfu|auc_0_1h|resid,0.0734918796675597,0.997,0.7404117794400136,raw_rfu,auc_0_1h,resid,1,AUC to t
pooled_adj,yield_dtw,raw_delta|auc_0_1h|resid,0.07308649459548695,0.997,0.7404117794400136,raw_delta,auc_0_1h,resid,1,AUC to t
pooled_adj,yield_dtw,fc_corr_mm|auc_0_2h|none,0.07301998610710003,0.997,0.7404117794400136,fc_corr_mm,auc_0_2h,none,2,AUC to t
pooled_adj,yield_dtw,raw_rfu|value_2h|resid,0.07210153555318526,0.997,0.7471549354018704,raw_rfu,value_2h,resid,2,value at t
pooled_adj,yield_dtw,raw_delta_mm|auc_0_2h|none,0.07024088141378895,0.997,0.7471549354018704,raw_delta_mm,auc_0_2h,none,2,AUC to t
pooled_adj,yield_dtw,raw_delta|value_3h|resid,0.06589407663707161,0.999,0.7471549354018704,raw_delta,value_3h,resid,3,value at t
pooled_adj,yield_dtw,fc_corr_mm|auc_0_3h|none,0.06520682225707333,0.999,0.7471549354018704,fc_corr_mm,auc_0_3h,none,3,AUC to t
pooled_adj,yield_dtw,raw_rfu|value_3h|resid,0.06508489002836396,0.999,0.7471549354018704,raw_rfu,value_3h,resid,3,value at t
pooled_adj,yield_dtw,raw_delta_mm|auc_total|none,0.06426778574246735,0.999,0.7471549354018704,raw_delta_mm,auc_total,none,4,AUC to t
pooled_adj,yield_dtw,raw_delta|value_4h|resid,0.06388932077283696,0.999,0.7471549354018704,raw_delta,value_4h,resid,4,value at t
pooled_adj,yield_dtw,raw_delta_mm|auc_0_3h|none,0.06361061853578696,0.999,0.7471549354018704,raw_delta_mm,auc_0_3h,none,3,AUC to t
pooled_adj,yield_dtw,raw_rfu|value_4h|resid,0.06354252651196224,0.999,0.7471549354018704,raw_rfu,value_4h,resid,4,value at t
pooled_adj,yield_dtw,fc_corr_mm|auc_total|none,0.06296611961260884,1,0.7471549354018704,fc_corr_mm,auc_total,none,4,AUC to t
pooled_adj,yield_dtw,fc_corr_mm|value_2h|none,0.05811099996036281,1,0.7731103693657317,fc_corr_mm,value_2h,none,2,value at t
pooled_adj,yield_dtw,raw_delta_mm|value_2h|none,0.04880139512163013,1,0.8278063221816139,raw_delta_mm,value_2h,none,2,value at t
pooled_adj,yield_dtw,fc_corr_mm|value_4h|none,0.042304149220402,1,0.8323116671465989,fc_corr_mm,value_4h,none,4,value at t
pooled_adj,yield_dtw,fc_corr_mm|value_3h|none,0.04061451690828638,1,0.8323116671465989,fc_corr_mm,value_3h,none,3,value at t
pooled_adj,yield_dtw,raw_delta_mm|value_3h|none,0.04019171294639803,1,0.8323116671465989,raw_delta_mm,value_3h,none,3,value at t
pooled_adj,yield_dtw,raw_delta_mm|value_4h|none,0.03887262792672388,1,0.8362685251136874,raw_delta_mm,value_4h,none,4,value at t
triploid,yield_dtw,raw_delta|value_2h|none,0.15114428058074514,0.977,0.8763162262123619,raw_delta,value_2h,none,2,value at t
triploid,yield_dtw,raw_rfu|value_2h|none,0.14368499571061735,0.984,0.8763162262123619,raw_rfu,value_2h,none,2,value at t
triploid,yield_dtw,fc_corr|value_2h|none,0.1405318157003399,0.987,0.8763162262123619,fc_corr,value_2h,none,2,value at t
triploid,yield_dtw,raw_delta|auc_0_3h|none,0.1265578108970838,0.996,0.8763162262123619,raw_delta,auc_0_3h,none,3,AUC to t
triploid,yield_dtw,raw_rfu|auc_0_3h|none,0.12401581996368831,0.997,0.8763162262123619,raw_rfu,auc_0_3h,none,3,AUC to t
triploid,yield_dtw,fc_corr|auc_total|none,0.12154328233448394,0.997,0.8763162262123619,fc_corr,auc_total,none,4,AUC to t
triploid,yield_dtw,fc_corr|auc_0_3h|none,0.11832064902001534,0.998,0.8763162262123619,fc_corr,auc_0_3h,none,3,AUC to t
triploid,yield_dtw,raw_rfu|auc_0_2h|none,0.11133364661838728,1,0.8763162262123619,raw_rfu,auc_0_2h,none,2,AUC to t
triploid,yield_dtw,raw_delta_mm|value_2h|resid,0.11062522291563773,1,0.8763162262123619,raw_delta_mm,value_2h,resid,2,value at t
triploid,yield_dtw,raw_delta|auc_total|none,0.10908335956259456,1,0.8763162262123619,raw_delta,auc_total,none,4,AUC to t
triploid,yield_dtw,raw_delta|value_3h|none,0.10693030713266942,1,0.8763162262123619,raw_delta,value_3h,none,3,value at t
triploid,yield_dtw,raw_delta|auc_0_2h|none,0.10679140052428714,1,0.8763162262123619,raw_delta,auc_0_2h,none,2,AUC to t
triploid,yield_dtw,fc_corr_mm|value_2h|resid,0.10636079003830212,1,0.8763162262123619,fc_corr_mm,value_2h,resid,2,value at t
triploid,yield_dtw,raw_rfu|auc_total|none,0.10474947338106781,1,0.8763162262123619,raw_rfu,auc_total,none,4,AUC to t
triploid,yield_dtw,raw_rfu|value_3h|none,0.10402715901748004,1,0.8763162262123619,raw_rfu,value_3h,none,3,value at t
triploid,yield_dtw,fc_corr_mm|auc_total|resid,0.10366600183568613,1,0.8763162262123619,fc_corr_mm,auc_total,resid,4,AUC to t
triploid,yield_dtw,fc_corr|value_4h|none,0.1034993139056274,1,0.8763162262123619,fc_corr,value_4h,none,4,value at t
triploid,yield_dtw,raw_delta|value_4h|none,0.10255474896862798,1,0.8763162262123619,raw_delta,value_4h,none,4,value at t
triploid,yield_dtw,fc_corr|value_2h|resid,0.10201301319593715,1,0.8763162262123619,fc_corr,value_2h,resid,2,value at t
triploid,yield_dtw,fc_corr|value_3h|none,0.10187410658755487,1,0.8763162262123619,fc_corr,value_3h,none,3,value at t
triploid,yield_dtw,raw_rfu|value_4h|none,0.10158240270995211,1,0.8763162262123619,raw_rfu,value_4h,none,4,value at t
triploid,yield_dtw,fc_corr|auc_0_2h|none,0.10122124552815823,1,0.8763162262123619,fc_corr,auc_0_2h,none,2,AUC to t
triploid,yield_dtw,raw_delta_mm|value_2h|none,0.09570665317538221,1,0.8763162262123619,raw_delta_mm,value_2h,none,2,value at t
triploid,yield_dtw,fc_corr_mm|value_2h|none,0.0921228626791197,1,0.8763162262123619,fc_corr_mm,value_2h,none,2,value at t
triploid,yield_dtw,fc_corr_mm|value_3h|resid,0.08776119517591652,1,0.8763162262123619,fc_corr_mm,value_3h,resid,3,value at t
triploid,yield_dtw,fc_corr_mm|value_4h|resid,0.08423296732300693,1,0.8763162262123619,fc_corr_mm,value_4h,resid,4,value at t
triploid,yield_dtw,raw_delta|value_2h|resid,0.08305226115175765,1,0.8763162262123619,raw_delta,value_2h,resid,2,value at t
triploid,yield_dtw,raw_rfu|value_2h|resid,0.08298280784756652,1,0.8763162262123619,raw_rfu,value_2h,resid,2,value at t
triploid,yield_dtw,fc_corr|value_4h|resid,0.08103811533021478,1,0.8763162262123619,fc_corr,value_4h,resid,4,value at t
triploid,yield_dtw,raw_delta_mm|auc_total|resid,0.08024634766243587,1,0.8763162262123619,raw_delta_mm,auc_total,resid,4,AUC to t
triploid,yield_dtw,raw_delta_mm|value_4h|resid,0.0788156095960985,1,0.8763162262123619,raw_delta_mm,value_4h,resid,4,value at t
triploid,yield_dtw,fc_corr|auc_total|resid,0.07857946836184865,1,0.8763162262123619,fc_corr,auc_total,resid,4,AUC to t
triploid,yield_dtw,raw_delta_mm|value_3h|resid,0.07789882598077554,1,0.8763162262123619,raw_delta_mm,value_3h,resid,3,value at t
triploid,yield_dtw,fc_corr|value_3h|resid,0.07673201047036449,1,0.8763162262123619,fc_corr,value_3h,resid,3,value at t
triploid,yield_dtw,raw_delta_mm|auc_0_3h|none,0.07264815618392582,1,0.8763162262123619,raw_delta_mm,auc_0_3h,none,3,AUC to t
triploid,yield_dtw,fc_corr_mm|auc_0_3h|none,0.07173137256860287,1,0.8763162262123619,fc_corr_mm,auc_0_3h,none,3,AUC to t
triploid,yield_dtw,raw_delta_mm|auc_0_3h|resid,0.06898102172263397,1,0.8763162262123619,raw_delta_mm,auc_0_3h,resid,3,AUC to t
triploid,yield_dtw,raw_delta_mm|auc_total|none,0.06881433379257525,1,0.8763162262123619,raw_delta_mm,auc_total,none,4,AUC to t
triploid,yield_dtw,fc_corr_mm|value_4h|none,0.06771697158635534,1,0.8763162262123619,fc_corr_mm,value_4h,none,4,value at t
triploid,yield_dtw,fc_corr_mm|auc_total|none,0.0677030809255171,1,0.8763162262123619,fc_corr_mm,auc_total,none,4,AUC to t
triploid,yield_dtw,fc_corr_mm|auc_0_3h|resid,0.06667517202348833,1,0.8763162262123619,fc_corr_mm,auc_0_3h,resid,3,AUC to t
triploid,yield_dtw,fc_corr|auc_0_1h|none,0.06589729501654763,1,0.8763162262123619,fc_corr,auc_0_1h,none,1,AUC to t
triploid,yield_dtw,fc_corr_mm|value_3h|none,0.06399427448171058,1,0.8763162262123619,fc_corr_mm,value_3h,none,3,value at t
triploid,yield_dtw,raw_delta|auc_0_3h|resid,0.062438520467829176,1,0.8763162262123619,raw_delta,auc_0_3h,resid,3,AUC to t
triploid,yield_dtw,raw_delta|value_4h|resid,0.062382957824476275,1,0.8763162262123619,raw_delta,value_4h,resid,4,value at t
triploid,yield_dtw,raw_rfu|auc_0_1h|none,0.06227183253777046,1,0.8763162262123619,raw_rfu,auc_0_1h,none,1,AUC to t
triploid,yield_dtw,raw_rfu|value_1h|none,0.06189678469513834,1,0.8763162262123619,raw_rfu,value_1h,none,1,value at t
triploid,yield_dtw,raw_delta|auc_0_1h|none,0.0618273313909472,1,0.8763162262123619,raw_delta,auc_0_1h,none,1,AUC to t
triploid,yield_dtw,raw_rfu|value_4h|resid,0.061785659408432524,1,0.8763162262123619,raw_rfu,value_4h,resid,4,value at t
triploid,yield_dtw,raw_delta|value_3h|resid,0.06078553182808019,1,0.8763162262123619,raw_delta,value_3h,resid,3,value at t
triploid,yield_dtw,raw_delta_mm|value_3h|none,0.060618843898021475,1,0.8763162262123619,raw_delta_mm,value_3h,none,3,value at t
triploid,yield_dtw,raw_rfu|auc_total|resid,0.060618843898021475,1,0.8763162262123619,raw_rfu,auc_total,resid,4,AUC to t
triploid,yield_dtw,raw_delta|auc_total|resid,0.05889640195408136,1,0.8763162262123619,raw_delta,auc_total,resid,4,AUC to t
triploid,yield_dtw,raw_delta_mm|auc_0_1h|resid,-0.05853524477228747,1,0.8763162262123619,raw_delta_mm,auc_0_1h,resid,1,AUC to t
triploid,yield_dtw,raw_rfu|auc_0_3h|resid,0.05835466618139052,1,0.8763162262123619,raw_rfu,auc_0_3h,resid,3,AUC to t
triploid,yield_dtw,fc_corr|auc_0_3h|resid,0.058104634286302435,1,0.8763162262123619,fc_corr,auc_0_3h,resid,3,AUC to t
triploid,yield_dtw,raw_rfu|value_3h|resid,0.05796572767792017,1,0.8763162262123619,raw_rfu,value_3h,resid,3,value at t
triploid,yield_dtw,raw_delta_mm|value_4h|none,0.056840584150023805,1,0.8763162262123619,raw_delta_mm,value_4h,none,4,value at t
triploid,yield_dtw,raw_rfu|value_1h|resid,-0.04957576853163122,1,0.8763162262123619,raw_rfu,value_1h,resid,1,value at t
triploid,yield_dtw,fc_corr_mm|auc_0_1h|resid,-0.04893679813307279,1,0.8763162262123619,fc_corr_mm,auc_0_1h,resid,1,AUC to t
triploid,yield_dtw,raw_delta_mm|auc_0_2h|none,0.04790888923104401,1,0.8763162262123619,raw_delta_mm,auc_0_2h,none,2,AUC to t
triploid,yield_dtw,fc_corr_mm|auc_0_2h|none,0.046408697860515526,1,0.8763162262123619,fc_corr_mm,auc_0_2h,none,2,AUC to t
triploid,yield_dtw,raw_delta|auc_0_1h|resid,-0.04633924455632439,1,0.8763162262123619,raw_delta,auc_0_1h,resid,1,AUC to t
triploid,yield_dtw,raw_rfu|auc_0_1h|resid,-0.04485294384663413,1,0.8763162262123619,raw_rfu,auc_0_1h,resid,1,AUC to t
triploid,yield_dtw,fc_corr|auc_0_1h|resid,-0.03558787306753689,1,0.8905341484294318,fc_corr,auc_0_1h,resid,1,AUC to t
triploid,yield_dtw,fc_corr|auc_0_2h|resid,0.02285013707888298,1,0.9226366009724278,fc_corr,auc_0_2h,resid,2,AUC to t
triploid,yield_dtw,raw_rfu|auc_0_2h|resid,0.013737863569006243,1,0.9612916411286905,raw_rfu,auc_0_2h,resid,2,AUC to t
triploid,yield_dtw,fc_corr_mm|auc_0_1h|none,0.012321016163507115,1,0.9612916411286905,fc_corr_mm,auc_0_1h,none,1,AUC to t
triploid,yield_dtw,fc_corr_mm|auc_0_2h|resid,0.012237672198477755,1,0.9612916411286905,fc_corr_mm,auc_0_2h,resid,2,AUC to t
triploid,yield_dtw,raw_delta|auc_0_2h|resid,0.009862369195140983,1,0.9701928786816005,raw_delta,auc_0_2h,resid,2,AUC to t
triploid,yield_dtw,raw_delta_mm|auc_0_1h|none,0.008167708572877321,1,0.9750735878524157,raw_delta_mm,auc_0_1h,none,1,AUC to t
triploid,yield_dtw,raw_delta_mm|auc_0_2h|resid,0.006931439758275142,1,0.9787283961575513,raw_delta_mm,auc_0_2h,resid,2,AUC to t
