trace_id,live_dead_sampling,shell_height,shell_length,shell_width,cup,fan,whole_wet_weight,dry_shell_weight,dry_tissue_weight,condition_index,notes,length_mm,ploidy,survived,growth_abs,growth_log,yield_dtw,yield_www,perf_composite
20250826 plate1 A02,0,63.53,51.52,21.19,0.333543,0.810955,46.195,30.337,3.358,6.94,NA,22.74,diploid,1,40.790000000000006,1.027386746956052,3.358,46.195,42.142857142857146
20250826 plate1 B02,0,57.63,49.87,24,0.41645,0.865348,45.927,33.622,3.382,9.12,NA,21.73,diploid,1,35.900000000000006,0.9753494711802366,3.382,45.927,50.71428571428571
20250826 plate1 C02,0,67.94,54.47,26.85,0.395202,0.801737,57.333,38.793,3.821,8.5,NA,21.98,diploid,1,45.959999999999994,1.1284920137569625,3.821,57.333,73.57142857142858
20250826 plate1 D02,0,66.19,54.62,27.71,0.418643,0.8252,62.225,43.191,3.802,7.97,NA,25.12,diploid,1,41.06999999999999,0.9688650525308334,3.802,62.225,57.14285714285714
20250826 plate1 E02,0,65.24,50.69,23.85,0.365573,0.776977,54.518,36.356,3.794,8.61,NA,23.2,diploid,1,42.03999999999999,1.0339204990805488,3.794,54.518,65
20250826 plate1 F02,0,64.89,54.28,26.87,0.414085,0.836493,56.371,38.715,3.256,5.87,NA,24.86,diploid,1,40.03,0.959433442550512,3.256,56.371,27.142857142857142
20250826 plate1 A03,1,48.45,NA,NA,NA,NA,NA,NA,NA,NA,NA,26.02,triploid,0,NA,NA,0,0,NA
20250826 plate1 B03,0,75.62,60.59,33.48,0.4427400158688177,0.8012430573922242,96.694,68.323,4.821,8.829438511155754,NA,26.32,triploid,1,49.300000000000004,1.0553916920056705,4.821,96.694,62.745098039215684
20250826 plate1 C03,0,65.67,56.01,27.76,0.42271965890056346,0.8529008679762448,61.565,47.326,3.589,9.495048809607418,NA,23.69,triploid,1,41.980000000000004,1.0195891820321872,3.589,61.565,44.11764705882353
20250826 plate1 D03,0,61.82,51.14,29.23,0.4728243286962148,0.8272403752830799,56.574,43.432,3.365,8.263582407548324,NA,26.87,triploid,1,34.95,0.8332165140765704,3.365,56.574,22.54901960784314
20250826 plate1 E03,NA,NA,NA,NA,NA,NA,NA,NA,NA,NA,NA,24.98,triploid,NA,NA,NA,NA,NA,NA
20250826 plate1 F03,0,71.07,58.73,29.63,0.41691290277191506,0.8263683692134516,72.084,46.807,4.183,7.722435415595205,NA,23.07,triploid,1,47.99999999999999,1.1251322346531414,4.183,72.084,49.01960784313725
20250826 plate1 A04,0,57.67,49.2,21.69,0.37610542743194036,0.8531298768857292,37.38,24.307,3.112,6.792626023101045,NA,21.56,diploid,1,36.11,0.983897361586525,3.112,37.38,27.142857142857142
20250826 plate1 B04,0,54.03,48.3,20.95,0.3877475476587081,0.8939478067740144,36.909,26.646,3.017,7.414985871577515,NA,23.01,diploid,1,31.02,0.8536105438086998,3.017,36.909,23.57142857142857
20250826 plate1 C04,1,NA,NA,NA,NA,NA,NA,NA,NA,NA,NA,22.73,diploid,0,NA,NA,0,0,NA
20250826 plate1 D04,0,55.23,54.74,31.04,0.5620133985152996,0.9911280101394171,49.63,32.384,3.447,7.161080830337468,NA,24.18,diploid,1,31.049999999999997,0.8259804387264496,3.447,49.63,19.28571428571429
20250826 plate1 E04,0,56.72,45.99,25.17,0.4437588152327222,0.8108251057827928,42.215,28.542,3.219,7.057704965991368,NA,16.92,diploid,1,39.8,1.2096305280457949,3.219,42.215,37.857142857142854
20250826 plate1 F04,0,55.2,43.79,22.69,0.41105072463768116,0.7932971014492753,39.486,26.062,3.302,7.777115613825986,NA,21,diploid,1,34.2,0.9664405155596266,3.302,39.486,32.14285714285714
20250826 plate1 A05,0,67.65,47.32,30.86,0.4561714708056171,0.6994826311899482,69.185,48.064,5.046,13.209601818095734,NA,26.49,triploid,1,41.16000000000001,0.9375800513328189,5.046,69.185,64.70588235294117
20250826 plate1 B05,0,68.39,47.15,27.35,0.3999122678754204,0.6894282789881562,70.851,56.013,3.607,9.071303410163095,NA,26.58,triploid,1,41.81,0.9450675618249054,3.607,70.851,37.254901960784316
20250826 plate1 C05,0,71.62,55.54,25.25,0.3525551521921251,0.7754817090198268,63.403,44.167,3.343,5.864004990642547,NA,27.01,triploid,1,44.61,0.9751671967657625,3.343,63.403,28.431372549019606
20250826 plate1 D05,0,75.64,62.02,29.21,0.3861713379164463,0.8199365415124273,85.052,62.655,3.461,5.165870429075321,NA,30.71,triploid,1,44.93,0.9013969093375258,3.461,85.052,29.411764705882355
20250826 plate1 E05,1,47.18,NA,NA,NA,NA,NA,NA,NA,NA,NA,27.03,triploid,0,NA,NA,0,0,NA
20250826 plate1 F05,0,64.5,50,27.63,0.4283720930232558,0.7751937984496124,62.07,48.437,3.217,7.291131812513754,NA,31.53,triploid,1,32.97,0.7157257502447573,3.217,62.07,10.784313725490197
20250826 plate1 A06,0,66.65,54.33,27.57,0.41365341335333833,0.8151537884471117,57.547,43.328,4.305,14.361066179056198,NA,24.21,diploid,1,42.440000000000005,1.0126892756747505,4.305,57.547,84.28571428571429
20250826 plate1 B06,0,67.87,53.63,28.93,0.426256077795786,0.7901871224399587,72.92,51.316,4.402,9.729679688946494,NA,22.15,diploid,1,45.720000000000006,1.1197566142245226,4.402,72.92,83.57142857142857
20250826 plate1 C06,0,63.8,52.17,23.69,0.37131661442006275,0.8177115987460816,49.669,36.095,3.167,6.954471784293503,NA,23.33,diploid,1,40.47,1.0060131043174056,3.167,49.669,42.142857142857146
20250826 plate1 D06,0,54.12,47.51,23.8,0.4397634885439764,0.8778640059127865,40.702,28.844,3.002,6.181480856805531,NA,21.16,diploid,1,32.959999999999994,0.9390911963124886,3.002,40.702,11.428571428571429
20250826 plate1 E06,0,59.28,51.72,29.09,0.4907219973009447,0.8724696356275303,49.741,36.764,3.441,9.27795330199584,NA,24.24,diploid,1,35.040000000000006,0.8942678197867179,3.441,49.741,50
20250826 plate1 F06,0,64.66,49.78,25.22,0.390040210330962,0.7698731828023508,48.49,32.656,3.446,7.648099027409374,NA,25.02,diploid,1,39.64,0.9494672672585219,3.446,48.49,42.85714285714286
20250826 plate1 A07,0,79.74,61.25,29.55,0.3705793829947329,0.7681213945322298,94.812,68.193,4.784,9.568353431759268,NA,32.93,triploid,1,46.809999999999995,0.884387245564936,4.784,94.812,59.80392156862745
20250826 plate1 B07,0,70.88,54.09,25.33,0.3573645598194131,0.7631207674943568,72.548,51.98,4.17,9.378646441073508,NA,23.78,triploid,1,47.099999999999994,1.0921434150341895,4.17,72.548,59.80392156862745
20250826 plate1 C07,NA,NA,NA,NA,NA,NA,NA,NA,NA,NA,NA,26.59,triploid,NA,NA,NA,NA,NA,NA
20250826 plate1 D07,0,79.25,55.67,30.65,0.38675078864353313,0.7024605678233439,85.076,60.22,5.14,11.610878661087867,NA,31.16,triploid,1,48.09,0.9334721917548424,5.14,85.076,83.33333333333333
20250826 plate1 E07,1,88.66,NA,NA,NA,NA,NA,NA,NA,NA,NA,35.14,triploid,0,NA,NA,0,0,NA
20250826 plate1 F07,0,56.07,43.23,24.3,0.4333868378812199,0.7710005350454788,56.236,37.433,3.501,6.573419135244375,NA,25.66,triploid,1,30.41,0.7816675509480908,3.501,56.236,7.8431372549019605
20250826 plate1 A08,1,NA,NA,NA,NA,NA,NA,NA,NA,NA,NA,20.3,diploid,0,NA,NA,0,0,NA
20250826 plate1 B08,0,47.31,37.78,23.29,0.492284929190446,0.79856267173959,30.046,21.777,3.389,13.70177772402951,NA,21.22,diploid,1,26.090000000000003,0.8017775564572197,3.389,30.046,49.28571428571429
20250826 plate1 C08,0,69.18,54.27,25.4,0.36715813819022836,0.7844752818733738,59.828,39.095,3.602,6.607823276901555,NA,23.48,diploid,1,45.7,1.080562808549127,3.602,59.828,51.42857142857142
20250826 plate1 D08,0,62.48,45.25,25.9,0.4145326504481434,0.7242317541613317,45.954,30.189,3.806,9.57183634633682,NA,21.13,diploid,1,41.349999999999994,1.084152673903465,3.806,45.954,71.42857142857143
20250826 plate1 E08,1,49.49,NA,NA,NA,NA,NA,NA,NA,NA,NA,23.8,diploid,0,NA,NA,0,0,NA
20250826 plate1 F08,0,62.95,50.58,25.8,0.40984908657664815,0.8034948371723589,47.534,33.469,3.5,8.837539992890154,NA,20.11,diploid,1,42.84,1.1411235567057956,3.5,47.534,67.85714285714286
20250826 plate2 A01,0,80.93,56.44,28.07,0.34684295069813414,0.6973928086000246,84.337,57.035,2.772,1.9375869899641043,NA,25.03,triploid,1,55.900000000000006,1.1735094780639277,2.772,84.337,50
20250826 plate2 B01,0,69.82,56.32,28.35,0.40604411343454605,0.8066456602692639,75.054,52.312,4.534,9.858411749186526,NA,27.65,triploid,1,42.169999999999995,0.9262947737085461,4.534,75.054,49.01960784313726
20250826 plate2 C01,1,63.13,NA,NA,NA,NA,NA,NA,NA,NA,NA,23.38,triploid,0,NA,NA,0,0,NA
20250826 plate2 D01,0,73.64,55.89,31.56,0.42857142857142855,0.7589625203693645,84.327,54.19,4.809,8.544314298038955,NA,26.78,triploid,1,46.86,1.0115330161018505,4.809,84.327,52.94117647058824
20250826 plate2 E01,1,68.54,NA,NA,NA,NA,NA,NA,NA,NA,NA,25.68,triploid,0,NA,NA,0,0,NA
20250826 plate2 F01,0,71.66,56,30.55,0.426318727323472,0.7814680435389338,78.372,55.081,4.852,11.158816710317291,NA,23.69,triploid,1,47.97,1.1068796937061136,4.852,78.372,78.43137254901961
20250826 plate2 A02,0,54.83,41.99,25.59,0.4667153018420573,0.765821630494255,42.785,31.588,3.176,8.145038849691888,NA,26.69,diploid,1,28.139999999999997,0.7199485259995242,3.176,42.785,28.57142857142857
20250826 plate2 B02,0,57.19,50.33,23.73,0.4149326805385557,0.8800489596083232,42.931,28.111,3.367,7.800269905533066,NA,22.66,diploid,1,34.53,0.9257778023273645,3.367,42.931,34.285714285714285
20250826 plate2 C02,NA,NA,NA,NA,NA,NA,NA,NA,NA,NA,NA,24.29,diploid,NA,NA,NA,NA,NA,NA
20250826 plate2 D02,0,58.55,52.32,28.96,0.49461998292058074,0.8935952177625961,67.064,40.711,3.957,6.249762835350815,NA,25.38,diploid,1,33.17,0.8359196277574846,3.957,67.064,12.857142857142856
20250826 plate2 E02,0,66.84,53.36,25.02,0.374326750448833,0.798324356672651,54.575,37.832,3.83,9.275518126978437,NA,18.43,diploid,1,48.410000000000004,1.288321932045461,3.83,54.575,84.28571428571429
20250826 plate2 F02,0,54.66,48,28.45,0.5204903036955727,0.8781558726673985,49.013,36.107,3.229,7.825817449248413,NA,23.32,diploid,1,31.339999999999996,0.8518208190176302,3.229,49.013,28.57142857142857
20250826 plate2 A03,1,47.42,NA,NA,NA,NA,NA,NA,NA,NA,NA,27.21,triploid,0,NA,NA,0,0,NA
20250826 plate2 B03,0,79.68,63.9,29.12,0.365462,0.801958,98.155,69.19,5.577,11.61,NA,26.97,triploid,1,52.71000000000001,1.0832934761247044,5.577,98.155,91.1764705882353
20250826 plate2 C03,0,72.14,60.1,32.01,0.443721,0.833102,79.49,58.394,4.588,11.24,NA,22.05,triploid,1,50.09,1.185296073582538,4.588,79.49,88.23529411764706
20250826 plate2 D03,0,64.39,49.45,32.9,0.510949,0.767976,67.149,45.658,4.53,10.63,NA,26.92,triploid,1,37.47,0.8720888367735651,4.53,67.149,50
20250826 plate2 E03,0,69.86,49.35,26.62,0.381048,0.706413,64.113,43.77,3.798,7.63,NA,30.53,triploid,1,39.33,0.8277834326318995,3.798,64.113,21.568627450980394
20250826 plate2 F03,0,89.66,59.4,30.57,0.340955,0.662503,101.6,70.938,5.471,10.44,NA,34.89,triploid,1,54.769999999999996,0.9438244835286107,5.471,101.6,83.33333333333333
20250826 plate2 A04,0,59.85,46,34.04,0.568755,0.768588,47.02,32.894,3.276,7.26,NA,24.06,diploid,1,35.790000000000006,0.9112907214574494,3.276,47.02,31.428571428571427
20250826 plate2 B04,0,69.17,58.05,26.7,0.386005,0.839237,60.849,43.271,3.616,7.8,NA,24.93,diploid,1,44.24,1.0204953450770269,3.616,60.849,62.142857142857146
20250826 plate2 C04,NA,NA,NA,NA,NA,NA,NA,NA,NA,NA,NA,23.97,diploid,NA,NA,NA,NA,NA,NA
20250826 plate2 D04,0,57.53,48.57,26.17,0.4548930992525639,0.8442551712150183,49.25,33.523,3.432,7.331341005913399,NA,23.6,diploid,1,33.93,0.8910598388436377,3.432,49.25,27.857142857142858
20250826 plate2 E04,0,70.4,52.58,20,0.28409090909090906,0.746875,61.396,42.225,3.811,8.293777059099682,NA,25.55,diploid,1,44.85000000000001,1.0135559465142834,3.811,61.396,68.57142857142857
20250826 plate2 F04,0,62.23,47.67,23.66,0.3802024746906637,0.766029246344207,47.7,34.017,3.776,11.510633632975223,NA,22.01,diploid,1,40.22,1.0393403030427562,3.776,47.7,74.28571428571429
20250826 plate2 A05,0,60.6,48.81,25.44,0.4198019801980198,0.8054455445544555,50.818,40.188,3.301,9.990592662276583,NA,23.84,triploid,1,36.760000000000005,0.9329300508781198,3.301,50.818,38.23529411764706
20250826 plate2 B05,0,64.09,51.29,24.23,0.3780621001716336,0.8002808550475893,58.577,40.83,4.079,10.475009860821546,NA,24.21,triploid,1,39.88,0.9735225745661684,4.079,58.577,50
20250826 plate2 C05,1,67.59,NA,NA,NA,NA,NA,NA,NA,NA,NA,27.39,triploid,0,NA,NA,0,0,NA
20250826 plate2 D05,0,77.04,57.56,30.47,0.3955088265835929,0.7471443406022845,82.357,59.09,4.624,10.177504620277649,NA,31.98,triploid,1,45.06,0.8792140600840619,4.624,82.357,58.82352941176471
20250826 plate2 E05,1,63.44,NA,NA,NA,NA,NA,NA,NA,NA,NA,23.41,triploid,0,NA,NA,0,0,NA
20250826 plate2 F05,0,60.23,46.63,26.7,0.4433006807238918,0.7741989042005646,54.666,41.333,3.035,6.01515037875947,NA,27.24,triploid,1,32.989999999999995,0.7934840857743181,3.035,54.666,7.8431372549019605
20250826 plate2 A06,0,64.19,54.2,25.05,0.39024770213428883,0.8443682816638106,50.776,32.701,4.026,9.742738589211616,NA,21.08,diploid,1,43.11,1.1135227116505253,4.026,50.776,77.14285714285715
20250826 plate2 B06,1,NA,NA,NA,NA,NA,NA,NA,NA,NA,NA,22.34,diploid,0,NA,NA,0,0,NA
20250826 plate2 C06,0,69.08,65.79,27.45,0.39736537348002315,0.9523740590619573,69.63,47.07,3.711,6.60904255319149,NA,23.4,diploid,1,45.68,1.0825292309148222,3.711,69.63,51.42857142857144
20250826 plate2 D06,0,57.77,48.55,23.84,0.41267093647221736,0.8404015925220701,46.397,32.123,3.45,8.58203727056186,NA,24.44,diploid,1,33.33,0.8602484754897796,3.45,46.397,37.857142857142854
20250826 plate2 E06,0,69.53,57.27,29,0.41708614986336834,0.8236732345750036,75.364,52.001,4.767,10.859050635620424,NA,26.07,diploid,1,43.46,0.980973086165516,4.767,75.364,82.14285714285714
20250826 plate2 F06,0,73.68,58.8,26.62,0.36129207383279044,0.7980456026058631,68.077,46.522,4.407,10.178612850846672,NA,23.73,diploid,1,49.95,1.1329913214993794,4.407,68.077,92.85714285714286
20250826 plate2 A07,0,69.37,51.27,28.54,0.41141703906587856,0.7390802940752487,67.634,47.606,4.302,10.3654883163571,NA,23.63,triploid,1,45.74000000000001,1.0769374061983936,4.302,67.634,64.70588235294117
20250826 plate2 B07,1,50.9,NA,NA,NA,NA,NA,NA,NA,NA,NA,19.74,triploid,0,NA,NA,0,0,NA
20250826 plate2 C07,1,NA,NA,NA,NA,NA,NA,NA,NA,NA,NA,32.72,triploid,0,NA,NA,0,0,NA
20250826 plate2 D07,1,60.98,NA,NA,NA,NA,NA,NA,NA,NA,NA,30.83,triploid,0,NA,NA,0,0,NA
20250826 plate2 E07,0,75.13,55.29,26.56,0.3535205643551178,0.7359243977106349,72.873,51.536,3.932,7.972067300932652,NA,32.59,triploid,1,42.53999999999999,0.835214453531599,3.932,72.873,36.274509803921575
20250826 plate2 F07,1,71.62,NA,NA,NA,NA,NA,NA,NA,NA,NA,28.82,triploid,0,NA,NA,0,0,NA
20250826 plate3 A01,0,64.96,52.33,30.47,0.469057881773399,0.8055726600985222,72.623,53.861,4.209,10.457307323313074,NA,25.19,triploid,1,39.769999999999996,0.9473246054889035,4.209,72.623,48.03921568627451
20250826 plate3 B01,0,71.25,52.11,25.35,0.35578947368421054,0.7313684210526316,60.967,43.987,3.967,10.276796230859837,NA,31.13,triploid,1,40.120000000000005,0.8280228346952431,3.967,60.967,45.09803921568627
20250826 plate3 C01,NA,NA,NA,NA,NA,NA,NA,NA,NA,NA,NA,26.95,triploid,NA,NA,NA,NA,NA,NA
20250826 plate3 D01,1,51.56,NA,NA,NA,NA,NA,NA,NA,NA,NA,24.79,triploid,0,NA,NA,0,0,NA
20250826 plate3 E01,1,68.48,NA,NA,NA,NA,NA,NA,NA,NA,NA,31.97,triploid,0,NA,NA,0,0,NA
20250826 plate3 F01,0,59.99,49.07,27.07,0.4512418736456076,0.8179696616102684,51.74,42.179,3.952,17.65505700240561,NA,24.4,triploid,1,35.59,0.8995947493658457,3.952,51.74,58.82352941176471
20250826 plate3 A02,0,57.41,47.17,25.15,0.43807699007141615,0.8216338616965686,41.37,29.304,3.31,8.967346262224432,NA,21,diploid,1,36.41,1.0056960664561223,3.31,41.37,51.42857142857142
20250826 plate3 B02,1,39.85,NA,NA,NA,NA,NA,NA,NA,NA,NA,18.06,diploid,0,NA,NA,0,0,NA
20250826 plate3 C02,0,56.27,43.82,24.43,0.43415674426870443,0.7787453349920028,39.153,26.547,3.669,11.27240996350944,NA,21.14,diploid,1,35.13,0.9789945530030961,3.669,39.153,59.285714285714285
20250826 plate3 D02,0,70.19,60.08,27.59,0.3930759367431258,0.8559623878045306,65.953,50.662,3.38,7.29841082989994,NA,25.54,diploid,1,44.65,1.0109600001379369,3.38,65.953,57.857142857142854
20250826 plate3 E02,0,63.99,50.37,22.95,0.35864978902953587,0.7871542428504453,46.082,32.093,3.053,5.690185145471442,NA,24.11,diploid,1,39.88,0.9761001289582893,3.053,46.082,25.71428571428571
20250826 plate3 F02,0,61.24,47.81,23.29,0.3803069888961463,0.780698889614631,42.856,28.013,3.268,6.952772350602975,NA,29.57,diploid,1,31.67,0.7280402369250971,3.268,42.856,17.857142857142854
20250826 plate3 A03,1,71.62,NA,NA,NA,NA,NA,NA,NA,NA,NA,25.04,triploid,0,NA,NA,0,0,NA
20250826 plate3 B03,0,64.97,55.83,27.13,0.41757734338925656,0.8593196860089272,66.028,45.18,4.291,9.770721412125862,NA,19.48,triploid,1,45.489999999999995,1.2045373266780506,4.291,66.028,57.843137254901954
20250826 plate3 C03,0,80.95,64.69,27.8,0.34342186534898084,0.799135268684373,90.996,61.388,4.555,7.822210213455823,NA,36.16,triploid,1,44.790000000000006,0.8058781445996684,4.555,90.996,40.19607843137255
20250826 plate3 D03,0,56.35,45.36,25.35,0.44986690328305234,0.8049689440993788,46.518,35.827,3.349,10.597698999158169,NA,21.27,triploid,1,35.08,0.9742846112736395,3.349,46.518,45.09803921568628
20250826 plate3 E03,0,71.41,57.28,29.73,0.4163282453437894,0.8021285534238902,76.245,55.392,3.939,8.171486117105452,NA,29.43,triploid,1,41.98,0.8864233533156372,3.939,76.245,33.333333333333336
20250826 plate3 F03,1,68.79,NA,NA,NA,NA,NA,NA,NA,NA,NA,30.81,triploid,0,NA,NA,0,0,NA
20250826 plate3 A04,1,60.31,NA,NA,NA,NA,NA,NA,NA,NA,NA,20.88,diploid,0,NA,NA,0,0,NA
20250826 plate3 B04,0,56.77,46.78,26.49,0.46661969350008803,0.8240267747049498,44.464,32.626,3.35,9.156952187869573,NA,21.25,diploid,1,35.52,0.982651121812209,3.35,44.464,50
20250826 plate3 C04,0,64.86,55.37,26.24,0.40456367560900397,0.8536848596978106,55.465,34.067,3.438,5.608000747733433,NA,24,diploid,1,40.86,0.9941772705312263,3.438,55.465,32.14285714285714
20250826 plate3 D04,0,60.04,58.15,26.91,0.448201199200533,0.9685209860093271,53.647,36.244,3.852,8.940987186117336,NA,19.53,diploid,1,40.51,1.1230592618766735,3.852,53.647,62.857142857142854
20250826 plate3 E04,0,66.59,53.48,24.28,0.36461931220904037,0.8031235921309505,58.362,41.874,3.453,7.199175157690441,NA,26.16,diploid,1,40.43000000000001,0.9343228895335332,3.453,58.362,44.285714285714285
20250826 plate3 F04,0,69.19,48.35,28.92,0.41797947680300623,0.6988004046827576,63.69,45.12,4.025,9.542272482498655,NA,26.77,diploid,1,42.42,0.9495744859784585,4.025,63.69,72.85714285714285
20250826 plate3 A06,0,57.82,53,27.84,0.48149429263230714,0.9166378415773089,54.023,37.156,3.492,7.375348313274438,NA,19.39,diploid,1,38.43,1.0925772673336396,3.492,54.023,40
20250826 plate3 B06,0,72.07,56.23,27.21,0.3775496045511309,0.7802136811433329,65.681,45.326,4.294,9.93367722918202,NA,22.49,diploid,1,49.58,1.1645671029651252,4.294,65.681,90
20250826 plate3 C06,0,77.48,57.2,28.9,0.3729994837377387,0.738255033557047,67.001,42.263,3.709,6.010995230010509,NA,29.03,diploid,1,48.45,0.9816900605022566,3.709,67.001,52.142857142857146
20250826 plate3 D06,0,70.74,52.61,25.03,0.35383093016680806,0.7437093582131751,51.609,34.629,3.372,6.36042402826855,NA,23.36,diploid,1,47.379999999999995,1.1079860258173082,3.372,51.609,54.285714285714285
20250826 plate3 E06,0,61.96,51.05,23.23,0.3749193027759845,0.8239186571981924,44.919,31.09,3.202,6.970858341167113,NA,22.25,diploid,1,39.71,1.0241470069364187,3.202,44.919,36.42857142857142
20250826 plate3 F06,0,60.95,51.78,23.8,0.39048400328137817,0.8495488105004102,49.941,36.681,3.396,8.876319758672697,NA,24.01,diploid,1,36.94,0.9315834456941187,3.396,49.941,50.71428571428571
20250826 plate3 A07,0,73.58,48.62,27.01,0.367083446588747,0.6607773851590106,69.929,50.031,4.286,10.408081214192379,NA,28.29,triploid,1,45.29,0.9558648643631525,4.286,69.929,62.745098039215684
20250826 plate3 B07,0,55.03,44.36,23.37,0.4246774486643649,0.8061057604942758,34.682,23.98,3.214,9.101102597645296,NA,27.02,triploid,1,28.01,0.7113011585396146,3.214,34.682,22.54901960784314
20250826 plate3 C07,0,61.09,45.5,26.51,0.4339499099688984,0.7448027500409232,58.924,46.84,3.729,12.032439589539893,NA,18.98,triploid,1,42.11,1.1689623934798938,3.729,58.924,66.66666666666666
20250826 plate3 D07,0,50.42,33.66,18.07,0.3583895279650932,0.6675922253074176,23.502,18.883,2.503,6.213466118207403,NA,23.69,triploid,1,26.73,0.7553349035890797,2.503,23.502,3.9215686274509802
20250826 plate3 A08,0,59.23,46.2,23.3,0.3933817322302887,0.7800101300016884,36.906,25.279,3.021,6.287090393050658,NA,19.13,diploid,1,40.099999999999994,1.1301703868367123,3.021,36.906,32.14285714285714
20250826 plate3 B08,0,60.78,48.73,24.69,0.4062191510365252,0.8017439947351102,52.343,37.659,3.929,11.168618904930531,NA,20.67,diploid,1,40.11,1.07857741379497,3.929,52.343,72.14285714285714
20250826 plate3 C08,0,74.05,50.93,29.01,0.39176232275489536,0.687778528021607,61.696,40.324,3.577,6.120157215047725,NA,23.54,diploid,1,50.51,1.146039438881677,3.577,61.696,55.714285714285715
20250826 plate3 D08,0,66.7,56.75,22.88,0.3430284857571214,0.8508245877061469,48.134,32.887,3.275,6.755427297173214,NA,20.2,diploid,1,46.5,1.194522348514419,3.275,48.134,56.42857142857143
20250826 plate3 E08,0,62.73,54.13,25.73,0.41017057229395826,0.8629045113980552,63.092,41.713,3.915,7.867533560971047,NA,18.79,diploid,1,43.94,1.2055149886832779,3.915,63.092,63.57142857142857
20250826 plate4 A01,1,82.13,NA,NA,NA,NA,NA,NA,NA,NA,NA,30.01,triploid,0,NA,NA,0,0,NA
20250826 plate4 B01,0,80.2,59.56,27.07,0.3375311720698254,0.742643391521197,84.311,61.943,4.309,9.303469241773959,NA,27.51,triploid,1,52.69,1.0699739399359856,4.309,84.311,69.6078431372549
20250826 plate4 C01,1,54.83,NA,NA,NA,NA,NA,NA,NA,NA,NA,30.1,triploid,0,NA,NA,0,0,NA
20250826 plate4 D01,NA,NA,NA,NA,NA,NA,NA,NA,NA,NA,NA,25.73,triploid,NA,NA,NA,NA,NA,NA
20250826 plate4 E01,0,51.02,47.72,23.01,0.451,0.935319,39.557,30.62,3.812,17.57,NA,22.19,triploid,1,28.830000000000002,0.8325759757691629,3.812,39.557,50.98039215686274
20250826 plate4 F01,1,69.11,NA,NA,NA,NA,NA,NA,NA,NA,NA,23.79,triploid,0,NA,NA,0,0,NA
20250826 plate4 A03,0,80.13,61.63,31.91,0.39822787969549484,0.7691251715961563,102.121,70.069,5.713,10.813677773617874,NA,36.55,triploid,1,43.58,0.7849691295941917,5.713,102.121,65.68627450980392
20250826 plate4 B03,1,70.59,NA,NA,NA,NA,NA,NA,NA,NA,NA,27.77,triploid,0,NA,NA,0,0,NA
20250826 plate4 C03,0,71.76,56.77,25.49,0.3552118171683389,0.7911092530657748,91.782,70.592,3.817,7.300613496932516,NA,26.08,triploid,1,45.68000000000001,1.0121584806920887,3.817,91.782,40.19607843137255
20250826 plate4 D03,0,63.96,47.4,30.94,0.483739837398374,0.7410881801125703,59.237,42.733,3.619,8.32525448376151,NA,29.95,triploid,1,34.010000000000005,0.7587285634042953,3.619,59.237,22.549019607843135
20250826 plate4 E03,0,78.1,54.99,27.88,0.3569782330345711,0.7040973111395648,75.005,51.798,4.074,7.782134700736849,NA,29.73,triploid,1,48.36999999999999,0.965833419835634,4.074,75.005,51.9607843137255
20250826 plate4 F03,0,75.19,55.44,29.65,0.3943343529724697,0.7373320920335151,77.551,52.783,5.313,12.221414728682168,NA,32.22,triploid,1,42.97,0.8474308656411071,5.313,77.551,71.56862745098039
20250826 plate4 A04,0,63.06,59.58,27.05,0.4289565493181097,0.9448144624167459,58.046,42.408,4.078,11.778999872106409,NA,22.96,diploid,1,40.1,1.010333082665549,4.078,58.046,73.57142857142858
20250826 plate4 B04,1,NA,NA,NA,NA,NA,NA,NA,NA,NA,NA,20.86,diploid,0,NA,NA,0,0,NA
20250826 plate4 C04,1,63.14,NA,NA,NA,NA,NA,NA,NA,NA,NA,20.71,diploid,0,NA,NA,0,0,NA
20250826 plate4 D04,0,49.64,43.5,19.19,0.3865834004834811,0.8763094278807413,25.842,18.293,2.509,3.669360180156308,NA,21.68,diploid,1,27.96,0.828406783764961,2.509,25.842,0.7142857142857143
20250826 plate4 E04,0,53.18,42.57,25.24,0.4746145167356149,0.8004889056036104,36.194,24.027,3.14,7.323087038711268,NA,18.27,diploid,1,34.91,1.0684220154249584,3.14,36.194,30
20250826 plate4 F04,0,60.19,46.29,23.56,0.3914271473666722,0.7690646286758598,41.269,29.555,2.985,6.009902680553183,NA,26.21,diploid,1,33.98,0.8313652082243643,2.985,41.269,12.857142857142856
20250826 plate4 A05,0,81.44,57.57,28.31,0.34761787819253437,0.7069007858546169,89.471,61.985,5.112,10.416211889689295,NA,32.57,triploid,1,48.87,0.9164749335140704,5.112,89.471,75.49019607843137
20250826 plate4 B05,1,70.85,NA,NA,NA,NA,NA,NA,NA,NA,NA,31.18,triploid,0,NA,NA,0,0,NA
20250826 plate4 C05,0,77.18,63.45,25.08,0.32495465146410984,0.8221041720653018,82.877,61.907,3.822,7.458273724368146,NA,27.1,triploid,1,50.080000000000005,1.0466066282238176,3.822,82.877,53.92156862745098
20250826 plate4 D05,1,NA,NA,NA,NA,NA,NA,NA,NA,NA,NA,22.84,triploid,0,NA,NA,0,0,NA
20250826 plate4 E05,0,77.93,53.97,31.82,0.4083151546259463,0.6925445912998844,84.374,56.684,5.497,11.7515348501264,NA,29.37,triploid,1,48.56,0.975837242644941,5.497,84.374,86.27450980392157
20250826 plate4 F05,NA,NA,NA,NA,NA,NA,NA,NA,NA,NA,NA,24.23,triploid,NA,NA,NA,NA,NA,NA
20250826 plate4 A06,0,73.9,61,28.41,0.38443843031123137,0.8254397834912043,83.195,61.202,4.508,10.266903105533581,NA,24.09,diploid,1,49.81,1.1209160113273762,4.508,83.195,92.85714285714286
20250826 plate4 B06,0,55.37,47.86,21.96,0.3966046595629403,0.864366985732346,43.35,29.653,3.675,10.630064977732347,NA,15.86,diploid,1,39.51,1.2502377146281738,3.675,43.35,65
20250826 plate4 C06,0,63.48,50.57,21.12,0.332703213610586,0.7966288594833019,44.351,31.67,3.31,8.414162920905294,NA,21.67,diploid,1,41.809999999999995,1.0747960801099405,3.31,44.351,61.42857142857143
20250826 plate4 D06,0,71.31,47.65,27.96,0.3920908708456037,0.6682092273173468,62.276,41.665,4.484,10.048032603949347,NA,25.18,diploid,1,46.13,1.0409865414240111,4.484,62.276,87.14285714285714
20250826 plate4 E06,1,45.61,NA,NA,NA,NA,NA,NA,NA,NA,NA,22.53,diploid,0,NA,NA,0,0,NA
20250826 plate4 F06,0,60.37,47.63,26.06,0.4316713599469935,0.7889680304787147,45.991,32.479,2.996,4.921551213735938,NA,22.6,diploid,1,37.769999999999996,0.9825423865300945,2.996,45.991,19.28571428571429
20250826 plate4 A07,0,69.8,55.77,26.17,0.37492836676217767,0.7989971346704872,63.31,46.106,3.81,9.090909090909092,NA,27.06,triploid,1,42.739999999999995,0.9475773870256848,3.81,63.31,44.11764705882353
20250826 plate4 B07,0,65.87,47,28.06,0.4259905875208744,0.7135266433884925,62.318,48.117,3.198,6.893880712625871,NA,25.61,triploid,1,40.260000000000005,0.9447002024411678,3.198,62.318,21.568627450980394
20250826 plate4 C07,1,NA,NA,NA,NA,NA,NA,NA,NA,NA,NA,25.03,triploid,0,NA,NA,0,0,NA
20250826 plate4 D07,1,58.19,NA,NA,NA,NA,NA,NA,NA,NA,NA,25.6,triploid,0,NA,NA,0,0,NA
20250826 plate4 E07,0,74.42,59.14,29.76,0.39989250201558724,0.7946788497715668,85.211,56.759,5.274,10.607338675664279,NA,25.14,triploid,1,49.28,1.085264519756375,5.274,85.211,81.37254901960785
20250826 plate4 A08,0,57.01,49.59,22.79,0.3997544290475355,0.8698473951938257,38.699,26.021,3.331,8.581795235841618,NA,23.63,diploid,1,33.379999999999995,0.880709599844674,3.331,38.699,37.857142857142854
20250826 plate4 B08,0,63.69,53.29,24.61,0.38640288899356257,0.8367090595069869,60.421,41.664,3.922,8.999306925414514,NA,18.23,diploid,1,45.459999999999994,1.2509589756927026,3.922,60.421,76.42857142857142
20250826 plate4 C08,NA,NA,NA,NA,NA,NA,NA,NA,NA,NA,NA,21.69,diploid,NA,NA,NA,NA,NA,NA
20250826 plate4 D08,0,65.17,62.79,27.29,0.41875095903022863,0.9634801288936626,66.191,48.044,3.716,8.161128561194687,NA,21.5,diploid,1,43.67,1.108946305210672,3.716,66.191,65
20250826 plate4 E08,0,57.38,44.86,26.66,0.46462181944928543,0.7818055071453468,50.669,34.212,3.087,5.22573980676916,NA,21.21,diploid,1,36.17,0.9952230419766277,3.087,50.669,17.142857142857142
20250826 plate4 F08,0,59.77,50.52,26.06,0.43600468462439346,0.8452400870001673,48.955,30.795,3.458,6.657488986784142,NA,22.06,diploid,1,37.71000000000001,0.9967378490108065,3.458,48.955,28.57142857142857
