index_id,scale,feature,adjustment,absorbed_duplicates,completeness
raw_rfu|baseline_value|none,raw_rfu,baseline_value,none,raw_rfu|trough_value,1
raw_rfu|final_value|none,raw_rfu,final_value,none,NA,1
raw_rfu|peak_value|none,raw_rfu,peak_value,none,NA,1
raw_rfu|time_to_peak|none,raw_rfu,time_to_peak,none,raw_delta|time_to_peak; fc_corr|time_to_peak; fc_corr_mm|time_to_peak; raw_delta_mm|time_to_peak,1
raw_rfu|auc_total|none,raw_rfu,auc_total,none,NA,1
raw_rfu|auc_early|none,raw_rfu,auc_early,none,NA,1
raw_rfu|auc_late|none,raw_rfu,auc_late,none,NA,1
raw_rfu|delta_auc_late_minus_early|none,raw_rfu,delta_auc_late_minus_early,none,raw_delta|delta_auc_late_minus_early,1
raw_rfu|late_early_auc_ratio|none,raw_rfu,late_early_auc_ratio,none,NA,1
raw_rfu|initial_slope|none,raw_rfu,initial_slope,none,raw_rfu|rate_h1; raw_delta|initial_slope; raw_delta|rate_h1; raw_delta|value_1h,1
raw_rfu|vmax|none,raw_rfu,vmax,none,raw_delta|vmax,1
raw_rfu|time_to_vmax|none,raw_rfu,time_to_vmax,none,raw_delta|time_to_vmax; fc_corr|time_to_vmax; fc_corr_mm|time_to_vmax; raw_delta_mm|time_to_vmax,1
raw_rfu|min_slope|none,raw_rfu,min_slope,none,raw_delta|min_slope,1
raw_rfu|time_to_min_slope|none,raw_rfu,time_to_min_slope,none,raw_delta|time_to_min_slope; fc_corr|time_to_min_slope; fc_corr_mm|time_to_min_slope; raw_delta_mm|time_to_min_slope,1
raw_rfu|inflection_time|none,raw_rfu,inflection_time,none,raw_delta|inflection_time; fc_corr|inflection_time; fc_corr_mm|inflection_time; raw_delta_mm|inflection_time,1
raw_rfu|metabolic_scope|none,raw_rfu,metabolic_scope,none,raw_delta|peak_value; raw_delta|metabolic_scope,1
raw_rfu|final_delta|none,raw_rfu,final_delta,none,raw_delta|final_value; raw_delta|final_delta,1
raw_rfu|depression_abs|none,raw_rfu,depression_abs,none,raw_delta|depression_abs,1
raw_rfu|metabolic_depression_index|none,raw_rfu,metabolic_depression_index,none,raw_delta|metabolic_depression_index; raw_delta_mm|metabolic_depression_index,1
raw_rfu|resilience_ratio|none,raw_rfu,resilience_ratio,none,NA,1
raw_rfu|stability_cv|none,raw_rfu,stability_cv,none,NA,1
raw_rfu|rate_h2|none,raw_rfu,rate_h2,none,raw_delta|rate_h2,1
raw_rfu|rate_h3|none,raw_rfu,rate_h3,none,raw_delta|rate_h3,1
raw_rfu|rate_h4|none,raw_rfu,rate_h4,none,raw_rfu|rate_last; raw_delta|rate_h4; raw_delta|rate_last,1
raw_rfu|rate_last_first_ratio|none,raw_rfu,rate_last_first_ratio,none,raw_delta|rate_last_first_ratio; raw_delta_mm|rate_last_first_ratio,1
raw_rfu|rate_cv|none,raw_rfu,rate_cv,none,raw_delta|rate_cv; raw_delta_mm|rate_cv,1
raw_rfu|n_negative_intervals|none,raw_rfu,n_negative_intervals,none,raw_delta|n_negative_intervals; fc_corr|n_negative_intervals; fc_corr_mm|n_negative_intervals; raw_delta_mm|n_negative_intervals,1
raw_rfu|max_drop|none,raw_rfu,max_drop,none,raw_delta|max_drop,1
raw_rfu|lin_slope|none,raw_rfu,lin_slope,none,raw_delta|lin_slope,1
raw_rfu|lin_r2|none,raw_rfu,lin_r2,none,raw_delta|lin_r2; raw_delta_mm|lin_r2,1
raw_rfu|quad_coef|none,raw_rfu,quad_coef,none,raw_delta|quad_coef,1
raw_rfu|mean_rate|none,raw_rfu,mean_rate,none,raw_delta|mean_rate,1
raw_rfu|sat_asymptote|none,raw_rfu,sat_asymptote,none,raw_delta|sat_asymptote,0.975609756097561
raw_rfu|sat_k|none,raw_rfu,sat_k,none,raw_delta|sat_k,0.975609756097561
raw_rfu|sat_r2|none,raw_rfu,sat_r2,none,raw_delta|sat_r2; raw_delta_mm|sat_r2,0.975609756097561
raw_rfu|t_half|none,raw_rfu,t_half,none,raw_delta|t_half; raw_delta_mm|t_half,1
raw_rfu|value_1h|none,raw_rfu,value_1h,none,NA,1
raw_rfu|value_2h|none,raw_rfu,value_2h,none,NA,1
raw_rfu|value_3h|none,raw_rfu,value_3h,none,NA,1
raw_rfu|value_4h|none,raw_rfu,value_4h,none,NA,1
raw_rfu|auc_0_1h|none,raw_rfu,auc_0_1h,none,NA,1
raw_rfu|auc_0_2h|none,raw_rfu,auc_0_2h,none,NA,1
raw_rfu|auc_0_3h|none,raw_rfu,auc_0_3h,none,NA,1
raw_rfu|frac_auc_first_half|none,raw_rfu,frac_auc_first_half,none,NA,1
raw_delta|auc_total|none,raw_delta,auc_total,none,NA,1
raw_delta|auc_early|none,raw_delta,auc_early,none,NA,1
raw_delta|auc_late|none,raw_delta,auc_late,none,NA,1
raw_delta|late_early_auc_ratio|none,raw_delta,late_early_auc_ratio,none,raw_delta_mm|late_early_auc_ratio,1
raw_delta|resilience_ratio|none,raw_delta,resilience_ratio,none,raw_delta_mm|resilience_ratio,1
raw_delta|stability_cv|none,raw_delta,stability_cv,none,raw_delta_mm|stability_cv,1
raw_delta|value_2h|none,raw_delta,value_2h,none,NA,1
raw_delta|value_3h|none,raw_delta,value_3h,none,NA,1
raw_delta|value_4h|none,raw_delta,value_4h,none,NA,1
raw_delta|auc_0_1h|none,raw_delta,auc_0_1h,none,NA,1
raw_delta|auc_0_2h|none,raw_delta,auc_0_2h,none,NA,1
raw_delta|auc_0_3h|none,raw_delta,auc_0_3h,none,NA,1
raw_delta|frac_auc_first_half|none,raw_delta,frac_auc_first_half,none,raw_delta_mm|frac_auc_first_half,1
fc_corr|final_value|none,fc_corr,final_value,none,fc_corr|final_delta,1
fc_corr|peak_value|none,fc_corr,peak_value,none,fc_corr|metabolic_scope,1
fc_corr|auc_total|none,fc_corr,auc_total,none,NA,1
fc_corr|auc_early|none,fc_corr,auc_early,none,NA,1
fc_corr|auc_late|none,fc_corr,auc_late,none,NA,1
fc_corr|delta_auc_late_minus_early|none,fc_corr,delta_auc_late_minus_early,none,NA,1
fc_corr|late_early_auc_ratio|none,fc_corr,late_early_auc_ratio,none,fc_corr_mm|late_early_auc_ratio,1
fc_corr|initial_slope|none,fc_corr,initial_slope,none,fc_corr|rate_h1; fc_corr|value_1h,1
fc_corr|vmax|none,fc_corr,vmax,none,NA,1
fc_corr|min_slope|none,fc_corr,min_slope,none,NA,1
fc_corr|depression_abs|none,fc_corr,depression_abs,none,NA,1
fc_corr|metabolic_depression_index|none,fc_corr,metabolic_depression_index,none,fc_corr_mm|metabolic_depression_index,1
fc_corr|resilience_ratio|none,fc_corr,resilience_ratio,none,fc_corr_mm|resilience_ratio,1
fc_corr|stability_cv|none,fc_corr,stability_cv,none,fc_corr_mm|stability_cv,1
fc_corr|rate_h2|none,fc_corr,rate_h2,none,NA,1
fc_corr|rate_h3|none,fc_corr,rate_h3,none,NA,1
fc_corr|rate_h4|none,fc_corr,rate_h4,none,fc_corr|rate_last,1
fc_corr|rate_last_first_ratio|none,fc_corr,rate_last_first_ratio,none,fc_corr_mm|rate_last_first_ratio,1
fc_corr|rate_cv|none,fc_corr,rate_cv,none,fc_corr_mm|rate_cv,1
fc_corr|max_drop|none,fc_corr,max_drop,none,NA,1
fc_corr|lin_slope|none,fc_corr,lin_slope,none,NA,1
fc_corr|lin_r2|none,fc_corr,lin_r2,none,fc_corr_mm|lin_r2,1
fc_corr|quad_coef|none,fc_corr,quad_coef,none,NA,1
fc_corr|mean_rate|none,fc_corr,mean_rate,none,NA,1
fc_corr|sat_asymptote|none,fc_corr,sat_asymptote,none,NA,0.975609756097561
fc_corr|sat_k|none,fc_corr,sat_k,none,NA,0.975609756097561
fc_corr|sat_r2|none,fc_corr,sat_r2,none,fc_corr_mm|sat_r2,0.975609756097561
fc_corr|t_half|none,fc_corr,t_half,none,fc_corr_mm|t_half,1
fc_corr|value_2h|none,fc_corr,value_2h,none,NA,1
fc_corr|value_3h|none,fc_corr,value_3h,none,NA,1
fc_corr|value_4h|none,fc_corr,value_4h,none,NA,1
fc_corr|auc_0_1h|none,fc_corr,auc_0_1h,none,NA,1
fc_corr|auc_0_2h|none,fc_corr,auc_0_2h,none,NA,1
fc_corr|auc_0_3h|none,fc_corr,auc_0_3h,none,NA,1
fc_corr|frac_auc_first_half|none,fc_corr,frac_auc_first_half,none,fc_corr_mm|frac_auc_first_half,1
fc_corr_mm|final_value|none,fc_corr_mm,final_value,none,fc_corr_mm|final_delta,1
fc_corr_mm|peak_value|none,fc_corr_mm,peak_value,none,fc_corr_mm|metabolic_scope,1
fc_corr_mm|auc_total|none,fc_corr_mm,auc_total,none,NA,1
fc_corr_mm|auc_early|none,fc_corr_mm,auc_early,none,NA,1
fc_corr_mm|auc_late|none,fc_corr_mm,auc_late,none,NA,1
fc_corr_mm|delta_auc_late_minus_early|none,fc_corr_mm,delta_auc_late_minus_early,none,NA,1
fc_corr_mm|initial_slope|none,fc_corr_mm,initial_slope,none,fc_corr_mm|rate_h1; fc_corr_mm|value_1h,1
fc_corr_mm|vmax|none,fc_corr_mm,vmax,none,NA,1
fc_corr_mm|min_slope|none,fc_corr_mm,min_slope,none,NA,1
fc_corr_mm|depression_abs|none,fc_corr_mm,depression_abs,none,NA,1
fc_corr_mm|rate_h2|none,fc_corr_mm,rate_h2,none,NA,1
fc_corr_mm|rate_h3|none,fc_corr_mm,rate_h3,none,NA,1
fc_corr_mm|rate_h4|none,fc_corr_mm,rate_h4,none,fc_corr_mm|rate_last,1
fc_corr_mm|max_drop|none,fc_corr_mm,max_drop,none,NA,1
fc_corr_mm|lin_slope|none,fc_corr_mm,lin_slope,none,NA,1
fc_corr_mm|quad_coef|none,fc_corr_mm,quad_coef,none,NA,1
fc_corr_mm|mean_rate|none,fc_corr_mm,mean_rate,none,NA,1
fc_corr_mm|sat_asymptote|none,fc_corr_mm,sat_asymptote,none,NA,0.975609756097561
fc_corr_mm|sat_k|none,fc_corr_mm,sat_k,none,NA,0.975609756097561
fc_corr_mm|value_2h|none,fc_corr_mm,value_2h,none,NA,1
fc_corr_mm|value_3h|none,fc_corr_mm,value_3h,none,NA,1
fc_corr_mm|value_4h|none,fc_corr_mm,value_4h,none,NA,1
fc_corr_mm|auc_0_1h|none,fc_corr_mm,auc_0_1h,none,NA,1
fc_corr_mm|auc_0_2h|none,fc_corr_mm,auc_0_2h,none,NA,1
fc_corr_mm|auc_0_3h|none,fc_corr_mm,auc_0_3h,none,NA,1
raw_delta_mm|final_value|none,raw_delta_mm,final_value,none,raw_delta_mm|final_delta,1
raw_delta_mm|peak_value|none,raw_delta_mm,peak_value,none,raw_delta_mm|metabolic_scope,1
raw_delta_mm|auc_total|none,raw_delta_mm,auc_total,none,NA,1
raw_delta_mm|auc_early|none,raw_delta_mm,auc_early,none,NA,1
raw_delta_mm|auc_late|none,raw_delta_mm,auc_late,none,NA,1
raw_delta_mm|delta_auc_late_minus_early|none,raw_delta_mm,delta_auc_late_minus_early,none,NA,1
raw_delta_mm|initial_slope|none,raw_delta_mm,initial_slope,none,raw_delta_mm|rate_h1; raw_delta_mm|value_1h,1
raw_delta_mm|vmax|none,raw_delta_mm,vmax,none,NA,1
raw_delta_mm|min_slope|none,raw_delta_mm,min_slope,none,NA,1
raw_delta_mm|depression_abs|none,raw_delta_mm,depression_abs,none,NA,1
raw_delta_mm|rate_h2|none,raw_delta_mm,rate_h2,none,NA,1
raw_delta_mm|rate_h3|none,raw_delta_mm,rate_h3,none,NA,1
raw_delta_mm|rate_h4|none,raw_delta_mm,rate_h4,none,raw_delta_mm|rate_last,1
raw_delta_mm|max_drop|none,raw_delta_mm,max_drop,none,NA,1
raw_delta_mm|lin_slope|none,raw_delta_mm,lin_slope,none,NA,1
raw_delta_mm|quad_coef|none,raw_delta_mm,quad_coef,none,NA,1
raw_delta_mm|mean_rate|none,raw_delta_mm,mean_rate,none,NA,1
raw_delta_mm|sat_asymptote|none,raw_delta_mm,sat_asymptote,none,NA,0.975609756097561
raw_delta_mm|sat_k|none,raw_delta_mm,sat_k,none,NA,0.975609756097561
raw_delta_mm|value_2h|none,raw_delta_mm,value_2h,none,NA,1
raw_delta_mm|value_3h|none,raw_delta_mm,value_3h,none,NA,1
raw_delta_mm|value_4h|none,raw_delta_mm,value_4h,none,NA,1
raw_delta_mm|auc_0_1h|none,raw_delta_mm,auc_0_1h,none,NA,1
raw_delta_mm|auc_0_2h|none,raw_delta_mm,auc_0_2h,none,NA,1
raw_delta_mm|auc_0_3h|none,raw_delta_mm,auc_0_3h,none,NA,1
raw_rfu|baseline_value|resid,raw_rfu,baseline_value,resid,NA,1
raw_rfu|final_value|resid,raw_rfu,final_value,resid,NA,1
raw_rfu|peak_value|resid,raw_rfu,peak_value,resid,NA,1
raw_rfu|time_to_peak|resid,raw_rfu,time_to_peak,resid,NA,1
raw_rfu|auc_total|resid,raw_rfu,auc_total,resid,NA,1
raw_rfu|auc_early|resid,raw_rfu,auc_early,resid,NA,1
raw_rfu|auc_late|resid,raw_rfu,auc_late,resid,NA,1
raw_rfu|delta_auc_late_minus_early|resid,raw_rfu,delta_auc_late_minus_early,resid,NA,1
raw_rfu|late_early_auc_ratio|resid,raw_rfu,late_early_auc_ratio,resid,NA,1
raw_rfu|initial_slope|resid,raw_rfu,initial_slope,resid,NA,1
raw_rfu|vmax|resid,raw_rfu,vmax,resid,NA,1
raw_rfu|time_to_vmax|resid,raw_rfu,time_to_vmax,resid,NA,1
raw_rfu|min_slope|resid,raw_rfu,min_slope,resid,NA,1
raw_rfu|time_to_min_slope|resid,raw_rfu,time_to_min_slope,resid,NA,1
raw_rfu|inflection_time|resid,raw_rfu,inflection_time,resid,NA,1
raw_rfu|metabolic_scope|resid,raw_rfu,metabolic_scope,resid,NA,1
raw_rfu|final_delta|resid,raw_rfu,final_delta,resid,NA,1
raw_rfu|depression_abs|resid,raw_rfu,depression_abs,resid,NA,1
raw_rfu|metabolic_depression_index|resid,raw_rfu,metabolic_depression_index,resid,NA,1
raw_rfu|resilience_ratio|resid,raw_rfu,resilience_ratio,resid,NA,1
raw_rfu|stability_cv|resid,raw_rfu,stability_cv,resid,NA,1
raw_rfu|rate_h2|resid,raw_rfu,rate_h2,resid,NA,1
raw_rfu|rate_h3|resid,raw_rfu,rate_h3,resid,NA,1
raw_rfu|rate_h4|resid,raw_rfu,rate_h4,resid,NA,1
raw_rfu|rate_last_first_ratio|resid,raw_rfu,rate_last_first_ratio,resid,NA,1
raw_rfu|rate_cv|resid,raw_rfu,rate_cv,resid,NA,1
raw_rfu|n_negative_intervals|resid,raw_rfu,n_negative_intervals,resid,NA,1
raw_rfu|max_drop|resid,raw_rfu,max_drop,resid,NA,1
raw_rfu|lin_slope|resid,raw_rfu,lin_slope,resid,NA,1
raw_rfu|lin_r2|resid,raw_rfu,lin_r2,resid,NA,1
raw_rfu|quad_coef|resid,raw_rfu,quad_coef,resid,NA,1
raw_rfu|mean_rate|resid,raw_rfu,mean_rate,resid,NA,1
raw_rfu|sat_asymptote|resid,raw_rfu,sat_asymptote,resid,NA,0.975609756097561
raw_rfu|sat_k|resid,raw_rfu,sat_k,resid,NA,0.975609756097561
raw_rfu|sat_r2|resid,raw_rfu,sat_r2,resid,NA,0.975609756097561
raw_rfu|t_half|resid,raw_rfu,t_half,resid,NA,1
raw_rfu|value_1h|resid,raw_rfu,value_1h,resid,NA,1
raw_rfu|value_2h|resid,raw_rfu,value_2h,resid,NA,1
raw_rfu|value_3h|resid,raw_rfu,value_3h,resid,NA,1
raw_rfu|value_4h|resid,raw_rfu,value_4h,resid,NA,1
raw_rfu|auc_0_1h|resid,raw_rfu,auc_0_1h,resid,NA,1
raw_rfu|auc_0_2h|resid,raw_rfu,auc_0_2h,resid,NA,1
raw_rfu|auc_0_3h|resid,raw_rfu,auc_0_3h,resid,NA,1
raw_rfu|frac_auc_first_half|resid,raw_rfu,frac_auc_first_half,resid,NA,1
raw_delta|auc_total|resid,raw_delta,auc_total,resid,NA,1
raw_delta|auc_early|resid,raw_delta,auc_early,resid,NA,1
raw_delta|auc_late|resid,raw_delta,auc_late,resid,NA,1
raw_delta|late_early_auc_ratio|resid,raw_delta,late_early_auc_ratio,resid,NA,1
raw_delta|resilience_ratio|resid,raw_delta,resilience_ratio,resid,NA,1
raw_delta|stability_cv|resid,raw_delta,stability_cv,resid,NA,1
raw_delta|value_2h|resid,raw_delta,value_2h,resid,NA,1
raw_delta|value_3h|resid,raw_delta,value_3h,resid,NA,1
raw_delta|value_4h|resid,raw_delta,value_4h,resid,NA,1
raw_delta|auc_0_1h|resid,raw_delta,auc_0_1h,resid,NA,1
raw_delta|auc_0_2h|resid,raw_delta,auc_0_2h,resid,NA,1
raw_delta|auc_0_3h|resid,raw_delta,auc_0_3h,resid,NA,1
raw_delta|frac_auc_first_half|resid,raw_delta,frac_auc_first_half,resid,NA,1
fc_corr|final_value|resid,fc_corr,final_value,resid,NA,1
fc_corr|peak_value|resid,fc_corr,peak_value,resid,NA,1
fc_corr|auc_total|resid,fc_corr,auc_total,resid,NA,1
fc_corr|auc_early|resid,fc_corr,auc_early,resid,NA,1
fc_corr|auc_late|resid,fc_corr,auc_late,resid,NA,1
fc_corr|delta_auc_late_minus_early|resid,fc_corr,delta_auc_late_minus_early,resid,NA,1
fc_corr|late_early_auc_ratio|resid,fc_corr,late_early_auc_ratio,resid,NA,1
fc_corr|initial_slope|resid,fc_corr,initial_slope,resid,NA,1
fc_corr|vmax|resid,fc_corr,vmax,resid,NA,1
fc_corr|min_slope|resid,fc_corr,min_slope,resid,NA,1
fc_corr|depression_abs|resid,fc_corr,depression_abs,resid,NA,1
fc_corr|metabolic_depression_index|resid,fc_corr,metabolic_depression_index,resid,NA,1
fc_corr|resilience_ratio|resid,fc_corr,resilience_ratio,resid,NA,1
fc_corr|stability_cv|resid,fc_corr,stability_cv,resid,NA,1
fc_corr|rate_h2|resid,fc_corr,rate_h2,resid,NA,1
fc_corr|rate_h3|resid,fc_corr,rate_h3,resid,NA,1
fc_corr|rate_h4|resid,fc_corr,rate_h4,resid,NA,1
fc_corr|rate_last_first_ratio|resid,fc_corr,rate_last_first_ratio,resid,NA,1
fc_corr|rate_cv|resid,fc_corr,rate_cv,resid,NA,1
fc_corr|max_drop|resid,fc_corr,max_drop,resid,NA,1
fc_corr|lin_slope|resid,fc_corr,lin_slope,resid,NA,1
fc_corr|lin_r2|resid,fc_corr,lin_r2,resid,NA,1
fc_corr|quad_coef|resid,fc_corr,quad_coef,resid,NA,1
fc_corr|mean_rate|resid,fc_corr,mean_rate,resid,NA,1
fc_corr|sat_asymptote|resid,fc_corr,sat_asymptote,resid,NA,0.975609756097561
fc_corr|sat_k|resid,fc_corr,sat_k,resid,NA,0.975609756097561
fc_corr|sat_r2|resid,fc_corr,sat_r2,resid,NA,0.975609756097561
fc_corr|t_half|resid,fc_corr,t_half,resid,NA,1
fc_corr|value_2h|resid,fc_corr,value_2h,resid,NA,1
fc_corr|value_3h|resid,fc_corr,value_3h,resid,NA,1
fc_corr|value_4h|resid,fc_corr,value_4h,resid,NA,1
fc_corr|auc_0_1h|resid,fc_corr,auc_0_1h,resid,NA,1
fc_corr|auc_0_2h|resid,fc_corr,auc_0_2h,resid,NA,1
fc_corr|auc_0_3h|resid,fc_corr,auc_0_3h,resid,NA,1
fc_corr|frac_auc_first_half|resid,fc_corr,frac_auc_first_half,resid,NA,1
fc_corr_mm|final_value|resid,fc_corr_mm,final_value,resid,NA,1
fc_corr_mm|peak_value|resid,fc_corr_mm,peak_value,resid,NA,1
fc_corr_mm|auc_total|resid,fc_corr_mm,auc_total,resid,NA,1
fc_corr_mm|auc_early|resid,fc_corr_mm,auc_early,resid,NA,1
fc_corr_mm|auc_late|resid,fc_corr_mm,auc_late,resid,NA,1
fc_corr_mm|delta_auc_late_minus_early|resid,fc_corr_mm,delta_auc_late_minus_early,resid,NA,1
fc_corr_mm|initial_slope|resid,fc_corr_mm,initial_slope,resid,NA,1
fc_corr_mm|vmax|resid,fc_corr_mm,vmax,resid,NA,1
fc_corr_mm|min_slope|resid,fc_corr_mm,min_slope,resid,NA,1
fc_corr_mm|depression_abs|resid,fc_corr_mm,depression_abs,resid,NA,1
fc_corr_mm|rate_h2|resid,fc_corr_mm,rate_h2,resid,NA,1
fc_corr_mm|rate_h3|resid,fc_corr_mm,rate_h3,resid,NA,1
fc_corr_mm|rate_h4|resid,fc_corr_mm,rate_h4,resid,NA,1
fc_corr_mm|max_drop|resid,fc_corr_mm,max_drop,resid,NA,1
fc_corr_mm|lin_slope|resid,fc_corr_mm,lin_slope,resid,NA,1
fc_corr_mm|quad_coef|resid,fc_corr_mm,quad_coef,resid,NA,1
fc_corr_mm|mean_rate|resid,fc_corr_mm,mean_rate,resid,NA,1
fc_corr_mm|sat_asymptote|resid,fc_corr_mm,sat_asymptote,resid,NA,0.975609756097561
fc_corr_mm|sat_k|resid,fc_corr_mm,sat_k,resid,NA,0.975609756097561
fc_corr_mm|value_2h|resid,fc_corr_mm,value_2h,resid,NA,1
fc_corr_mm|value_3h|resid,fc_corr_mm,value_3h,resid,NA,1
fc_corr_mm|value_4h|resid,fc_corr_mm,value_4h,resid,NA,1
fc_corr_mm|auc_0_1h|resid,fc_corr_mm,auc_0_1h,resid,NA,1
fc_corr_mm|auc_0_2h|resid,fc_corr_mm,auc_0_2h,resid,NA,1
fc_corr_mm|auc_0_3h|resid,fc_corr_mm,auc_0_3h,resid,NA,1
raw_delta_mm|final_value|resid,raw_delta_mm,final_value,resid,NA,1
raw_delta_mm|peak_value|resid,raw_delta_mm,peak_value,resid,NA,1
raw_delta_mm|auc_total|resid,raw_delta_mm,auc_total,resid,NA,1
raw_delta_mm|auc_early|resid,raw_delta_mm,auc_early,resid,NA,1
raw_delta_mm|auc_late|resid,raw_delta_mm,auc_late,resid,NA,1
raw_delta_mm|delta_auc_late_minus_early|resid,raw_delta_mm,delta_auc_late_minus_early,resid,NA,1
raw_delta_mm|initial_slope|resid,raw_delta_mm,initial_slope,resid,NA,1
raw_delta_mm|vmax|resid,raw_delta_mm,vmax,resid,NA,1
raw_delta_mm|min_slope|resid,raw_delta_mm,min_slope,resid,NA,1
raw_delta_mm|depression_abs|resid,raw_delta_mm,depression_abs,resid,NA,1
raw_delta_mm|rate_h2|resid,raw_delta_mm,rate_h2,resid,NA,1
raw_delta_mm|rate_h3|resid,raw_delta_mm,rate_h3,resid,NA,1
raw_delta_mm|rate_h4|resid,raw_delta_mm,rate_h4,resid,NA,1
raw_delta_mm|max_drop|resid,raw_delta_mm,max_drop,resid,NA,1
raw_delta_mm|lin_slope|resid,raw_delta_mm,lin_slope,resid,NA,1
raw_delta_mm|quad_coef|resid,raw_delta_mm,quad_coef,resid,NA,1
raw_delta_mm|mean_rate|resid,raw_delta_mm,mean_rate,resid,NA,1
raw_delta_mm|sat_asymptote|resid,raw_delta_mm,sat_asymptote,resid,NA,0.975609756097561
raw_delta_mm|sat_k|resid,raw_delta_mm,sat_k,resid,NA,0.975609756097561
raw_delta_mm|value_2h|resid,raw_delta_mm,value_2h,resid,NA,1
raw_delta_mm|value_3h|resid,raw_delta_mm,value_3h,resid,NA,1
raw_delta_mm|value_4h|resid,raw_delta_mm,value_4h,resid,NA,1
raw_delta_mm|auc_0_1h|resid,raw_delta_mm,auc_0_1h,resid,NA,1
raw_delta_mm|auc_0_2h|resid,raw_delta_mm,auc_0_2h,resid,NA,1
raw_delta_mm|auc_0_3h|resid,raw_delta_mm,auc_0_3h,resid,NA,1
