stratum,phenotype,scale,adjustment,best_feature,best_assoc,fw_perm_p,q_bh
diploid,condition_index,fc_corr,none,delta_auc_late_minus_early,-0.34376257545271627,0.103,0.15885683256387084
diploid,condition_index,fc_corr,resid,sat_asymptote,-0.32446855043303297,0.158,0.15885683256387084
diploid,condition_index,fc_corr_mm,none,delta_auc_late_minus_early,-0.3128437290409121,0.207,0.15885683256387084
diploid,condition_index,fc_corr_mm,resid,sat_asymptote,-0.334476423759951,0.128,0.15885683256387084
diploid,condition_index,raw_delta,none,value_4h,-0.27676056338028165,0.375,0.15885683256387084
diploid,condition_index,raw_delta,resid,late_early_auc_ratio,-0.2937625754527162,0.286,0.15885683256387084
diploid,condition_index,raw_delta_mm,none,delta_auc_late_minus_early,-0.33226022803487587,0.134,0.15885683256387084
diploid,condition_index,raw_delta_mm,resid,sat_asymptote,-0.34234975067798096,0.104,0.15885683256387084
diploid,condition_index,raw_rfu,none,delta_auc_late_minus_early,-0.34996646545942317,0.091,0.15885683256387084
diploid,condition_index,raw_rfu,resid,sat_asymptote,-0.3353862304260345,0.126,0.15885683256387084
diploid,cup,fc_corr,none,sat_asymptote,0.16717697489283526,0.949,0.61706938167598
diploid,cup,fc_corr,resid,lin_slope,0.1857478202548625,0.898,0.61706938167598
diploid,cup,fc_corr_mm,none,sat_asymptote,0.23502755664421307,0.611,0.61706938167598
diploid,cup,fc_corr_mm,resid,sat_k,-0.1799492607820838,0.914,0.61706938167598
diploid,cup,raw_delta,none,value_4h,0.15881958417169684,0.963,0.61706938167598
diploid,cup,raw_delta,resid,value_4h,0.20965794768611667,0.781,0.61706938167598
diploid,cup,raw_delta_mm,none,sat_asymptote,0.24118624792231652,0.57,0.61706938167598
diploid,cup,raw_delta_mm,resid,final_value,0.21324614352783364,0.762,0.61706938167598
diploid,cup,raw_rfu,none,sat_asymptote,0.2063686466625842,0.805,0.61706938167598
diploid,cup,raw_rfu,resid,lin_slope,0.23098591549295772,0.641,0.61706938167598
diploid,dry_tissue_weight,fc_corr,none,rate_h2,-0.2443850132967616,0.563,0.9244700404106729
diploid,dry_tissue_weight,fc_corr,resid,rate_h2,-0.2285062752115449,0.664,0.9244700404106729
diploid,dry_tissue_weight,fc_corr_mm,none,rate_h2,-0.23772835118500762,0.6,0.9244700404106729
diploid,dry_tissue_weight,fc_corr_mm,resid,rate_h2,-0.2267624644820174,0.67,0.9244700404106729
diploid,dry_tissue_weight,raw_delta,none,value_2h,-0.1059868040513777,1,0.9244700404106729
diploid,dry_tissue_weight,raw_delta,resid,auc_0_1h,0.14015878738577223,0.989,0.9244700404106729
diploid,dry_tissue_weight,raw_delta_mm,none,rate_h2,-0.23719179403746068,0.602,0.9244700404106729
diploid,dry_tissue_weight,raw_delta_mm,resid,rate_h2,-0.2077817553875451,0.787,0.9244700404106729
diploid,dry_tissue_weight,raw_rfu,none,rate_h2,-0.2441838043664315,0.565,0.9244700404106729
diploid,dry_tissue_weight,raw_rfu,resid,rate_h2,-0.22753376538161613,0.667,0.9244700404106729
diploid,growth_abs,fc_corr,none,sat_asymptote,-0.14593648849619456,0.99,0.9903484347694932
diploid,growth_abs,fc_corr,resid,sat_asymptote,-0.1492607820838072,0.988,0.9903484347694932
diploid,growth_abs,fc_corr_mm,none,sat_asymptote,-0.1396028343976905,0.99,0.9903484347694932
diploid,growth_abs,fc_corr_mm,resid,sat_asymptote,-0.15062549208293236,0.987,0.9903484347694932
diploid,growth_abs,raw_delta,none,stability_cv,-0.08735747820254862,1,0.9903484347694932
diploid,growth_abs,raw_delta,resid,auc_0_1h,0.13886653252850434,0.99,0.9903484347694932
diploid,growth_abs,raw_delta_mm,none,rate_h4,-0.11230717639168342,0.999,0.9903484347694932
diploid,growth_abs,raw_delta_mm,resid,sat_k,0.14537660747091244,0.99,0.9903484347694932
diploid,growth_abs,raw_rfu,none,sat_asymptote,-0.13785320619368385,0.99,0.9903484347694932
diploid,growth_abs,raw_rfu,resid,auc_0_1h,0.1494299128101945,0.988,0.9903484347694932
diploid,perf_composite,fc_corr,none,delta_auc_late_minus_early,-0.2960571623518777,0.279,0.3239861172489003
diploid,perf_composite,fc_corr,resid,sat_asymptote,-0.30133439054964684,0.26,0.3239861172489003
diploid,perf_composite,fc_corr_mm,none,delta_auc_late_minus_early,-0.2852231439482458,0.324,0.3239861172489003
diploid,perf_composite,fc_corr_mm,resid,sat_asymptote,-0.3094194412746562,0.229,0.3239861172489003
diploid,perf_composite,raw_delta,none,value_4h,-0.24711959934599884,0.567,0.3239861172489003
diploid,perf_composite,raw_delta,resid,frac_auc_first_half,0.24213863422853962,0.596,0.3239861172489003
diploid,perf_composite,raw_delta_mm,none,delta_auc_late_minus_early,-0.2829590688948553,0.333,0.3239861172489003
diploid,perf_composite,raw_delta_mm,resid,sat_asymptote,-0.2961368579407122,0.279,0.3239861172489003
diploid,perf_composite,raw_rfu,none,delta_auc_late_minus_early,-0.2942962150881295,0.288,0.3239861172489003
diploid,perf_composite,raw_rfu,resid,sat_asymptote,-0.2881918080940579,0.316,0.3239861172489003
diploid,survived,fc_corr,none,peak_value,0.42723004694835676,0.52,0.18937788314942597
diploid,survived,fc_corr,resid,peak_value,0.47104851330203434,0.358,0.18937788314942597
diploid,survived,fc_corr_mm,none,peak_value,0.39906103286384975,0.612,0.18937788314942597
diploid,survived,fc_corr_mm,resid,final_value,0.483568075117371,0.318,0.18937788314942597
diploid,survived,raw_delta,none,auc_early,0.4303599374021909,0.505,0.18937788314942597
diploid,survived,raw_delta,resid,value_4h,0.42723004694835676,0.52,0.18937788314942597
diploid,survived,raw_delta_mm,none,peak_value,0.37715179968701085,0.714,0.18937788314942597
diploid,survived,raw_delta_mm,resid,peak_value,0.4522691705790298,0.411,0.18937788314942597
diploid,survived,raw_rfu,none,auc_early,0.4241001564945226,0.529,0.18937788314942597
diploid,survived,raw_rfu,resid,metabolic_scope,0.43661971830985924,0.47,0.18937788314942597
diploid,yield_dtw,fc_corr,none,rate_h2,-0.1656003560268361,0.929,0.9957923346610164
diploid,yield_dtw,fc_corr,resid,initial_slope,0.22676657577893966,0.553,0.9957923346610164
diploid,yield_dtw,fc_corr_mm,none,rate_h2,-0.16518984448487567,0.93,0.9957923346610164
diploid,yield_dtw,fc_corr_mm,resid,initial_slope,0.2125276897235123,0.656,0.9957923346610164
diploid,yield_dtw,raw_delta,none,auc_0_1h,0.18742784115793193,0.827,0.9957923346610164
diploid,yield_dtw,raw_delta,resid,auc_0_1h,0.1812467102261278,0.868,0.9957923346610164
diploid,yield_dtw,raw_delta_mm,none,rate_h2,-0.16725413109587667,0.921,0.9957923346610164
diploid,yield_dtw,raw_delta_mm,resid,initial_slope,0.19111071613437688,0.81,0.9957923346610164
diploid,yield_dtw,raw_rfu,none,initial_slope,0.18742784115793193,0.827,0.9957923346610164
diploid,yield_dtw,raw_rfu,resid,value_1h,0.18654817356801673,0.832,0.9957923346610164
pooled_adj,condition_index,fc_corr,none,sat_r2,0.13845606039025782,0.909,0.9937918561839207
pooled_adj,condition_index,fc_corr,resid,sat_r2,0.1604828372026777,0.765,0.9937918561839207
pooled_adj,condition_index,fc_corr_mm,none,quad_coef,0.058363751273684074,1,0.9937918561839207
pooled_adj,condition_index,fc_corr_mm,resid,sat_asymptote,-0.12158524426719841,0.969,0.9937918561839207
pooled_adj,condition_index,raw_delta,none,value_3h,-0.1098850782267738,0.986,0.9937918561839207
pooled_adj,condition_index,raw_delta,resid,late_early_auc_ratio,-0.09127961718538391,0.999,0.9937918561839207
pooled_adj,condition_index,raw_delta_mm,none,quad_coef,0.07804620087448892,1,0.9937918561839207
pooled_adj,condition_index,raw_delta_mm,resid,sat_asymptote,-0.1324312775957841,0.941,0.9937918561839207
pooled_adj,condition_index,raw_rfu,none,sat_r2,0.1384204529269335,0.909,0.9937918561839207
pooled_adj,condition_index,raw_rfu,resid,sat_r2,0.15954280017091588,0.777,0.9937918561839207
pooled_adj,cup,fc_corr,none,rate_last_first_ratio,0.10404225406611549,0.988,0.9412335440863079
pooled_adj,cup,fc_corr,resid,sat_asymptote,0.16977638513032334,0.726,0.8816790113932351
pooled_adj,cup,fc_corr_mm,none,sat_asymptote,0.17003275886625838,0.724,0.8816790113932351
pooled_adj,cup,fc_corr_mm,resid,rate_h3,0.1659658717158298,0.764,0.8816790113932351
pooled_adj,cup,raw_delta,none,stability_cv,0.10003740439308148,0.995,0.9412335440863079
pooled_adj,cup,raw_delta,resid,late_early_auc_ratio,0.1492564264616734,0.854,0.8816790113932351
pooled_adj,cup,raw_delta_mm,none,sat_asymptote,0.17609314912405644,0.67,0.8816790113932351
pooled_adj,cup,raw_delta_mm,resid,rate_h3,0.16321858353432822,0.785,0.8816790113932351
pooled_adj,cup,raw_rfu,none,stability_cv,0.10898221356618644,0.982,0.9412335440863079
pooled_adj,cup,raw_rfu,resid,sat_asymptote,0.16766842330152404,0.749,0.8816790113932351
pooled_adj,dry_tissue_weight,fc_corr,none,depression_abs,0.13831706141353917,0.913,0.99994351530698
pooled_adj,dry_tissue_weight,fc_corr,resid,auc_total,0.1091661870191843,0.991,0.99994351530698
pooled_adj,dry_tissue_weight,fc_corr_mm,none,depression_abs,0.13206145711798975,0.937,0.99994351530698
pooled_adj,dry_tissue_weight,fc_corr_mm,resid,auc_total,0.11587964149781203,0.983,0.99994351530698
pooled_adj,dry_tissue_weight,raw_delta,none,resilience_ratio,-0.1340207217450298,0.932,0.99994351530698
pooled_adj,dry_tissue_weight,raw_delta,resid,resilience_ratio,-0.08389238480809683,1,0.99994351530698
pooled_adj,dry_tissue_weight,raw_delta_mm,none,depression_abs,0.13182407181334838,0.938,0.99994351530698
pooled_adj,dry_tissue_weight,raw_delta_mm,resid,depression_abs,0.0800713264232871,1,0.99994351530698
pooled_adj,dry_tissue_weight,raw_rfu,none,baseline_value,-0.15869806706058703,0.799,0.99994351530698
pooled_adj,dry_tissue_weight,raw_rfu,resid,time_to_peak,-0.12930655045506748,0.947,0.99994351530698
pooled_adj,growth_abs,fc_corr,none,rate_last_first_ratio,-0.11208419857863307,0.98,0.9524025942739978
pooled_adj,growth_abs,fc_corr,resid,rate_last_first_ratio,-0.11556667655518438,0.969,0.9524025942739978
pooled_adj,growth_abs,fc_corr_mm,none,rate_h4,-0.09701925681340368,0.996,0.9524025942739978
pooled_adj,growth_abs,fc_corr_mm,resid,auc_0_3h,0.10639615121693258,0.986,0.9524025942739978
pooled_adj,growth_abs,raw_delta,none,resilience_ratio,-0.09150687222368377,0.996,0.9524025942739978
pooled_adj,growth_abs,raw_delta,resid,auc_0_3h,0.09180198888186661,0.996,0.9524025942739978
pooled_adj,growth_abs,raw_delta_mm,none,rate_h4,-0.10458397286246791,0.989,0.9524025942739978
pooled_adj,growth_abs,raw_delta_mm,resid,rate_h4,-0.10200435954650397,0.991,0.9524025942739978
pooled_adj,growth_abs,raw_rfu,none,rate_last_first_ratio,-0.11213579084495234,0.98,0.9524025942739978
pooled_adj,growth_abs,raw_rfu,resid,rate_last_first_ratio,-0.11428976796378222,0.975,0.9524025942739978
pooled_adj,perf_composite,fc_corr,none,depression_abs,0.09730233047579444,0.998,0.9942349807543718
pooled_adj,perf_composite,fc_corr,resid,sat_r2,0.10406592097497107,0.995,0.9942349807543718
pooled_adj,perf_composite,fc_corr_mm,none,depression_abs,0.09420944012373486,0.999,0.9942349807543718
pooled_adj,perf_composite,fc_corr_mm,resid,sat_asymptote,-0.12286430575552376,0.965,0.9942349807543718
pooled_adj,perf_composite,raw_delta,none,resilience_ratio,-0.09452708832205449,0.999,0.9942349807543718
pooled_adj,perf_composite,raw_delta,resid,resilience_ratio,-0.10474872967635751,0.995,0.9942349807543718
pooled_adj,perf_composite,raw_delta_mm,none,depression_abs,0.09424622044143502,0.999,0.9942349807543718
pooled_adj,perf_composite,raw_delta_mm,resid,sat_asymptote,-0.12144347690016472,0.972,0.9942349807543718
pooled_adj,perf_composite,raw_rfu,none,rate_h4,-0.09748664984287053,0.998,0.9942349807543718
pooled_adj,perf_composite,raw_rfu,resid,time_to_peak,-0.13261035035190252,0.934,0.9942349807543718
pooled_adj,survived,fc_corr,none,metabolic_depression_index,0.22641044592264103,0.612,0.8728311975820928
pooled_adj,survived,fc_corr,resid,sat_r2,-0.16883116883116878,0.907,0.8728311975820928
pooled_adj,survived,fc_corr_mm,none,depression_abs,0.22641044592264103,0.612,0.8728311975820928
pooled_adj,survived,fc_corr_mm,resid,vmax,0.1500369549150038,0.958,0.8728311975820928
pooled_adj,survived,raw_delta,none,resilience_ratio,-0.22641044592264103,0.612,0.8728311975820928
pooled_adj,survived,raw_delta,resid,stability_cv,0.15447154471544722,0.954,0.8728311975820928
pooled_adj,survived,raw_delta_mm,none,depression_abs,0.22690317812269023,0.611,0.8728311975820928
pooled_adj,survived,raw_delta_mm,resid,vmax,0.14855875831485577,0.964,0.8728311975820928
pooled_adj,survived,raw_rfu,none,n_negative_intervals,0.2567134762256713,0.406,0.8728311975820928
pooled_adj,survived,raw_rfu,resid,sat_r2,-0.17035905271199392,0.901,0.8728311975820928
pooled_adj,yield_dtw,fc_corr,none,vmax,0.1344279068489293,0.838,0.7404117794400136
pooled_adj,yield_dtw,fc_corr,resid,vmax,0.1309441288858043,0.865,0.7404117794400136
pooled_adj,yield_dtw,fc_corr_mm,none,depression_abs,0.12158562762043795,0.913,0.7404117794400136
pooled_adj,yield_dtw,fc_corr_mm,resid,vmax,0.13488079798413555,0.834,0.7404117794400136
pooled_adj,yield_dtw,raw_delta,none,auc_early,0.12719114989825603,0.89,0.7404117794400136
pooled_adj,yield_dtw,raw_delta,resid,auc_0_3h,0.09047054663148071,0.991,0.7404117794400136
pooled_adj,yield_dtw,raw_delta_mm,none,depression_abs,0.12176113858044965,0.912,0.7404117794400136
pooled_adj,yield_dtw,raw_delta_mm,resid,vmax,0.11303275954902844,0.947,0.7404117794400136
pooled_adj,yield_dtw,raw_rfu,none,vmax,0.14263695455840203,0.768,0.7404117794400136
pooled_adj,yield_dtw,raw_rfu,resid,n_negative_intervals,0.13599243986145998,0.823,0.7404117794400136
triploid,condition_index,fc_corr,none,t_half,0.28190899001109876,0.649,0.4412384239300102
triploid,condition_index,fc_corr,resid,delta_auc_late_minus_early,0.3038504226073593,0.525,0.4412384239300102
triploid,condition_index,fc_corr_mm,none,delta_auc_late_minus_early,0.3245966020660804,0.411,0.4412384239300102
triploid,condition_index,fc_corr_mm,resid,delta_auc_late_minus_early,0.29898403483309144,0.557,0.4412384239300102
triploid,condition_index,raw_delta,none,late_early_auc_ratio,0.251088534107402,0.813,0.4412384239300102
triploid,condition_index,raw_delta,resid,value_4h,0.2171091949116366,0.929,0.4654631163787432
triploid,condition_index,raw_delta_mm,none,delta_auc_late_minus_early,0.3099974387432767,0.492,0.4412384239300102
triploid,condition_index,raw_delta_mm,resid,delta_auc_late_minus_early,0.25851617860496884,0.774,0.4412384239300102
triploid,condition_index,raw_rfu,none,inflection_time,0.31072334458667916,0.487,0.4412384239300102
triploid,condition_index,raw_rfu,resid,delta_auc_late_minus_early,0.25467429352002047,0.796,0.4412384239300102
triploid,cup,fc_corr,none,rate_last_first_ratio,0.29889865960898143,0.532,0.8609114996363775
triploid,cup,fc_corr,resid,rate_last_first_ratio,0.21266968325791855,0.924,0.8609114996363775
triploid,cup,fc_corr_mm,none,min_slope,0.27166396311790314,0.691,0.8609114996363775
triploid,cup,fc_corr_mm,resid,max_drop,-0.19491163664304617,0.965,0.8609114996363775
triploid,cup,raw_delta,none,auc_0_3h,-0.22786647314949202,0.883,0.8609114996363775
triploid,cup,raw_delta,resid,late_early_auc_ratio,0.16776231537607786,0.993,0.8626413679834619
triploid,cup,raw_delta_mm,none,min_slope,0.2543327926235806,0.777,0.8609114996363775
triploid,cup,raw_delta_mm,resid,max_drop,-0.20063177665841372,0.954,0.8609114996363775
triploid,cup,raw_rfu,none,n_negative_intervals,-0.31218446156627605,0.471,0.8609114996363775
triploid,cup,raw_rfu,resid,baseline_value,-0.33304874925296674,0.364,0.8609114996363775
triploid,dry_tissue_weight,fc_corr,none,sat_asymptote,0.41326530612244894,0.091,0.24485900073348751
triploid,dry_tissue_weight,fc_corr,resid,rate_h2,0.3783829932553573,0.167,0.24485900073348751
triploid,dry_tissue_weight,fc_corr_mm,none,rate_h2,0.33287799880474683,0.363,0.25081790276749405
triploid,dry_tissue_weight,fc_corr_mm,resid,rate_h2,0.41543584051908133,0.083,0.24485900073348751
triploid,dry_tissue_weight,raw_delta,none,auc_late,0.3011184154358405,0.515,0.2535352757288906
triploid,dry_tissue_weight,raw_delta,resid,value_2h,0.21053530265516945,0.923,0.3462281669145159
triploid,dry_tissue_weight,raw_delta_mm,none,rate_h2,0.3211815931016819,0.418,0.2535352757288906
triploid,dry_tissue_weight,raw_delta_mm,resid,rate_h2,0.4040809357124562,0.108,0.24485900073348751
triploid,dry_tissue_weight,raw_rfu,none,sat_asymptote,0.35173469387755096,0.258,0.24485900073348751
triploid,dry_tissue_weight,raw_rfu,resid,rate_h2,0.3749679842909588,0.174,0.24485900073348751
triploid,growth_abs,fc_corr,none,sat_asymptote,0.3973469387755102,0.114,0.5478550890185221
triploid,growth_abs,fc_corr,resid,sat_k,-0.336734693877551,0.326,0.5478550890185221
triploid,growth_abs,fc_corr_mm,none,sat_asymptote,0.3497959183673469,0.268,0.5478550890185221
triploid,growth_abs,fc_corr_mm,resid,sat_k,-0.336734693877551,0.326,0.5478550890185221
triploid,growth_abs,raw_delta,none,resilience_ratio,-0.2189357279662477,0.902,0.5478550890185221
triploid,growth_abs,raw_delta,resid,frac_auc_first_half,-0.17843421838982323,0.981,0.5478550890185221
triploid,growth_abs,raw_delta_mm,none,sat_k,-0.2947959183673469,0.545,0.5478550890185221
triploid,growth_abs,raw_delta_mm,resid,sat_k,-0.33795918367346933,0.324,0.5478550890185221
triploid,growth_abs,raw_rfu,none,sat_asymptote,0.336734693877551,0.326,0.5478550890185221
triploid,growth_abs,raw_rfu,resid,sat_k,-0.33795918367346933,0.324,0.5478550890185221
triploid,perf_composite,fc_corr,none,sat_asymptote,0.4047564527000752,0.106,0.1825774981883455
triploid,perf_composite,fc_corr,resid,delta_auc_late_minus_early,0.33618003978384287,0.366,0.1825774981883455
triploid,perf_composite,fc_corr_mm,none,sat_asymptote,0.4026640287231867,0.112,0.1825774981883455
triploid,perf_composite,fc_corr_mm,resid,rate_h2,0.3312267964693597,0.393,0.1825774981883455
triploid,perf_composite,raw_delta,none,late_early_auc_ratio,0.3109014187306185,0.473,0.1825774981883455
triploid,perf_composite,raw_delta,resid,frac_auc_first_half,-0.2643580117238373,0.722,0.21766899887218294
triploid,perf_composite,raw_delta_mm,none,delta_auc_late_minus_early,0.33720484874546003,0.362,0.1825774981883455
triploid,perf_composite,raw_delta_mm,resid,rate_h2,0.3233272273902271,0.43,0.1825774981883455
triploid,perf_composite,raw_rfu,none,sat_asymptote,0.34637272027177035,0.308,0.1825774981883455
triploid,perf_composite,raw_rfu,resid,rate_h2,0.331184096095959,0.393,0.1825774981883455
triploid,survived,fc_corr,none,delta_auc_late_minus_early,-0.13461538461538458,1,1
triploid,survived,fc_corr,resid,sat_r2,-0.12585034013605445,1,1
triploid,survived,fc_corr_mm,none,max_drop,0.1233974358974359,1,1
triploid,survived,fc_corr_mm,resid,depression_abs,0.1314102564102564,1,1
triploid,survived,raw_delta,none,resilience_ratio,-0.09294871794871795,1,1
triploid,survived,raw_delta,resid,resilience_ratio,-0.12019230769230771,1,1
triploid,survived,raw_delta_mm,none,vmax,0.13782051282051277,1,1
triploid,survived,raw_delta_mm,resid,depression_abs,0.1314102564102564,1,1
triploid,survived,raw_rfu,none,inflection_time,-0.24118589743589747,0.857,1
triploid,survived,raw_rfu,resid,time_to_vmax,0.2612179487179487,0.772,1
triploid,yield_dtw,fc_corr,none,depression_abs,0.21558359312802267,0.742,0.8763162262123619
triploid,yield_dtw,fc_corr,resid,depression_abs,0.14601862673143945,0.984,0.8763162262123619
triploid,yield_dtw,fc_corr_mm,none,depression_abs,0.2137003416179051,0.752,0.8763162262123619
triploid,yield_dtw,fc_corr_mm,resid,depression_abs,0.1700494699815717,0.935,0.8763162262123619
triploid,yield_dtw,raw_delta,none,resilience_ratio,-0.20342363294631552,0.809,0.8763162262123619
triploid,yield_dtw,raw_delta,resid,resilience_ratio,-0.152422221377862,0.975,0.8763162262123619
triploid,yield_dtw,raw_delta_mm,none,depression_abs,0.2109241691331629,0.766,0.8763162262123619
triploid,yield_dtw,raw_delta_mm,resid,depression_abs,0.1725497889324525,0.93,0.8763162262123619
triploid,yield_dtw,raw_rfu,none,depression_abs,0.21483678649470017,0.746,0.8763162262123619
triploid,yield_dtw,raw_rfu,resid,time_to_vmax,0.23137673758234276,0.631,0.8763162262123619
