phenotype,value_metric,family_id_group,trajectory_class,n,prop
high-salinity,corrected_fc,12,depress_then_recover,1,0.037037037037037035
high-salinity,corrected_fc,12,monotonic_increase,19,0.7037037037037037
high-salinity,corrected_fc,12,rise_then_depress,7,0.25925925925925924
high-salinity,corrected_fc,14,monotonic_increase,23,0.8518518518518519
high-salinity,corrected_fc,14,rise_then_depress,4,0.14814814814814814
high-salinity,corrected_fc,15,depress_then_recover,1,0.038461538461538464
high-salinity,corrected_fc,15,monotonic_increase,24,0.9230769230769231
high-salinity,corrected_fc,15,rise_then_depress,1,0.038461538461538464
high-salinity,corrected_fc,16,monotonic_increase,16,0.6956521739130435
high-salinity,corrected_fc,16,rise_then_depress,7,0.30434782608695654
high-salinity,corrected_fc,19,monotonic_increase,20,0.7407407407407407
high-salinity,corrected_fc,19,rise_then_depress,7,0.25925925925925924
high-salinity,corrected_fc,2,monotonic_increase,20,0.7407407407407407
high-salinity,corrected_fc,2,rise_then_depress,7,0.25925925925925924
high-salinity,corrected_fc,20,monotonic_increase,17,0.7083333333333334
high-salinity,corrected_fc,20,rise_then_depress,7,0.2916666666666667
high-salinity,corrected_fc,21,monotonic_increase,25,0.9615384615384616
high-salinity,corrected_fc,21,rise_then_depress,1,0.038461538461538464
high-salinity,corrected_fc,24,monotonic_increase,22,0.88
high-salinity,corrected_fc,24,rise_then_depress,3,0.12
high-salinity,corrected_fc,25,monotonic_increase,16,0.5925925925925926
high-salinity,corrected_fc,25,rise_then_depress,11,0.4074074074074074
high-salinity,corrected_fc,26,depress_then_recover,1,0.04
high-salinity,corrected_fc,26,monotonic_increase,14,0.56
high-salinity,corrected_fc,26,rise_then_depress,10,0.4
high-salinity,corrected_fc,31,depress_then_recover,1,0.04
high-salinity,corrected_fc,31,monotonic_increase,18,0.72
high-salinity,corrected_fc,31,rise_then_depress,6,0.24
high-salinity,corrected_fc,32,monotonic_increase,17,0.7083333333333334
high-salinity,corrected_fc,32,rise_then_depress,7,0.2916666666666667
high-salinity,corrected_fc,33,depress_then_recover,1,0.03571428571428571
high-salinity,corrected_fc,33,monotonic_increase,19,0.6785714285714286
high-salinity,corrected_fc,33,rise_then_depress,8,0.2857142857142857
high-salinity,corrected_fc,34,monotonic_increase,16,0.7272727272727273
high-salinity,corrected_fc,34,rise_then_depress,6,0.2727272727272727
high-salinity,corrected_fc,36,monotonic_increase,20,0.7692307692307693
high-salinity,corrected_fc,36,rise_then_depress,6,0.23076923076923078
high-salinity,corrected_fc,37,monotonic_increase,26,0.9285714285714286
high-salinity,corrected_fc,37,rise_then_depress,2,0.07142857142857142
high-salinity,corrected_fc,38,depress_then_recover,1,0.04
high-salinity,corrected_fc,38,monotonic_increase,21,0.84
high-salinity,corrected_fc,38,rise_then_depress,3,0.12
high-salinity,corrected_fc,39,monotonic_increase,21,0.875
high-salinity,corrected_fc,39,rise_then_depress,3,0.125
high-salinity,corrected_fc,41,monotonic_increase,17,0.6538461538461539
high-salinity,corrected_fc,41,rise_then_depress,9,0.34615384615384615
high-salinity,corrected_fc,42,monotonic_increase,17,0.7391304347826086
high-salinity,corrected_fc,42,rise_then_depress,6,0.2608695652173913
high-salinity,corrected_fc,43,depress_then_recover,1,0.03571428571428571
high-salinity,corrected_fc,43,monotonic_increase,17,0.6071428571428571
high-salinity,corrected_fc,43,rise_then_depress,10,0.35714285714285715
high-salinity,corrected_fc,5,monotonic_increase,13,0.52
high-salinity,corrected_fc,5,rise_then_depress,12,0.48
high-salinity,corrected_fc,6,depress_then_recover,2,0.07692307692307693
high-salinity,corrected_fc,6,monotonic_increase,21,0.8076923076923077
high-salinity,corrected_fc,6,rise_then_depress,3,0.11538461538461539
high-salinity,corrected_fc,7,monotonic_increase,17,0.7083333333333334
high-salinity,corrected_fc,7,rise_then_depress,7,0.2916666666666667
low-salinity,corrected_fc,47,monotonic_increase,23,0.8518518518518519
low-salinity,corrected_fc,47,rise_then_depress,4,0.14814814814814814
low-salinity,corrected_fc,48,monotonic_increase,17,0.7391304347826086
low-salinity,corrected_fc,48,rise_then_depress,6,0.2608695652173913
low-salinity,corrected_fc,49,depress_then_recover,1,0.037037037037037035
low-salinity,corrected_fc,49,monotonic_increase,21,0.7777777777777778
low-salinity,corrected_fc,49,rise_then_depress,5,0.18518518518518517
low-salinity,corrected_fc,50,monotonic_increase,20,0.7407407407407407
low-salinity,corrected_fc,50,rise_then_depress,7,0.25925925925925924
low-salinity,corrected_fc,51,monotonic_increase,18,0.6428571428571429
low-salinity,corrected_fc,51,rise_then_depress,10,0.35714285714285715
low-salinity,corrected_fc,54,monotonic_increase,10,0.625
low-salinity,corrected_fc,54,rise_then_depress,6,0.375
low-salinity,corrected_fc,55,monotonic_increase,18,0.782608695652174
low-salinity,corrected_fc,55,rise_then_depress,5,0.21739130434782608
low-salinity,corrected_fc,57,depress_then_recover,1,0.038461538461538464
low-salinity,corrected_fc,57,monotonic_increase,17,0.6538461538461539
low-salinity,corrected_fc,57,rise_then_depress,8,0.3076923076923077
low-salinity,corrected_fc,60,depress_then_recover,2,0.07407407407407407
low-salinity,corrected_fc,60,monotonic_increase,19,0.7037037037037037
low-salinity,corrected_fc,60,rise_then_depress,6,0.2222222222222222
low-salinity,corrected_fc,61,monotonic_increase,21,0.7777777777777778
low-salinity,corrected_fc,61,rise_then_depress,6,0.2222222222222222
low-salinity,corrected_fc,70,monotonic_increase,25,0.9259259259259259
low-salinity,corrected_fc,70,rise_then_depress,2,0.07407407407407407
low-salinity,corrected_fc,71,monotonic_increase,23,0.92
low-salinity,corrected_fc,71,rise_then_depress,2,0.08
low-salinity,corrected_fc,72,monotonic_increase,16,0.6153846153846154
low-salinity,corrected_fc,72,rise_then_depress,10,0.38461538461538464
low-salinity,corrected_fc,74,depress_then_recover,1,0.038461538461538464
low-salinity,corrected_fc,74,monotonic_increase,19,0.7307692307692307
low-salinity,corrected_fc,74,rise_then_depress,6,0.23076923076923078
low-salinity,corrected_fc,76,monotonic_increase,19,0.7916666666666666
low-salinity,corrected_fc,76,rise_then_depress,5,0.20833333333333334
low-salinity,corrected_fc,77,monotonic_increase,21,0.875
low-salinity,corrected_fc,77,rise_then_depress,3,0.125
low-salinity,corrected_fc,78,monotonic_increase,13,0.7647058823529411
low-salinity,corrected_fc,78,rise_then_depress,4,0.23529411764705882
low-salinity,corrected_fc,79,monotonic_increase,27,0.8709677419354839
low-salinity,corrected_fc,79,rise_then_depress,4,0.12903225806451613
low-salinity,corrected_fc,80,monotonic_increase,26,0.9629629629629629
low-salinity,corrected_fc,80,rise_then_depress,1,0.037037037037037035
low-salinity,corrected_fc,82,depress_then_recover,1,0.047619047619047616
low-salinity,corrected_fc,82,monotonic_increase,13,0.6190476190476191
low-salinity,corrected_fc,82,rise_then_depress,7,0.3333333333333333
low-salinity,corrected_fc,83,depress_then_recover,5,0.19230769230769232
low-salinity,corrected_fc,83,monotonic_increase,17,0.6538461538461539
low-salinity,corrected_fc,83,rise_then_depress,4,0.15384615384615385
low-salinity,corrected_fc,84,monotonic_increase,23,0.92
low-salinity,corrected_fc,84,rise_then_depress,2,0.08
low-salinity,corrected_fc,85,monotonic_increase,19,0.7916666666666666
low-salinity,corrected_fc,85,rise_then_depress,5,0.20833333333333334
low-salinity,corrected_fc,88,monotonic_increase,13,0.65
low-salinity,corrected_fc,88,rise_then_depress,7,0.35
low-salinity,corrected_fc,90,depress_then_recover,2,0.08695652173913043
low-salinity,corrected_fc,90,monotonic_increase,19,0.8260869565217391
low-salinity,corrected_fc,90,rise_then_depress,2,0.08695652173913043
