date,plate,well,timepoint,family,ploidy,value,unique
20250826,plate1,A02,0,HNRY,diploid,0,20250826 plate1 A02
20250826,plate1,A02,1,HNRY,diploid,0.8972368290074993,20250826 plate1 A02
20250826,plate1,A02,2,HNRY,diploid,0.8846859471118573,20250826 plate1 A02
20250826,plate1,A02,3,HNRY,diploid,1.0584807849356894,20250826 plate1 A02
20250826,plate1,A02,4,HNRY,diploid,1.1454038233147783,20250826 plate1 A02
20250826,plate1,A03,0,HNRY,triploid,0,20250826 plate1 A03
20250826,plate1,A03,1,HNRY,triploid,0.7142790149893329,20250826 plate1 A03
20250826,plate1,A03,2,HNRY,triploid,0.940112135912328,20250826 plate1 A03
20250826,plate1,A03,3,HNRY,triploid,1.0925837461857029,20250826 plate1 A03
20250826,plate1,A03,4,HNRY,triploid,1.1864370055327913,20250826 plate1 A03
20250826,plate1,A04,0,HNRY,diploid,0,20250826 plate1 A04
20250826,plate1,A04,1,HNRY,diploid,0.7145172894041817,20250826 plate1 A04
20250826,plate1,A04,2,HNRY,diploid,1.3144651125924902,20250826 plate1 A04
20250826,plate1,A04,3,HNRY,diploid,1.3632706209479502,20250826 plate1 A04
20250826,plate1,A04,4,HNRY,diploid,1.4801656277190312,20250826 plate1 A04
20250826,plate1,A05,0,HNRY,triploid,0,20250826 plate1 A05
20250826,plate1,A05,1,HNRY,triploid,0.626814821295046,20250826 plate1 A05
20250826,plate1,A05,2,HNRY,triploid,0.8032447331015216,20250826 plate1 A05
20250826,plate1,A05,3,HNRY,triploid,0.8277389928242639,20250826 plate1 A05
20250826,plate1,A05,4,HNRY,triploid,0.8421620189702774,20250826 plate1 A05
20250826,plate1,A06,0,HNRY,diploid,0,20250826 plate1 A06
20250826,plate1,A06,1,HNRY,diploid,1.0569414142167664,20250826 plate1 A06
20250826,plate1,A06,2,HNRY,diploid,1.0171824452402773,20250826 plate1 A06
20250826,plate1,A06,3,HNRY,diploid,1.149713036097997,20250826 plate1 A06
20250826,plate1,A06,4,HNRY,diploid,0.9948613375915568,20250826 plate1 A06
20250826,plate1,A07,0,HNRY,triploid,0,20250826 plate1 A07
20250826,plate1,A07,1,HNRY,triploid,0.6585223724333675,20250826 plate1 A07
20250826,plate1,A07,2,HNRY,triploid,0.7075299528815651,20250826 plate1 A07
20250826,plate1,A07,3,HNRY,triploid,0.9451877373148329,20250826 plate1 A07
20250826,plate1,A07,4,HNRY,triploid,0.9128225463917761,20250826 plate1 A07
20250826,plate1,A08,0,HNRY,diploid,0,20250826 plate1 A08
20250826,plate1,A08,1,HNRY,diploid,0.5471382998663685,20250826 plate1 A08
20250826,plate1,A08,2,HNRY,diploid,0.637215104322707,20250826 plate1 A08
20250826,plate1,A08,3,HNRY,diploid,0.746137513324349,20250826 plate1 A08
20250826,plate1,A08,4,HNRY,diploid,0.7569599547718724,20250826 plate1 A08
20250826,plate1,B02,0,HNRY,diploid,0,20250826 plate1 B02
20250826,plate1,B02,1,HNRY,diploid,0.6325060265378298,20250826 plate1 B02
20250826,plate1,B02,2,HNRY,diploid,0.6505820555623602,20250826 plate1 B02
20250826,plate1,B02,3,HNRY,diploid,0.8893790797352736,20250826 plate1 B02
20250826,plate1,B02,4,HNRY,diploid,0.9913555856291996,20250826 plate1 B02
20250826,plate1,B03,0,HNRY,triploid,0,20250826 plate1 B03
20250826,plate1,B03,1,HNRY,triploid,0.9049218420424286,20250826 plate1 B03
20250826,plate1,B03,2,HNRY,triploid,0.9788881333781052,20250826 plate1 B03
20250826,plate1,B03,3,HNRY,triploid,1.1899562597150528,20250826 plate1 B03
20250826,plate1,B03,4,HNRY,triploid,1.295067664613207,20250826 plate1 B03
20250826,plate1,B04,0,HNRY,diploid,0,20250826 plate1 B04
20250826,plate1,B04,1,HNRY,diploid,0.5674846399553517,20250826 plate1 B04
20250826,plate1,B04,2,HNRY,diploid,0.9751981817173985,20250826 plate1 B04
20250826,plate1,B04,3,HNRY,diploid,1.1377630205411822,20250826 plate1 B04
20250826,plate1,B04,4,HNRY,diploid,1.245561127015806,20250826 plate1 B04
20250826,plate1,B05,0,HNRY,triploid,0,20250826 plate1 B05
20250826,plate1,B05,1,HNRY,triploid,0.8918689276533498,20250826 plate1 B05
20250826,plate1,B05,2,HNRY,triploid,1.0207456606326883,20250826 plate1 B05
20250826,plate1,B05,3,HNRY,triploid,1.1428177489521278,20250826 plate1 B05
20250826,plate1,B05,4,HNRY,triploid,1.1945115398780741,20250826 plate1 B05
20250826,plate1,B06,0,HNRY,diploid,0,20250826 plate1 B06
20250826,plate1,B06,1,HNRY,diploid,0.7664326060067176,20250826 plate1 B06
20250826,plate1,B06,2,HNRY,diploid,1.0305466562589158,20250826 plate1 B06
20250826,plate1,B06,3,HNRY,diploid,1.2933632593723166,20250826 plate1 B06
20250826,plate1,B06,4,HNRY,diploid,1.2697762522414064,20250826 plate1 B06
20250826,plate1,B07,0,HNRY,triploid,0,20250826 plate1 B07
20250826,plate1,B07,1,HNRY,triploid,0.6655524929452704,20250826 plate1 B07
20250826,plate1,B07,2,HNRY,triploid,1.1573294261865321,20250826 plate1 B07
20250826,plate1,B07,3,HNRY,triploid,1.2943373304769987,20250826 plate1 B07
20250826,plate1,B07,4,HNRY,triploid,1.2771666536588249,20250826 plate1 B07
20250826,plate1,B08,0,HNRY,diploid,0,20250826 plate1 B08
20250826,plate1,B08,1,HNRY,diploid,0.852477147882285,20250826 plate1 B08
20250826,plate1,B08,2,HNRY,diploid,1.1317928608152588,20250826 plate1 B08
20250826,plate1,B08,3,HNRY,diploid,1.3834536220220957,20250826 plate1 B08
20250826,plate1,B08,4,HNRY,diploid,1.2952855558551644,20250826 plate1 B08
20250826,plate1,C02,0,HNRY,diploid,0,20250826 plate1 C02
20250826,plate1,C02,1,HNRY,diploid,0.42989372064916703,20250826 plate1 C02
20250826,plate1,C02,2,HNRY,diploid,0.5629466163193636,20250826 plate1 C02
20250826,plate1,C02,3,HNRY,diploid,0.6742865785036778,20250826 plate1 C02
20250826,plate1,C02,4,HNRY,diploid,0.7312323640870858,20250826 plate1 C02
20250826,plate1,C03,0,HNRY,triploid,0,20250826 plate1 C03
20250826,plate1,C03,1,HNRY,triploid,0.5377188423271391,20250826 plate1 C03
20250826,plate1,C03,2,HNRY,triploid,0.5929030394637892,20250826 plate1 C03
20250826,plate1,C03,3,HNRY,triploid,1.0233980820343596,20250826 plate1 C03
20250826,plate1,C03,4,HNRY,triploid,1.1252354135567175,20250826 plate1 C03
20250826,plate1,C04,0,HNRY,diploid,0,20250826 plate1 C04
20250826,plate1,C04,1,HNRY,diploid,0.32899078987897595,20250826 plate1 C04
20250826,plate1,C04,2,HNRY,diploid,0.4215947081572906,20250826 plate1 C04
20250826,plate1,C04,3,HNRY,diploid,0.44107604788906485,20250826 plate1 C04
20250826,plate1,C04,4,HNRY,diploid,0.4766488663043938,20250826 plate1 C04
20250826,plate1,C05,0,HNRY,triploid,0,20250826 plate1 C05
20250826,plate1,C05,1,HNRY,triploid,0.803306756897911,20250826 plate1 C05
20250826,plate1,C05,2,HNRY,triploid,0.6958074508484644,20250826 plate1 C05
20250826,plate1,C05,3,HNRY,triploid,0.940792668338201,20250826 plate1 C05
20250826,plate1,C05,4,HNRY,triploid,0.9105168946821292,20250826 plate1 C05
20250826,plate1,C06,0,HNRY,diploid,0,20250826 plate1 C06
20250826,plate1,C06,1,HNRY,diploid,0.524748981650809,20250826 plate1 C06
20250826,plate1,C06,2,HNRY,diploid,0.7656032684960633,20250826 plate1 C06
20250826,plate1,C06,3,HNRY,diploid,0.7098031212360665,20250826 plate1 C06
20250826,plate1,C06,4,HNRY,diploid,0.7230881132829237,20250826 plate1 C06
20250826,plate1,C07,0,HNRY,triploid,0,20250826 plate1 C07
20250826,plate1,C07,1,HNRY,triploid,0.8933910282371321,20250826 plate1 C07
20250826,plate1,C07,2,HNRY,triploid,0.9740933874867203,20250826 plate1 C07
20250826,plate1,C07,3,HNRY,triploid,1.188349513450698,20250826 plate1 C07
20250826,plate1,C07,4,HNRY,triploid,1.1376738379947826,20250826 plate1 C07
20250826,plate1,C08,0,HNRY,diploid,0,20250826 plate1 C08
20250826,plate1,C08,1,HNRY,diploid,0.7431278773407393,20250826 plate1 C08
20250826,plate1,C08,2,HNRY,diploid,0.7539132438604953,20250826 plate1 C08
20250826,plate1,C08,3,HNRY,diploid,0.9898073674343033,20250826 plate1 C08
20250826,plate1,C08,4,HNRY,diploid,1.0099438136841437,20250826 plate1 C08
20250826,plate1,D02,0,HNRY,diploid,0,20250826 plate1 D02
20250826,plate1,D02,1,HNRY,diploid,0.48726068169439496,20250826 plate1 D02
20250826,plate1,D02,2,HNRY,diploid,0.6444405437875245,20250826 plate1 D02
20250826,plate1,D02,3,HNRY,diploid,0.7644266183706838,20250826 plate1 D02
20250826,plate1,D02,4,HNRY,diploid,0.840210833341428,20250826 plate1 D02
20250826,plate1,D03,0,HNRY,triploid,0,20250826 plate1 D03
20250826,plate1,D03,1,HNRY,triploid,0.6182894202779099,20250826 plate1 D03
20250826,plate1,D03,2,HNRY,triploid,0.8880169836975585,20250826 plate1 D03
20250826,plate1,D03,3,HNRY,triploid,1.0409061381350782,20250826 plate1 D03
20250826,plate1,D03,4,HNRY,triploid,1.125535980411432,20250826 plate1 D03
20250826,plate1,D04,0,HNRY,diploid,0,20250826 plate1 D04
20250826,plate1,D04,1,HNRY,diploid,0.6525193746985791,20250826 plate1 D04
20250826,plate1,D04,2,HNRY,diploid,1.091328192472377,20250826 plate1 D04
20250826,plate1,D04,3,HNRY,diploid,1.3231171955552428,20250826 plate1 D04
20250826,plate1,D04,4,HNRY,diploid,1.4557835991752965,20250826 plate1 D04
20250826,plate1,D05,0,HNRY,triploid,0,20250826 plate1 D05
20250826,plate1,D05,1,HNRY,triploid,0.7201333185998839,20250826 plate1 D05
20250826,plate1,D05,2,HNRY,triploid,0.8529533127971544,20250826 plate1 D05
20250826,plate1,D05,3,HNRY,triploid,0.9235445821856658,20250826 plate1 D05
20250826,plate1,D05,4,HNRY,triploid,0.9435074148370419,20250826 plate1 D05
20250826,plate1,D06,0,HNRY,diploid,0,20250826 plate1 D06
20250826,plate1,D06,1,HNRY,diploid,0.6257758909910975,20250826 plate1 D06
20250826,plate1,D06,2,HNRY,diploid,1.6296486329283235,20250826 plate1 D06
20250826,plate1,D06,3,HNRY,diploid,1.4243364324655048,20250826 plate1 D06
20250826,plate1,D06,4,HNRY,diploid,1.443924203044676,20250826 plate1 D06
20250826,plate1,D07,0,HNRY,triploid,0,20250826 plate1 D07
20250826,plate1,D07,1,HNRY,triploid,0.5928321610884041,20250826 plate1 D07
20250826,plate1,D07,2,HNRY,triploid,0.9466169897696802,20250826 plate1 D07
20250826,plate1,D07,3,HNRY,triploid,0.9074140985318304,20250826 plate1 D07
20250826,plate1,D07,4,HNRY,triploid,0.8872761888094316,20250826 plate1 D07
20250826,plate1,D08,0,HNRY,diploid,0,20250826 plate1 D08
20250826,plate1,D08,1,HNRY,diploid,0.6897566501061148,20250826 plate1 D08
20250826,plate1,D08,2,HNRY,diploid,0.8063405903815373,20250826 plate1 D08
20250826,plate1,D08,3,HNRY,diploid,0.9475522144252154,20250826 plate1 D08
20250826,plate1,D08,4,HNRY,diploid,0.9588976160390847,20250826 plate1 D08
20250826,plate1,E02,0,HNRY,diploid,0,20250826 plate1 E02
20250826,plate1,E02,1,HNRY,diploid,0.5686559561599498,20250826 plate1 E02
20250826,plate1,E02,2,HNRY,diploid,0.6377885746504268,20250826 plate1 E02
20250826,plate1,E02,3,HNRY,diploid,0.7250562577201388,20250826 plate1 E02
20250826,plate1,E02,4,HNRY,diploid,0.8050578074398849,20250826 plate1 E02
20250826,plate1,E03,0,HNRY,triploid,0,20250826 plate1 E03
20250826,plate1,E03,1,HNRY,triploid,0.8757615822551164,20250826 plate1 E03
20250826,plate1,E03,2,HNRY,triploid,0.9860398229970431,20250826 plate1 E03
20250826,plate1,E03,3,HNRY,triploid,1.1343584870940613,20250826 plate1 E03
20250826,plate1,E03,4,HNRY,triploid,1.2110744965307163,20250826 plate1 E03
20250826,plate1,E04,0,HNRY,diploid,0,20250826 plate1 E04
20250826,plate1,E04,1,HNRY,diploid,0.5818756449211857,20250826 plate1 E04
20250826,plate1,E04,2,HNRY,diploid,0.7975357215149448,20250826 plate1 E04
20250826,plate1,E04,3,HNRY,diploid,0.9486757951608635,20250826 plate1 E04
20250826,plate1,E04,4,HNRY,diploid,1.0217407765059903,20250826 plate1 E04
20250826,plate1,E05,0,HNRY,triploid,0,20250826 plate1 E05
20250826,plate1,E05,1,HNRY,triploid,0.874167141705026,20250826 plate1 E05
20250826,plate1,E05,2,HNRY,triploid,0.884773675902265,20250826 plate1 E05
20250826,plate1,E05,3,HNRY,triploid,1.063714756543981,20250826 plate1 E05
20250826,plate1,E05,4,HNRY,triploid,0.9370013616846902,20250826 plate1 E05
20250826,plate1,E06,0,HNRY,diploid,0,20250826 plate1 E06
20250826,plate1,E06,1,HNRY,diploid,0.730830523113554,20250826 plate1 E06
20250826,plate1,E06,2,HNRY,diploid,0.6879199072333523,20250826 plate1 E06
20250826,plate1,E06,3,HNRY,diploid,0.8514532023138932,20250826 plate1 E06
20250826,plate1,E06,4,HNRY,diploid,0.8256476627396675,20250826 plate1 E06
20250826,plate1,E07,0,HNRY,triploid,0,20250826 plate1 E07
20250826,plate1,E07,1,HNRY,triploid,0.7360111844130368,20250826 plate1 E07
20250826,plate1,E07,2,HNRY,triploid,1.0032817737738144,20250826 plate1 E07
20250826,plate1,E07,3,HNRY,triploid,1.1412201252742056,20250826 plate1 E07
20250826,plate1,E07,4,HNRY,triploid,1.1463927729777414,20250826 plate1 E07
20250826,plate1,E08,0,HNRY,diploid,0,20250826 plate1 E08
20250826,plate1,E08,1,HNRY,diploid,0.4379759733190402,20250826 plate1 E08
20250826,plate1,E08,2,HNRY,diploid,0.46277836904617325,20250826 plate1 E08
20250826,plate1,E08,3,HNRY,diploid,0.7305716880043712,20250826 plate1 E08
20250826,plate1,E08,4,HNRY,diploid,0.7579737183255203,20250826 plate1 E08
20250826,plate1,F02,0,HNRY,diploid,0,20250826 plate1 F02
20250826,plate1,F02,1,HNRY,diploid,0.5597884326712509,20250826 plate1 F02
20250826,plate1,F02,2,HNRY,diploid,1.0130213695512973,20250826 plate1 F02
20250826,plate1,F02,3,HNRY,diploid,1.209094931938074,20250826 plate1 F02
20250826,plate1,F02,4,HNRY,diploid,1.2989000907834003,20250826 plate1 F02
20250826,plate1,F03,0,HNRY,triploid,0,20250826 plate1 F03
20250826,plate1,F03,1,HNRY,triploid,0.5694851168112273,20250826 plate1 F03
20250826,plate1,F03,2,HNRY,triploid,0.690322942533592,20250826 plate1 F03
20250826,plate1,F03,3,HNRY,triploid,0.8054146923780676,20250826 plate1 F03
20250826,plate1,F03,4,HNRY,triploid,0.9541680679890658,20250826 plate1 F03
20250826,plate1,F04,0,HNRY,diploid,0,20250826 plate1 F04
20250826,plate1,F04,1,HNRY,diploid,0.4183891750130127,20250826 plate1 F04
20250826,plate1,F04,2,HNRY,diploid,0.8033100253744676,20250826 plate1 F04
20250826,plate1,F04,3,HNRY,diploid,0.9253546459000874,20250826 plate1 F04
20250826,plate1,F04,4,HNRY,diploid,1.005531851840591,20250826 plate1 F04
20250826,plate1,F05,0,HNRY,triploid,0,20250826 plate1 F05
20250826,plate1,F05,1,HNRY,triploid,0.4195829670390724,20250826 plate1 F05
20250826,plate1,F05,2,HNRY,triploid,0.4360132422838224,20250826 plate1 F05
20250826,plate1,F05,3,HNRY,triploid,0.7240147430320639,20250826 plate1 F05
20250826,plate1,F05,4,HNRY,triploid,0.6175925985200754,20250826 plate1 F05
20250826,plate1,F06,0,HNRY,diploid,0,20250826 plate1 F06
20250826,plate1,F06,1,HNRY,diploid,1.115164062087953,20250826 plate1 F06
20250826,plate1,F06,2,HNRY,diploid,1.0251778982908544,20250826 plate1 F06
20250826,plate1,F06,3,HNRY,diploid,1.1677298166261134,20250826 plate1 F06
20250826,plate1,F06,4,HNRY,diploid,1.1620864294897637,20250826 plate1 F06
20250826,plate1,F07,0,HNRY,triploid,0,20250826 plate1 F07
20250826,plate1,F07,1,HNRY,triploid,0.672622718139891,20250826 plate1 F07
20250826,plate1,F07,2,HNRY,triploid,0.6922355815242585,20250826 plate1 F07
20250826,plate1,F07,3,HNRY,triploid,0.8233268783918051,20250826 plate1 F07
20250826,plate1,F07,4,HNRY,triploid,0.8150186986700334,20250826 plate1 F07
20250826,plate1,F08,0,HNRY,diploid,0,20250826 plate1 F08
20250826,plate1,F08,1,HNRY,diploid,0.5347840767626945,20250826 plate1 F08
20250826,plate1,F08,2,HNRY,diploid,0.7739507369171588,20250826 plate1 F08
20250826,plate1,F08,3,HNRY,diploid,0.972293514265011,20250826 plate1 F08
20250826,plate1,F08,4,HNRY,diploid,0.9684584233920951,20250826 plate1 F08
20250826,plate2,A01,0,HNRY,triploid,0,20250826 plate2 A01
20250826,plate2,A01,1,HNRY,triploid,0.38271300002531405,20250826 plate2 A01
20250826,plate2,A01,2,HNRY,triploid,0.3928484978521384,20250826 plate2 A01
20250826,plate2,A01,3,HNRY,triploid,0.6301674086195675,20250826 plate2 A01
20250826,plate2,A01,4,HNRY,triploid,0.63052218096669,20250826 plate2 A01
20250826,plate2,A02,0,HNRY,diploid,0,20250826 plate2 A02
20250826,plate2,A02,1,HNRY,diploid,0.4295274461828308,20250826 plate2 A02
20250826,plate2,A02,2,HNRY,diploid,0.9505322821403764,20250826 plate2 A02
20250826,plate2,A02,3,HNRY,diploid,1.2052984508396012,20250826 plate2 A02
20250826,plate2,A02,4,HNRY,diploid,1.2964741276319671,20250826 plate2 A02
20250826,plate2,A03,0,HNRY,triploid,0,20250826 plate2 A03
20250826,plate2,A03,1,HNRY,triploid,0.46307945034857906,20250826 plate2 A03
20250826,plate2,A03,2,HNRY,triploid,0.46970683743236447,20250826 plate2 A03
20250826,plate2,A03,3,HNRY,triploid,0.649466105787387,20250826 plate2 A03
20250826,plate2,A03,4,HNRY,triploid,0.6335265679644899,20250826 plate2 A03
20250826,plate2,A04,0,HNRY,diploid,0,20250826 plate2 A04
20250826,plate2,A04,1,HNRY,diploid,0.3955246042155246,20250826 plate2 A04
20250826,plate2,A04,2,HNRY,diploid,0.3777730775768492,20250826 plate2 A04
20250826,plate2,A04,3,HNRY,diploid,0.47255992884996734,20250826 plate2 A04
20250826,plate2,A04,4,HNRY,diploid,0.4889690075540629,20250826 plate2 A04
20250826,plate2,A05,0,HNRY,triploid,0,20250826 plate2 A05
20250826,plate2,A05,1,HNRY,triploid,0.8393191079860326,20250826 plate2 A05
20250826,plate2,A05,2,HNRY,triploid,0.7475361997187839,20250826 plate2 A05
20250826,plate2,A05,3,HNRY,triploid,1.1419722324080959,20250826 plate2 A05
20250826,plate2,A05,4,HNRY,triploid,1.143405227001578,20250826 plate2 A05
20250826,plate2,A06,0,HNRY,diploid,0,20250826 plate2 A06
20250826,plate2,A06,1,HNRY,diploid,0.6530491936151993,20250826 plate2 A06
20250826,plate2,A06,2,HNRY,diploid,0.7581867646211343,20250826 plate2 A06
20250826,plate2,A06,3,HNRY,diploid,0.7178837008371018,20250826 plate2 A06
20250826,plate2,A06,4,HNRY,diploid,0.74209837299175,20250826 plate2 A06
20250826,plate2,A07,0,HNRY,triploid,0,20250826 plate2 A07
20250826,plate2,A07,1,HNRY,triploid,0.5354416942611535,20250826 plate2 A07
20250826,plate2,A07,2,HNRY,triploid,0.577409324252833,20250826 plate2 A07
20250826,plate2,A07,3,HNRY,triploid,0.8278847530801554,20250826 plate2 A07
20250826,plate2,A07,4,HNRY,triploid,0.8445772171702581,20250826 plate2 A07
20250826,plate2,B01,0,HNRY,triploid,0,20250826 plate2 B01
20250826,plate2,B01,1,HNRY,triploid,0.39402691768200343,20250826 plate2 B01
20250826,plate2,B01,2,HNRY,triploid,0.5397384866141515,20250826 plate2 B01
20250826,plate2,B01,3,HNRY,triploid,0.47760932917288224,20250826 plate2 B01
20250826,plate2,B01,4,HNRY,triploid,0.5119599580438813,20250826 plate2 B01
20250826,plate2,B02,0,HNRY,diploid,0,20250826 plate2 B02
20250826,plate2,B02,1,HNRY,diploid,0.4331438287948038,20250826 plate2 B02
20250826,plate2,B02,2,HNRY,diploid,0.5338821567773073,20250826 plate2 B02
20250826,plate2,B02,3,HNRY,diploid,0.6824658428379218,20250826 plate2 B02
20250826,plate2,B02,4,HNRY,diploid,0.7205592026315719,20250826 plate2 B02
20250826,plate2,B03,0,HNRY,triploid,0,20250826 plate2 B03
20250826,plate2,B03,1,HNRY,triploid,0.4043444828645576,20250826 plate2 B03
20250826,plate2,B03,2,HNRY,triploid,0.5089245773829169,20250826 plate2 B03
20250826,plate2,B03,3,HNRY,triploid,0.7050770730540642,20250826 plate2 B03
20250826,plate2,B03,4,HNRY,triploid,0.770408199453835,20250826 plate2 B03
20250826,plate2,B04,0,HNRY,diploid,0,20250826 plate2 B04
20250826,plate2,B04,1,HNRY,diploid,0.6584704456477656,20250826 plate2 B04
20250826,plate2,B04,2,HNRY,diploid,1.1798047807050407,20250826 plate2 B04
20250826,plate2,B04,3,HNRY,diploid,1.3616950040590499,20250826 plate2 B04
20250826,plate2,B04,4,HNRY,diploid,1.168086539489405,20250826 plate2 B04
20250826,plate2,B05,0,HNRY,triploid,0,20250826 plate2 B05
20250826,plate2,B05,1,HNRY,triploid,0.6056225949094736,20250826 plate2 B05
20250826,plate2,B05,2,HNRY,triploid,0.48228033026603057,20250826 plate2 B05
20250826,plate2,B05,3,HNRY,triploid,0.6309416378410087,20250826 plate2 B05
20250826,plate2,B05,4,HNRY,triploid,0.6522823812862082,20250826 plate2 B05
20250826,plate2,B06,0,HNRY,diploid,0,20250826 plate2 B06
20250826,plate2,B06,1,HNRY,diploid,0.3502016143263219,20250826 plate2 B06
20250826,plate2,B06,2,HNRY,diploid,0.6649221295068318,20250826 plate2 B06
20250826,plate2,B06,3,HNRY,diploid,0.8393834128279141,20250826 plate2 B06
20250826,plate2,B06,4,HNRY,diploid,0.8711545640915431,20250826 plate2 B06
20250826,plate2,B07,0,HNRY,triploid,0,20250826 plate2 B07
20250826,plate2,B07,1,HNRY,triploid,0.43805518792832665,20250826 plate2 B07
20250826,plate2,B07,2,HNRY,triploid,0.527236934900371,20250826 plate2 B07
20250826,plate2,B07,3,HNRY,triploid,0.6603720611534795,20250826 plate2 B07
20250826,plate2,B07,4,HNRY,triploid,0.6713824014075015,20250826 plate2 B07
20250826,plate2,C01,0,HNRY,triploid,0,20250826 plate2 C01
20250826,plate2,C01,1,HNRY,triploid,0.4429095414282471,20250826 plate2 C01
20250826,plate2,C01,2,HNRY,triploid,0.8320243514036367,20250826 plate2 C01
20250826,plate2,C01,3,HNRY,triploid,1.0378983685807703,20250826 plate2 C01
20250826,plate2,C01,4,HNRY,triploid,1.0605961753741617,20250826 plate2 C01
20250826,plate2,C02,0,HNRY,diploid,0,20250826 plate2 C02
20250826,plate2,C02,1,HNRY,diploid,0.512497820685599,20250826 plate2 C02
20250826,plate2,C02,2,HNRY,diploid,0.6991588160300413,20250826 plate2 C02
20250826,plate2,C02,3,HNRY,diploid,1.1160044140726524,20250826 plate2 C02
20250826,plate2,C02,4,HNRY,diploid,1.1433349991908512,20250826 plate2 C02
20250826,plate2,C03,0,HNRY,triploid,0,20250826 plate2 C03
20250826,plate2,C03,1,HNRY,triploid,0.48340921430681333,20250826 plate2 C03
20250826,plate2,C03,2,HNRY,triploid,0.4937967747979414,20250826 plate2 C03
20250826,plate2,C03,3,HNRY,triploid,1.1827606322491342,20250826 plate2 C03
20250826,plate2,C03,4,HNRY,triploid,1.24761890236109,20250826 plate2 C03
20250826,plate2,C04,0,HNRY,diploid,0,20250826 plate2 C04
20250826,plate2,C04,1,HNRY,diploid,0.5292259109588798,20250826 plate2 C04
20250826,plate2,C04,2,HNRY,diploid,0.5814017438455039,20250826 plate2 C04
20250826,plate2,C04,3,HNRY,diploid,1.0641334600955439,20250826 plate2 C04
20250826,plate2,C04,4,HNRY,diploid,1.0277724453567036,20250826 plate2 C04
20250826,plate2,C05,0,HNRY,triploid,0,20250826 plate2 C05
20250826,plate2,C05,1,HNRY,triploid,0.49197585014860784,20250826 plate2 C05
20250826,plate2,C05,2,HNRY,triploid,0.7683602599560684,20250826 plate2 C05
20250826,plate2,C05,3,HNRY,triploid,1.1495457728603082,20250826 plate2 C05
20250826,plate2,C05,4,HNRY,triploid,1.1654180950770627,20250826 plate2 C05
20250826,plate2,C06,0,HNRY,diploid,0,20250826 plate2 C06
20250826,plate2,C06,1,HNRY,diploid,0.33326016532269587,20250826 plate2 C06
20250826,plate2,C06,2,HNRY,diploid,0.6293174687887655,20250826 plate2 C06
20250826,plate2,C06,3,HNRY,diploid,0.943453649618988,20250826 plate2 C06
20250826,plate2,C06,4,HNRY,diploid,0.9862669829527044,20250826 plate2 C06
20250826,plate2,C07,0,HNRY,triploid,0,20250826 plate2 C07
20250826,plate2,C07,1,HNRY,triploid,0.6592690503074187,20250826 plate2 C07
20250826,plate2,C07,2,HNRY,triploid,1.0144859163967221,20250826 plate2 C07
20250826,plate2,C07,3,HNRY,triploid,1.4084822490605784,20250826 plate2 C07
20250826,plate2,C07,4,HNRY,triploid,1.3278215788084509,20250826 plate2 C07
20250826,plate2,D01,0,HNRY,triploid,0,20250826 plate2 D01
20250826,plate2,D01,1,HNRY,triploid,0.7940496528153185,20250826 plate2 D01
20250826,plate2,D01,2,HNRY,triploid,1.007057191189303,20250826 plate2 D01
20250826,plate2,D01,3,HNRY,triploid,1.4390521437765387,20250826 plate2 D01
20250826,plate2,D01,4,HNRY,triploid,1.3636449082517832,20250826 plate2 D01
20250826,plate2,D02,0,HNRY,diploid,0,20250826 plate2 D02
20250826,plate2,D02,1,HNRY,diploid,0.5247740081407608,20250826 plate2 D02
20250826,plate2,D02,2,HNRY,diploid,0.4552934640633,20250826 plate2 D02
20250826,plate2,D02,3,HNRY,diploid,1.2021134999601242,20250826 plate2 D02
20250826,plate2,D02,4,HNRY,diploid,1.1971084447438036,20250826 plate2 D02
20250826,plate2,D03,0,HNRY,triploid,0,20250826 plate2 D03
20250826,plate2,D03,1,HNRY,triploid,0.4236388536218377,20250826 plate2 D03
20250826,plate2,D03,2,HNRY,triploid,0.4326663623465746,20250826 plate2 D03
20250826,plate2,D03,3,HNRY,triploid,0.48569835855928856,20250826 plate2 D03
20250826,plate2,D03,4,HNRY,triploid,0.532551816265133,20250826 plate2 D03
20250826,plate2,D04,0,HNRY,diploid,0,20250826 plate2 D04
20250826,plate2,D04,1,HNRY,diploid,0.49460040154806756,20250826 plate2 D04
20250826,plate2,D04,2,HNRY,diploid,1.0181590986977669,20250826 plate2 D04
20250826,plate2,D04,3,HNRY,diploid,1.4634728402290165,20250826 plate2 D04
20250826,plate2,D04,4,HNRY,diploid,1.3351895837700298,20250826 plate2 D04
20250826,plate2,D05,0,HNRY,triploid,0,20250826 plate2 D05
20250826,plate2,D05,1,HNRY,triploid,0.8462807601425397,20250826 plate2 D05
20250826,plate2,D05,2,HNRY,triploid,0.8424270768321477,20250826 plate2 D05
20250826,plate2,D05,3,HNRY,triploid,0.980296262866229,20250826 plate2 D05
20250826,plate2,D05,4,HNRY,triploid,1.0088691075159535,20250826 plate2 D05
20250826,plate2,D06,0,HNRY,diploid,0,20250826 plate2 D06
20250826,plate2,D06,1,HNRY,diploid,0.4709408502649879,20250826 plate2 D06
20250826,plate2,D06,2,HNRY,diploid,0.6189247569579239,20250826 plate2 D06
20250826,plate2,D06,3,HNRY,diploid,0.9990050516951707,20250826 plate2 D06
20250826,plate2,D06,4,HNRY,diploid,1.0377771813772174,20250826 plate2 D06
20250826,plate2,D07,0,HNRY,triploid,0,20250826 plate2 D07
20250826,plate2,D07,1,HNRY,triploid,0.570514483738256,20250826 plate2 D07
20250826,plate2,D07,2,HNRY,triploid,0.628741889246239,20250826 plate2 D07
20250826,plate2,D07,3,HNRY,triploid,1.1623554008553318,20250826 plate2 D07
20250826,plate2,D07,4,HNRY,triploid,1.165079519511504,20250826 plate2 D07
20250826,plate2,E01,0,HNRY,triploid,0,20250826 plate2 E01
20250826,plate2,E01,1,HNRY,triploid,0.3367563281764637,20250826 plate2 E01
20250826,plate2,E01,2,HNRY,triploid,0.3548608035451242,20250826 plate2 E01
20250826,plate2,E01,3,HNRY,triploid,0.3972278856010906,20250826 plate2 E01
20250826,plate2,E01,4,HNRY,triploid,0.41410511317848175,20250826 plate2 E01
20250826,plate2,E02,0,HNRY,diploid,0,20250826 plate2 E02
20250826,plate2,E02,1,HNRY,diploid,0.4055490495713552,20250826 plate2 E02
20250826,plate2,E02,2,HNRY,diploid,0.7406682155424096,20250826 plate2 E02
20250826,plate2,E02,3,HNRY,diploid,0.8678194137010685,20250826 plate2 E02
20250826,plate2,E02,4,HNRY,diploid,0.916319806963671,20250826 plate2 E02
20250826,plate2,E03,0,HNRY,triploid,0,20250826 plate2 E03
20250826,plate2,E03,1,HNRY,triploid,0.5138028243457065,20250826 plate2 E03
20250826,plate2,E03,2,HNRY,triploid,0.4556043161097439,20250826 plate2 E03
20250826,plate2,E03,3,HNRY,triploid,0.721019478198382,20250826 plate2 E03
20250826,plate2,E03,4,HNRY,triploid,0.7298076152720068,20250826 plate2 E03
20250826,plate2,E04,0,HNRY,diploid,0,20250826 plate2 E04
20250826,plate2,E04,1,HNRY,diploid,0.5320032897248864,20250826 plate2 E04
20250826,plate2,E04,2,HNRY,diploid,0.46925367920243477,20250826 plate2 E04
20250826,plate2,E04,3,HNRY,diploid,0.8091558768574584,20250826 plate2 E04
20250826,plate2,E04,4,HNRY,diploid,0.7986217747519282,20250826 plate2 E04
20250826,plate2,E05,0,HNRY,triploid,0,20250826 plate2 E05
20250826,plate2,E05,1,HNRY,triploid,0.5964186865586972,20250826 plate2 E05
20250826,plate2,E05,2,HNRY,triploid,0.5882433634018236,20250826 plate2 E05
20250826,plate2,E05,3,HNRY,triploid,0.6820401829234549,20250826 plate2 E05
20250826,plate2,E05,4,HNRY,triploid,0.7129434031928384,20250826 plate2 E05
20250826,plate2,E06,0,HNRY,diploid,0,20250826 plate2 E06
20250826,plate2,E06,1,HNRY,diploid,0.46059750890618556,20250826 plate2 E06
20250826,plate2,E06,2,HNRY,diploid,0.5140228996493222,20250826 plate2 E06
20250826,plate2,E06,3,HNRY,diploid,0.9816978937124663,20250826 plate2 E06
20250826,plate2,E06,4,HNRY,diploid,1.0177886747079699,20250826 plate2 E06
20250826,plate2,E07,0,HNRY,triploid,0,20250826 plate2 E07
20250826,plate2,E07,1,HNRY,triploid,0.5838960766779165,20250826 plate2 E07
20250826,plate2,E07,2,HNRY,triploid,0.7233546014501886,20250826 plate2 E07
20250826,plate2,E07,3,HNRY,triploid,0.8796243869903331,20250826 plate2 E07
20250826,plate2,E07,4,HNRY,triploid,0.8956070223664525,20250826 plate2 E07
20250826,plate2,F01,0,HNRY,triploid,0,20250826 plate2 F01
20250826,plate2,F01,1,HNRY,triploid,0.4859468372133928,20250826 plate2 F01
20250826,plate2,F01,2,HNRY,triploid,0.7329677377978662,20250826 plate2 F01
20250826,plate2,F01,3,HNRY,triploid,1.1194434505262898,20250826 plate2 F01
20250826,plate2,F01,4,HNRY,triploid,1.1002796185032668,20250826 plate2 F01
20250826,plate2,F02,0,HNRY,diploid,0,20250826 plate2 F02
20250826,plate2,F02,1,HNRY,diploid,0.42331092815165533,20250826 plate2 F02
20250826,plate2,F02,2,HNRY,diploid,0.46369504376525805,20250826 plate2 F02
20250826,plate2,F02,3,HNRY,diploid,0.6341083028906166,20250826 plate2 F02
20250826,plate2,F02,4,HNRY,diploid,0.6444416485083779,20250826 plate2 F02
20250826,plate2,F03,0,HNRY,triploid,0,20250826 plate2 F03
20250826,plate2,F03,1,HNRY,triploid,0.37921055079205485,20250826 plate2 F03
20250826,plate2,F03,2,HNRY,triploid,0.42038997267608436,20250826 plate2 F03
20250826,plate2,F03,3,HNRY,triploid,0.5843360166190802,20250826 plate2 F03
20250826,plate2,F03,4,HNRY,triploid,0.7484715393369024,20250826 plate2 F03
20250826,plate2,F04,0,HNRY,diploid,0,20250826 plate2 F04
20250826,plate2,F04,1,HNRY,diploid,0.3821561344210806,20250826 plate2 F04
20250826,plate2,F04,2,HNRY,diploid,0.4597065117075768,20250826 plate2 F04
20250826,plate2,F04,3,HNRY,diploid,0.7063701226048131,20250826 plate2 F04
20250826,plate2,F04,4,HNRY,diploid,0.7828949074851849,20250826 plate2 F04
20250826,plate2,F05,0,HNRY,triploid,0,20250826 plate2 F05
20250826,plate2,F05,1,HNRY,triploid,0.4846861468239067,20250826 plate2 F05
20250826,plate2,F05,2,HNRY,triploid,0.6447357479978141,20250826 plate2 F05
20250826,plate2,F05,3,HNRY,triploid,0.8867870423926173,20250826 plate2 F05
20250826,plate2,F05,4,HNRY,triploid,0.9185145962820651,20250826 plate2 F05
20250826,plate2,F06,0,HNRY,diploid,0,20250826 plate2 F06
20250826,plate2,F06,1,HNRY,diploid,0.671226354737795,20250826 plate2 F06
20250826,plate2,F06,2,HNRY,diploid,0.7829564536914564,20250826 plate2 F06
20250826,plate2,F06,3,HNRY,diploid,1.1714659469473456,20250826 plate2 F06
20250826,plate2,F06,4,HNRY,diploid,1.2091075032528535,20250826 plate2 F06
20250826,plate2,F07,0,HNRY,triploid,0,20250826 plate2 F07
20250826,plate2,F07,1,HNRY,triploid,0.39873378645873936,20250826 plate2 F07
20250826,plate2,F07,2,HNRY,triploid,0.44702561159178034,20250826 plate2 F07
20250826,plate2,F07,3,HNRY,triploid,0.9637266489108872,20250826 plate2 F07
20250826,plate2,F07,4,HNRY,triploid,0.9914383171499322,20250826 plate2 F07
20250826,plate3,A01,0,HNRY,triploid,0,20250826 plate3 A01
20250826,plate3,A01,1,HNRY,triploid,0.6786299413127049,20250826 plate3 A01
20250826,plate3,A01,2,HNRY,triploid,0.7723914976981068,20250826 plate3 A01
20250826,plate3,A01,3,HNRY,triploid,1.0028752360048039,20250826 plate3 A01
20250826,plate3,A01,4,HNRY,triploid,1.0580145565758798,20250826 plate3 A01
20250826,plate3,A02,0,HNRY,diploid,0,20250826 plate3 A02
20250826,plate3,A02,1,HNRY,diploid,0.5079288315454823,20250826 plate3 A02
20250826,plate3,A02,2,HNRY,diploid,0.7978408836303075,20250826 plate3 A02
20250826,plate3,A02,3,HNRY,diploid,1.0011713937050761,20250826 plate3 A02
20250826,plate3,A02,4,HNRY,diploid,1.0204157841718577,20250826 plate3 A02
20250826,plate3,A03,0,HNRY,triploid,0,20250826 plate3 A03
20250826,plate3,A03,1,HNRY,triploid,0.712045052838302,20250826 plate3 A03
20250826,plate3,A03,2,HNRY,triploid,0.8311064796263727,20250826 plate3 A03
20250826,plate3,A03,3,HNRY,triploid,1.0577379010553956,20250826 plate3 A03
20250826,plate3,A03,4,HNRY,triploid,1.0567302022158234,20250826 plate3 A03
20250826,plate3,A04,0,HNRY,diploid,0,20250826 plate3 A04
20250826,plate3,A04,1,HNRY,diploid,0.45100893629412536,20250826 plate3 A04
20250826,plate3,A04,2,HNRY,diploid,0.5132194227114677,20250826 plate3 A04
20250826,plate3,A04,3,HNRY,diploid,0.6121041250764278,20250826 plate3 A04
20250826,plate3,A04,4,HNRY,diploid,0.629675141517802,20250826 plate3 A04
20250826,plate3,A06,0,HNRY,diploid,0,20250826 plate3 A06
20250826,plate3,A06,1,HNRY,diploid,0.728120150837289,20250826 plate3 A06
20250826,plate3,A06,2,HNRY,diploid,0.7553059605779011,20250826 plate3 A06
20250826,plate3,A06,3,HNRY,diploid,1.1884573084790617,20250826 plate3 A06
20250826,plate3,A06,4,HNRY,diploid,1.0093807908614332,20250826 plate3 A06
20250826,plate3,A07,0,HNRY,triploid,0,20250826 plate3 A07
20250826,plate3,A07,1,HNRY,triploid,0.5365643752209871,20250826 plate3 A07
20250826,plate3,A07,2,HNRY,triploid,0.8185471502331629,20250826 plate3 A07
20250826,plate3,A07,3,HNRY,triploid,0.9150296558106302,20250826 plate3 A07
20250826,plate3,A07,4,HNRY,triploid,0.8983900020444752,20250826 plate3 A07
20250826,plate3,A08,0,HNRY,diploid,0,20250826 plate3 A08
20250826,plate3,A08,1,HNRY,diploid,0.5537120248672308,20250826 plate3 A08
20250826,plate3,A08,2,HNRY,diploid,0.6016543753170893,20250826 plate3 A08
20250826,plate3,A08,3,HNRY,diploid,0.898376062011288,20250826 plate3 A08
20250826,plate3,A08,4,HNRY,diploid,0.8921226978950667,20250826 plate3 A08
20250826,plate3,B01,0,HNRY,triploid,0,20250826 plate3 B01
20250826,plate3,B01,1,HNRY,triploid,0.7297935072060409,20250826 plate3 B01
20250826,plate3,B01,2,HNRY,triploid,0.9028082592192141,20250826 plate3 B01
20250826,plate3,B01,3,HNRY,triploid,1.1247031322566452,20250826 plate3 B01
20250826,plate3,B01,4,HNRY,triploid,1.1710751239566648,20250826 plate3 B01
20250826,plate3,B02,0,HNRY,diploid,0,20250826 plate3 B02
20250826,plate3,B02,1,HNRY,diploid,0.3403910635818706,20250826 plate3 B02
20250826,plate3,B02,2,HNRY,diploid,0.3682504100939578,20250826 plate3 B02
20250826,plate3,B02,3,HNRY,diploid,0.4014332646990253,20250826 plate3 B02
20250826,plate3,B02,4,HNRY,diploid,0.40470124278283576,20250826 plate3 B02
20250826,plate3,B03,0,HNRY,triploid,0,20250826 plate3 B03
20250826,plate3,B03,1,HNRY,triploid,0.5029748583500793,20250826 plate3 B03
20250826,plate3,B03,2,HNRY,triploid,1.3610699719239938,20250826 plate3 B03
20250826,plate3,B03,3,HNRY,triploid,1.4918166343410733,20250826 plate3 B03
20250826,plate3,B03,4,HNRY,triploid,1.4631360871771908,20250826 plate3 B03
20250826,plate3,B04,0,HNRY,diploid,0,20250826 plate3 B04
20250826,plate3,B04,1,HNRY,diploid,0.7120366219026681,20250826 plate3 B04
20250826,plate3,B04,2,HNRY,diploid,0.6753270808284576,20250826 plate3 B04
20250826,plate3,B04,3,HNRY,diploid,1.3419295334460062,20250826 plate3 B04
20250826,plate3,B04,4,HNRY,diploid,1.3495821629521538,20250826 plate3 B04
20250826,plate3,B06,0,HNRY,diploid,0,20250826 plate3 B06
20250826,plate3,B06,1,HNRY,diploid,0.49720750348166437,20250826 plate3 B06
20250826,plate3,B06,2,HNRY,diploid,0.6450852768546806,20250826 plate3 B06
20250826,plate3,B06,3,HNRY,diploid,0.732975524245678,20250826 plate3 B06
20250826,plate3,B06,4,HNRY,diploid,0.7457121280131456,20250826 plate3 B06
20250826,plate3,B07,0,HNRY,triploid,0,20250826 plate3 B07
20250826,plate3,B07,1,HNRY,triploid,0.44130207281172246,20250826 plate3 B07
20250826,plate3,B07,2,HNRY,triploid,0.45029511537189726,20250826 plate3 B07
20250826,plate3,B07,3,HNRY,triploid,0.6170236506712974,20250826 plate3 B07
20250826,plate3,B07,4,HNRY,triploid,0.6270423050052865,20250826 plate3 B07
20250826,plate3,B08,0,HNRY,diploid,0,20250826 plate3 B08
20250826,plate3,B08,1,HNRY,diploid,0.94123619614745,20250826 plate3 B08
20250826,plate3,B08,2,HNRY,diploid,1.5054795816745228,20250826 plate3 B08
20250826,plate3,B08,3,HNRY,diploid,1.5693195492881744,20250826 plate3 B08
20250826,plate3,B08,4,HNRY,diploid,1.5622093229294485,20250826 plate3 B08
20250826,plate3,C01,0,HNRY,triploid,0,20250826 plate3 C01
20250826,plate3,C01,1,HNRY,triploid,0.46502677609208354,20250826 plate3 C01
20250826,plate3,C01,2,HNRY,triploid,0.5329630487772457,20250826 plate3 C01
20250826,plate3,C01,3,HNRY,triploid,0.8663606073699938,20250826 plate3 C01
20250826,plate3,C01,4,HNRY,triploid,0.8258928206831313,20250826 plate3 C01
20250826,plate3,C02,0,HNRY,diploid,0,20250826 plate3 C02
20250826,plate3,C02,1,HNRY,diploid,0.36627341841167016,20250826 plate3 C02
20250826,plate3,C02,2,HNRY,diploid,0.3667017997740095,20250826 plate3 C02
20250826,plate3,C02,3,HNRY,diploid,0.5073659371045385,20250826 plate3 C02
20250826,plate3,C02,4,HNRY,diploid,0.5482019453417912,20250826 plate3 C02
20250826,plate3,C03,0,HNRY,triploid,0,20250826 plate3 C03
20250826,plate3,C03,1,HNRY,triploid,0.3542631872963254,20250826 plate3 C03
20250826,plate3,C03,2,HNRY,triploid,0.7031419338220734,20250826 plate3 C03
20250826,plate3,C03,3,HNRY,triploid,0.7748576024862902,20250826 plate3 C03
20250826,plate3,C03,4,HNRY,triploid,0.7698577708274814,20250826 plate3 C03
20250826,plate3,C04,0,HNRY,diploid,0,20250826 plate3 C04
20250826,plate3,C04,1,HNRY,diploid,0.5841052980053425,20250826 plate3 C04
20250826,plate3,C04,2,HNRY,diploid,0.6916773554238896,20250826 plate3 C04
20250826,plate3,C04,3,HNRY,diploid,1.1925587898575378,20250826 plate3 C04
20250826,plate3,C04,4,HNRY,diploid,1.2130136396184261,20250826 plate3 C04
20250826,plate3,C06,0,HNRY,diploid,0,20250826 plate3 C06
20250826,plate3,C06,1,HNRY,diploid,0.8174335028292166,20250826 plate3 C06
20250826,plate3,C06,2,HNRY,diploid,1.3164389894355315,20250826 plate3 C06
20250826,plate3,C06,3,HNRY,diploid,1.7962343001850274,20250826 plate3 C06
20250826,plate3,C06,4,HNRY,diploid,1.8519834328052258,20250826 plate3 C06
20250826,plate3,C07,0,HNRY,triploid,0,20250826 plate3 C07
20250826,plate3,C07,1,HNRY,triploid,0.4908871404464495,20250826 plate3 C07
20250826,plate3,C07,2,HNRY,triploid,0.717266480651203,20250826 plate3 C07
20250826,plate3,C07,3,HNRY,triploid,0.8501551883857471,20250826 plate3 C07
20250826,plate3,C07,4,HNRY,triploid,0.8259791157176686,20250826 plate3 C07
20250826,plate3,C08,0,HNRY,diploid,0,20250826 plate3 C08
20250826,plate3,C08,1,HNRY,diploid,0.7791049452483249,20250826 plate3 C08
20250826,plate3,C08,2,HNRY,diploid,1.5763784726743029,20250826 plate3 C08
20250826,plate3,C08,3,HNRY,diploid,1.8832741078828428,20250826 plate3 C08
20250826,plate3,C08,4,HNRY,diploid,1.8822480808308841,20250826 plate3 C08
20250826,plate3,D01,0,HNRY,triploid,0,20250826 plate3 D01
20250826,plate3,D01,1,HNRY,triploid,0.5590774290319579,20250826 plate3 D01
20250826,plate3,D01,2,HNRY,triploid,0.586176495113058,20250826 plate3 D01
20250826,plate3,D01,3,HNRY,triploid,0.9477459671829039,20250826 plate3 D01
20250826,plate3,D01,4,HNRY,triploid,1.036947544957229,20250826 plate3 D01
20250826,plate3,D02,0,HNRY,diploid,0,20250826 plate3 D02
20250826,plate3,D02,1,HNRY,diploid,0.3565333034960907,20250826 plate3 D02
20250826,plate3,D02,2,HNRY,diploid,0.6119771733004014,20250826 plate3 D02
20250826,plate3,D02,3,HNRY,diploid,0.9846604703056112,20250826 plate3 D02
20250826,plate3,D02,4,HNRY,diploid,0.8587762531517206,20250826 plate3 D02
20250826,plate3,D03,0,HNRY,triploid,0,20250826 plate3 D03
20250826,plate3,D03,1,HNRY,triploid,0.48702106965536063,20250826 plate3 D03
20250826,plate3,D03,2,HNRY,triploid,0.5440721891298835,20250826 plate3 D03
20250826,plate3,D03,3,HNRY,triploid,0.7443695146231317,20250826 plate3 D03
20250826,plate3,D03,4,HNRY,triploid,0.752958780206515,20250826 plate3 D03
20250826,plate3,D04,0,HNRY,diploid,0,20250826 plate3 D04
20250826,plate3,D04,1,HNRY,diploid,0.5115811963820085,20250826 plate3 D04
20250826,plate3,D04,2,HNRY,diploid,0.5136869298564708,20250826 plate3 D04
20250826,plate3,D04,3,HNRY,diploid,1.007781389427843,20250826 plate3 D04
20250826,plate3,D04,4,HNRY,diploid,1.0208656563007148,20250826 plate3 D04
20250826,plate3,D06,0,HNRY,diploid,0,20250826 plate3 D06
20250826,plate3,D06,1,HNRY,diploid,0.33309203721365555,20250826 plate3 D06
20250826,plate3,D06,2,HNRY,diploid,0.35109790313972516,20250826 plate3 D06
20250826,plate3,D06,3,HNRY,diploid,0.5162336966318116,20250826 plate3 D06
20250826,plate3,D06,4,HNRY,diploid,0.5150532290258147,20250826 plate3 D06
20250826,plate3,D07,0,HNRY,triploid,0,20250826 plate3 D07
20250826,plate3,D07,1,HNRY,triploid,0.4927202971378871,20250826 plate3 D07
20250826,plate3,D07,2,HNRY,triploid,0.49005326884168066,20250826 plate3 D07
20250826,plate3,D07,3,HNRY,triploid,0.707545776278918,20250826 plate3 D07
20250826,plate3,D07,4,HNRY,triploid,0.730226138233445,20250826 plate3 D07
20250826,plate3,D08,0,HNRY,diploid,0,20250826 plate3 D08
20250826,plate3,D08,1,HNRY,diploid,0.43595969110758065,20250826 plate3 D08
20250826,plate3,D08,2,HNRY,diploid,0.7376394094396919,20250826 plate3 D08
20250826,plate3,D08,3,HNRY,diploid,0.8466883696503296,20250826 plate3 D08
20250826,plate3,D08,4,HNRY,diploid,0.8548808642355094,20250826 plate3 D08
20250826,plate3,E01,0,HNRY,triploid,0,20250826 plate3 E01
20250826,plate3,E01,1,HNRY,triploid,0.4117763076185237,20250826 plate3 E01
20250826,plate3,E01,2,HNRY,triploid,0.4420136197223453,20250826 plate3 E01
20250826,plate3,E01,3,HNRY,triploid,0.7826672611786625,20250826 plate3 E01
20250826,plate3,E01,4,HNRY,triploid,0.7920735522215064,20250826 plate3 E01
20250826,plate3,E02,0,HNRY,diploid,0,20250826 plate3 E02
20250826,plate3,E02,1,HNRY,diploid,0.39460417133384224,20250826 plate3 E02
20250826,plate3,E02,2,HNRY,diploid,0.5888074594094614,20250826 plate3 E02
20250826,plate3,E02,3,HNRY,diploid,0.7747424441903225,20250826 plate3 E02
20250826,plate3,E02,4,HNRY,diploid,0.7805777737977024,20250826 plate3 E02
20250826,plate3,E03,0,HNRY,triploid,0,20250826 plate3 E03
20250826,plate3,E03,1,HNRY,triploid,0.39516733175644914,20250826 plate3 E03
20250826,plate3,E03,2,HNRY,triploid,0.39213177467473004,20250826 plate3 E03
20250826,plate3,E03,3,HNRY,triploid,0.5271960610098367,20250826 plate3 E03
20250826,plate3,E03,4,HNRY,triploid,0.5555511046693553,20250826 plate3 E03
20250826,plate3,E04,0,HNRY,diploid,0,20250826 plate3 E04
20250826,plate3,E04,1,HNRY,diploid,0.5395150685533557,20250826 plate3 E04
20250826,plate3,E04,2,HNRY,diploid,0.6655028784175684,20250826 plate3 E04
20250826,plate3,E04,3,HNRY,diploid,0.9492879017481198,20250826 plate3 E04
20250826,plate3,E04,4,HNRY,diploid,0.9767798451087599,20250826 plate3 E04
20250826,plate3,E06,0,HNRY,diploid,0,20250826 plate3 E06
20250826,plate3,E06,1,HNRY,diploid,0.4391851761426302,20250826 plate3 E06
20250826,plate3,E06,2,HNRY,diploid,0.4714132000262366,20250826 plate3 E06
20250826,plate3,E06,3,HNRY,diploid,0.6107781964407847,20250826 plate3 E06
20250826,plate3,E06,4,HNRY,diploid,0.6281222985732385,20250826 plate3 E06
20250826,plate3,E08,0,HNRY,diploid,0,20250826 plate3 E08
20250826,plate3,E08,1,HNRY,diploid,0.6001731171231145,20250826 plate3 E08
20250826,plate3,E08,2,HNRY,diploid,0.5305703479156367,20250826 plate3 E08
20250826,plate3,E08,3,HNRY,diploid,0.8395494459496831,20250826 plate3 E08
20250826,plate3,E08,4,HNRY,diploid,0.8397390731638614,20250826 plate3 E08
20250826,plate3,F01,0,HNRY,triploid,0,20250826 plate3 F01
20250826,plate3,F01,1,HNRY,triploid,0.551680635762287,20250826 plate3 F01
20250826,plate3,F01,2,HNRY,triploid,0.8814886504677923,20250826 plate3 F01
20250826,plate3,F01,3,HNRY,triploid,1.1757130155471762,20250826 plate3 F01
20250826,plate3,F01,4,HNRY,triploid,1.2206200469287694,20250826 plate3 F01
20250826,plate3,F02,0,HNRY,diploid,0,20250826 plate3 F02
20250826,plate3,F02,1,HNRY,diploid,0.5412706090839022,20250826 plate3 F02
20250826,plate3,F02,2,HNRY,diploid,0.6792871296630614,20250826 plate3 F02
20250826,plate3,F02,3,HNRY,diploid,0.8881965378156059,20250826 plate3 F02
20250826,plate3,F02,4,HNRY,diploid,0.9000299945249414,20250826 plate3 F02
20250826,plate3,F03,0,HNRY,triploid,0,20250826 plate3 F03
20250826,plate3,F03,1,HNRY,triploid,0.32354751574929175,20250826 plate3 F03
20250826,plate3,F03,2,HNRY,triploid,0.3441672136718094,20250826 plate3 F03
20250826,plate3,F03,3,HNRY,triploid,0.5870684475020412,20250826 plate3 F03
20250826,plate3,F03,4,HNRY,triploid,0.6099477399861429,20250826 plate3 F03
20250826,plate3,F04,0,HNRY,diploid,0,20250826 plate3 F04
20250826,plate3,F04,1,HNRY,diploid,0.4220289675325566,20250826 plate3 F04
20250826,plate3,F04,2,HNRY,diploid,0.728928957574761,20250826 plate3 F04
20250826,plate3,F04,3,HNRY,diploid,1.0849444595398006,20250826 plate3 F04
20250826,plate3,F04,4,HNRY,diploid,1.110320429041484,20250826 plate3 F04
20250826,plate3,F06,0,HNRY,diploid,0,20250826 plate3 F06
20250826,plate3,F06,1,HNRY,diploid,0.3748342863791366,20250826 plate3 F06
20250826,plate3,F06,2,HNRY,diploid,0.3779205948997094,20250826 plate3 F06
20250826,plate3,F06,3,HNRY,diploid,0.4929603359430058,20250826 plate3 F06
20250826,plate3,F06,4,HNRY,diploid,0.5153160276021687,20250826 plate3 F06
20250826,plate4,A01,0,HNRY,triploid,0,20250826 plate4 A01
20250826,plate4,A01,1,HNRY,triploid,0.5897891401207783,20250826 plate4 A01
20250826,plate4,A01,2,HNRY,triploid,0.8532581794199772,20250826 plate4 A01
20250826,plate4,A01,3,HNRY,triploid,1.105397898045433,20250826 plate4 A01
20250826,plate4,A01,4,HNRY,triploid,1.1190613524642368,20250826 plate4 A01
20250826,plate4,A03,0,HNRY,triploid,0,20250826 plate4 A03
20250826,plate4,A03,1,HNRY,triploid,0.4159141321828718,20250826 plate4 A03
20250826,plate4,A03,2,HNRY,triploid,0.5124982742988008,20250826 plate4 A03
20250826,plate4,A03,3,HNRY,triploid,0.6164215179873377,20250826 plate4 A03
20250826,plate4,A03,4,HNRY,triploid,0.6120770006770956,20250826 plate4 A03
20250826,plate4,A04,0,HNRY,diploid,0,20250826 plate4 A04
20250826,plate4,A04,1,HNRY,diploid,0.4068342389573571,20250826 plate4 A04
20250826,plate4,A04,2,HNRY,diploid,0.503230713887671,20250826 plate4 A04
20250826,plate4,A04,3,HNRY,diploid,0.6849594337689628,20250826 plate4 A04
20250826,plate4,A04,4,HNRY,diploid,0.6558602773884199,20250826 plate4 A04
20250826,plate4,A05,0,HNRY,triploid,0,20250826 plate4 A05
20250826,plate4,A05,1,HNRY,triploid,0.83652033662497,20250826 plate4 A05
20250826,plate4,A05,2,HNRY,triploid,1.212138279397554,20250826 plate4 A05
20250826,plate4,A05,3,HNRY,triploid,1.1865445892064177,20250826 plate4 A05
20250826,plate4,A05,4,HNRY,triploid,1.1207116900062493,20250826 plate4 A05
20250826,plate4,A06,0,HNRY,diploid,0,20250826 plate4 A06
20250826,plate4,A06,1,HNRY,diploid,0.05643395094375097,20250826 plate4 A06
20250826,plate4,A06,2,HNRY,diploid,0.11755974138636686,20250826 plate4 A06
20250826,plate4,A06,3,HNRY,diploid,0.16499631312216748,20250826 plate4 A06
20250826,plate4,A06,4,HNRY,diploid,0.17978284966172217,20250826 plate4 A06
20250826,plate4,A07,0,HNRY,triploid,0,20250826 plate4 A07
20250826,plate4,A07,1,HNRY,triploid,0.6774046969545702,20250826 plate4 A07
20250826,plate4,A07,2,HNRY,triploid,0.6995432106787127,20250826 plate4 A07
20250826,plate4,A07,3,HNRY,triploid,0.854837411619261,20250826 plate4 A07
20250826,plate4,A07,4,HNRY,triploid,0.8474983067183811,20250826 plate4 A07
20250826,plate4,A08,0,HNRY,diploid,0,20250826 plate4 A08
20250826,plate4,A08,1,HNRY,diploid,0.5389106288053067,20250826 plate4 A08
20250826,plate4,A08,2,HNRY,diploid,0.7249261579778232,20250826 plate4 A08
20250826,plate4,A08,3,HNRY,diploid,1.0347256992734464,20250826 plate4 A08
20250826,plate4,A08,4,HNRY,diploid,1.0546843692354833,20250826 plate4 A08
20250826,plate4,B01,0,HNRY,triploid,0,20250826 plate4 B01
20250826,plate4,B01,1,HNRY,triploid,0.23633031483152575,20250826 plate4 B01
20250826,plate4,B01,2,HNRY,triploid,0.27460857542186085,20250826 plate4 B01
20250826,plate4,B01,3,HNRY,triploid,0.5494511641768364,20250826 plate4 B01
20250826,plate4,B01,4,HNRY,triploid,0.5518903523767226,20250826 plate4 B01
20250826,plate4,B03,0,HNRY,triploid,0,20250826 plate4 B03
20250826,plate4,B03,1,HNRY,triploid,0.37874840456598924,20250826 plate4 B03
20250826,plate4,B03,2,HNRY,triploid,0.33454284188050454,20250826 plate4 B03
20250826,plate4,B03,3,HNRY,triploid,0.42368671934141644,20250826 plate4 B03
20250826,plate4,B03,4,HNRY,triploid,0.4008442335554446,20250826 plate4 B03
20250826,plate4,B04,0,HNRY,diploid,0,20250826 plate4 B04
20250826,plate4,B04,1,HNRY,diploid,0.6108870381244413,20250826 plate4 B04
20250826,plate4,B04,2,HNRY,diploid,0.81585479419265206,20250826 plate4 B04
20250826,plate4,B04,3,HNRY,diploid,0.9339426185085782,20250826 plate4 B04
20250826,plate4,B04,4,HNRY,diploid,0.92166430667261,20250826 plate4 B04
20250826,plate4,B05,0,HNRY,triploid,0,20250826 plate4 B05
20250826,plate4,B05,1,HNRY,triploid,0.7628210809615861,20250826 plate4 B05
20250826,plate4,B05,2,HNRY,triploid,1.1427094965372269,20250826 plate4 B05
20250826,plate4,B05,3,HNRY,triploid,1.1034431970132594,20250826 plate4 B05
20250826,plate4,B05,4,HNRY,triploid,1.1376664924038726,20250826 plate4 B05
20250826,plate4,B06,0,HNRY,diploid,0,20250826 plate4 B06
20250826,plate4,B06,1,HNRY,diploid,0.4455026138143051,20250826 plate4 B06
20250826,plate4,B06,2,HNRY,diploid,0.6208509357197264,20250826 plate4 B06
20250826,plate4,B06,3,HNRY,diploid,0.7156978837904447,20250826 plate4 B06
20250826,plate4,B06,4,HNRY,diploid,0.9658706717341383,20250826 plate4 B06
20250826,plate4,B07,0,HNRY,triploid,0,20250826 plate4 B07
20250826,plate4,B07,1,HNRY,triploid,0.6238872193510365,20250826 plate4 B07
20250826,plate4,B07,2,HNRY,triploid,0.715252855410286,20250826 plate4 B07
20250826,plate4,B07,3,HNRY,triploid,0.7744937050709805,20250826 plate4 B07
20250826,plate4,B07,4,HNRY,triploid,0.797951819415167,20250826 plate4 B07
20250826,plate4,B08,0,HNRY,diploid,0,20250826 plate4 B08
20250826,plate4,B08,1,HNRY,diploid,0.7541845461664423,20250826 plate4 B08
20250826,plate4,B08,2,HNRY,diploid,1.247035189521925,20250826 plate4 B08
20250826,plate4,B08,3,HNRY,diploid,1.6505901922673971,20250826 plate4 B08
20250826,plate4,B08,4,HNRY,diploid,1.6801752408288702,20250826 plate4 B08
20250826,plate4,C01,0,HNRY,triploid,0,20250826 plate4 C01
20250826,plate4,C01,1,HNRY,triploid,0.48611136463402327,20250826 plate4 C01
20250826,plate4,C01,2,HNRY,triploid,0.4440075263259909,20250826 plate4 C01
20250826,plate4,C01,3,HNRY,triploid,0.6039796168690326,20250826 plate4 C01
20250826,plate4,C01,4,HNRY,triploid,0.613168368166766,20250826 plate4 C01
20250826,plate4,C03,0,HNRY,triploid,0,20250826 plate4 C03
20250826,plate4,C03,1,HNRY,triploid,0.5076765869287626,20250826 plate4 C03
20250826,plate4,C03,2,HNRY,triploid,0.6669857454631529,20250826 plate4 C03
20250826,plate4,C03,3,HNRY,triploid,1.214895633934165,20250826 plate4 C03
20250826,plate4,C03,4,HNRY,triploid,1.1027003370030501,20250826 plate4 C03
20250826,plate4,C04,0,HNRY,diploid,0,20250826 plate4 C04
20250826,plate4,C04,1,HNRY,diploid,0.6061732330864018,20250826 plate4 C04
20250826,plate4,C04,2,HNRY,diploid,0.7709748711405867,20250826 plate4 C04
20250826,plate4,C04,3,HNRY,diploid,1.1953353414816932,20250826 plate4 C04
20250826,plate4,C04,4,HNRY,diploid,1.152810116021413,20250826 plate4 C04
20250826,plate4,C05,0,HNRY,triploid,0,20250826 plate4 C05
20250826,plate4,C05,1,HNRY,triploid,0.7990839687446843,20250826 plate4 C05
20250826,plate4,C05,2,HNRY,triploid,0.9373028204435131,20250826 plate4 C05
20250826,plate4,C05,3,HNRY,triploid,1.1396401979490975,20250826 plate4 C05
20250826,plate4,C05,4,HNRY,triploid,1.189154725320152,20250826 plate4 C05
20250826,plate4,C06,0,HNRY,diploid,0,20250826 plate4 C06
20250826,plate4,C06,1,HNRY,diploid,0.9168375665166041,20250826 plate4 C06
20250826,plate4,C06,2,HNRY,diploid,1.5783245679917675,20250826 plate4 C06
20250826,plate4,C06,3,HNRY,diploid,2.1268766827899945,20250826 plate4 C06
20250826,plate4,C06,4,HNRY,diploid,2.0636344894807874,20250826 plate4 C06
20250826,plate4,C07,0,HNRY,triploid,0,20250826 plate4 C07
20250826,plate4,C07,1,HNRY,triploid,0.6324758083163455,20250826 plate4 C07
20250826,plate4,C07,2,HNRY,triploid,1.0174047683167726,20250826 plate4 C07
20250826,plate4,C07,3,HNRY,triploid,1.0921340897857021,20250826 plate4 C07
20250826,plate4,C07,4,HNRY,triploid,1.1112840726345075,20250826 plate4 C07
20250826,plate4,C08,0,HNRY,diploid,0,20250826 plate4 C08
20250826,plate4,C08,1,HNRY,diploid,0.6050539542157946,20250826 plate4 C08
20250826,plate4,C08,2,HNRY,diploid,1.152788065884979,20250826 plate4 C08
20250826,plate4,C08,3,HNRY,diploid,1.2933387855424454,20250826 plate4 C08
20250826,plate4,C08,4,HNRY,diploid,1.3333996176479026,20250826 plate4 C08
20250826,plate4,D01,0,HNRY,triploid,0,20250826 plate4 D01
20250826,plate4,D01,1,HNRY,triploid,1.0253528042796247,20250826 plate4 D01
20250826,plate4,D01,2,HNRY,triploid,1.3353795771718409,20250826 plate4 D01
20250826,plate4,D01,3,HNRY,triploid,1.5997277763668407,20250826 plate4 D01
20250826,plate4,D01,4,HNRY,triploid,1.5501385557908611,20250826 plate4 D01
20250826,plate4,D03,0,HNRY,triploid,0,20250826 plate4 D03
20250826,plate4,D03,1,HNRY,triploid,0.06704248365040498,20250826 plate4 D03
20250826,plate4,D03,2,HNRY,triploid,0.10723955020531799,20250826 plate4 D03
20250826,plate4,D03,3,HNRY,triploid,0.2416271597941547,20250826 plate4 D03
20250826,plate4,D03,4,HNRY,triploid,0.26359830186485245,20250826 plate4 D03
20250826,plate4,D04,0,HNRY,diploid,0,20250826 plate4 D04
20250826,plate4,D04,1,HNRY,diploid,0.450060344707658,20250826 plate4 D04
20250826,plate4,D04,2,HNRY,diploid,0.40843838270427285,20250826 plate4 D04
20250826,plate4,D04,3,HNRY,diploid,1.2679686424944119,20250826 plate4 D04
20250826,plate4,D04,4,HNRY,diploid,1.1162807041102876,20250826 plate4 D04
20250826,plate4,D05,0,HNRY,triploid,0,20250826 plate4 D05
20250826,plate4,D05,1,HNRY,triploid,0.8681826575204475,20250826 plate4 D05
20250826,plate4,D05,2,HNRY,triploid,1.429753663164957,20250826 plate4 D05
20250826,plate4,D05,3,HNRY,triploid,1.475607999508873,20250826 plate4 D05
20250826,plate4,D05,4,HNRY,triploid,1.6548093952234821,20250826 plate4 D05
20250826,plate4,D06,0,HNRY,diploid,0,20250826 plate4 D06
20250826,plate4,D06,1,HNRY,diploid,0.9745040239161232,20250826 plate4 D06
20250826,plate4,D06,2,HNRY,diploid,0.9267659720942525,20250826 plate4 D06
20250826,plate4,D06,3,HNRY,diploid,1.1221653397376237,20250826 plate4 D06
20250826,plate4,D06,4,HNRY,diploid,1.1952240024660215,20250826 plate4 D06
20250826,plate4,D07,0,HNRY,triploid,0,20250826 plate4 D07
20250826,plate4,D07,1,HNRY,triploid,0.6066566461170199,20250826 plate4 D07
20250826,plate4,D07,2,HNRY,triploid,0.732855475589408,20250826 plate4 D07
20250826,plate4,D07,3,HNRY,triploid,1.3887993452711083,20250826 plate4 D07
20250826,plate4,D07,4,HNRY,triploid,1.3201984899354264,20250826 plate4 D07
20250826,plate4,D08,0,HNRY,diploid,0,20250826 plate4 D08
20250826,plate4,D08,1,HNRY,diploid,1.0532135806845184,20250826 plate4 D08
20250826,plate4,D08,2,HNRY,diploid,1.8527202044558884,20250826 plate4 D08
20250826,plate4,D08,3,HNRY,diploid,2.4741792211156395,20250826 plate4 D08
20250826,plate4,D08,4,HNRY,diploid,2.413699485874317,20250826 plate4 D08
20250826,plate4,E01,0,HNRY,triploid,0,20250826 plate4 E01
20250826,plate4,E01,1,HNRY,triploid,0.4713056681741742,20250826 plate4 E01
20250826,plate4,E01,2,HNRY,triploid,0.5425368075238315,20250826 plate4 E01
20250826,plate4,E01,3,HNRY,triploid,1.293122897275875,20250826 plate4 E01
20250826,plate4,E01,4,HNRY,triploid,1.3467783646744198,20250826 plate4 E01
20250826,plate4,E03,0,HNRY,triploid,0,20250826 plate4 E03
20250826,plate4,E03,1,HNRY,triploid,0.3252469587978879,20250826 plate4 E03
20250826,plate4,E03,2,HNRY,triploid,0.27890804089514565,20250826 plate4 E03
20250826,plate4,E03,3,HNRY,triploid,0.4979160417661701,20250826 plate4 E03
20250826,plate4,E03,4,HNRY,triploid,0.47598666691028624,20250826 plate4 E03
20250826,plate4,E04,0,HNRY,diploid,0,20250826 plate4 E04
20250826,plate4,E04,1,HNRY,diploid,0.5933121124611385,20250826 plate4 E04
20250826,plate4,E04,2,HNRY,diploid,0.7693454857764351,20250826 plate4 E04
20250826,plate4,E04,3,HNRY,diploid,1.2707070047530624,20250826 plate4 E04
20250826,plate4,E04,4,HNRY,diploid,1.554611056026458,20250826 plate4 E04
20250826,plate4,E05,0,HNRY,triploid,0,20250826 plate4 E05
20250826,plate4,E05,1,HNRY,triploid,0.6317827340685372,20250826 plate4 E05
20250826,plate4,E05,2,HNRY,triploid,0.6302410387052738,20250826 plate4 E05
20250826,plate4,E05,3,HNRY,triploid,1.4185306595942873,20250826 plate4 E05
20250826,plate4,E05,4,HNRY,triploid,1.3349610276881285,20250826 plate4 E05
20250826,plate4,E06,0,HNRY,diploid,0,20250826 plate4 E06
20250826,plate4,E06,1,HNRY,diploid,0.9080737326156574,20250826 plate4 E06
20250826,plate4,E06,2,HNRY,diploid,1.3215883973615457,20250826 plate4 E06
20250826,plate4,E06,3,HNRY,diploid,2.2285597783933753,20250826 plate4 E06
20250826,plate4,E06,4,HNRY,diploid,1.985040592631715,20250826 plate4 E06
20250826,plate4,E07,0,HNRY,triploid,0,20250826 plate4 E07
20250826,plate4,E07,1,HNRY,triploid,0.8021535713114739,20250826 plate4 E07
20250826,plate4,E07,2,HNRY,triploid,1.242150837906427,20250826 plate4 E07
20250826,plate4,E07,3,HNRY,triploid,1.343141874823934,20250826 plate4 E07
20250826,plate4,E07,4,HNRY,triploid,1.3628515385630047,20250826 plate4 E07
20250826,plate4,E08,0,HNRY,diploid,0,20250826 plate4 E08
20250826,plate4,E08,1,HNRY,diploid,0.9542570036558159,20250826 plate4 E08
20250826,plate4,E08,2,HNRY,diploid,1.4568324784367939,20250826 plate4 E08
20250826,plate4,E08,3,HNRY,diploid,2.124539037280594,20250826 plate4 E08
20250826,plate4,E08,4,HNRY,diploid,1.8962703960866878,20250826 plate4 E08
20250826,plate4,F01,0,HNRY,triploid,0,20250826 plate4 F01
20250826,plate4,F01,1,HNRY,triploid,0.571420688794761,20250826 plate4 F01
20250826,plate4,F01,2,HNRY,triploid,0.6518954783131582,20250826 plate4 F01
20250826,plate4,F01,3,HNRY,triploid,0.8567492256087594,20250826 plate4 F01
20250826,plate4,F01,4,HNRY,triploid,0.8652312715395267,20250826 plate4 F01
20250826,plate4,F03,0,HNRY,triploid,0,20250826 plate4 F03
20250826,plate4,F03,1,HNRY,triploid,0.46886783624194045,20250826 plate4 F03
20250826,plate4,F03,2,HNRY,triploid,1.1073157469843875,20250826 plate4 F03
20250826,plate4,F03,3,HNRY,triploid,1.6747171123227111,20250826 plate4 F03
20250826,plate4,F03,4,HNRY,triploid,1.5919229990192476,20250826 plate4 F03
20250826,plate4,F04,0,HNRY,diploid,0,20250826 plate4 F04
20250826,plate4,F04,1,HNRY,diploid,0.4689062428114703,20250826 plate4 F04
20250826,plate4,F04,2,HNRY,diploid,0.739852327809059,20250826 plate4 F04
20250826,plate4,F04,3,HNRY,diploid,0.829374818183813,20250826 plate4 F04
20250826,plate4,F04,4,HNRY,diploid,0.8774563321582245,20250826 plate4 F04
20250826,plate4,F05,0,HNRY,triploid,0,20250826 plate4 F05
20250826,plate4,F05,1,HNRY,triploid,0.4301788183864952,20250826 plate4 F05
20250826,plate4,F05,2,HNRY,triploid,0.4687745743221322,20250826 plate4 F05
20250826,plate4,F05,3,HNRY,triploid,0.9373438378164752,20250826 plate4 F05
20250826,plate4,F05,4,HNRY,triploid,0.9584352693859786,20250826 plate4 F05
20250826,plate4,F06,0,HNRY,diploid,0,20250826 plate4 F06
20250826,plate4,F06,1,HNRY,diploid,0.8001018727256339,20250826 plate4 F06
20250826,plate4,F06,2,HNRY,diploid,1.432773729433291,20250826 plate4 F06
20250826,plate4,F06,3,HNRY,diploid,1.4506818156723158,20250826 plate4 F06
20250826,plate4,F06,4,HNRY,diploid,1.6202476634449048,20250826 plate4 F06
20250826,plate4,F08,0,HNRY,diploid,0,20250826 plate4 F08
20250826,plate4,F08,1,HNRY,diploid,0.5174362301832419,20250826 plate4 F08
20250826,plate4,F08,2,HNRY,diploid,1.2018749289499155,20250826 plate4 F08
20250826,plate4,F08,3,HNRY,diploid,1.1753395693073432,20250826 plate4 F08
20250826,plate4,F08,4,HNRY,diploid,1.182251648312226,20250826 plate4 F08
