trace_id,family_id_group,ploidy,value_metric,baseline_value,final_value,peak_value,trough_value,time_to_peak,time_to_trough,auc_total,auc_early,auc_late,delta_auc_late_minus_early,late_early_auc_ratio,initial_slope,vmax,time_to_vmax,min_slope,time_to_min_slope,inflection_time,metabolic_scope,final_delta,depression_abs,metabolic_depression_index,resilience_ratio,stability_cv,trajectory_class,n_timepoints
20250826 plate1 A02,hnry,diploid,corrected_fc,0,1.1454038233147783,1.1454038233147783,0,4,0,3.4131054727124353,1.339579802563428,2.0735256701490075,0.7339458675855794,1.5478926049654498,0.8972368290074993,0.8972368290074993,0.5,-0.012550881895642019,1.5,1.5,1.1454038233147783,1.1454038233147783,0,0,1,0.5757856714724969,rise_then_depress,5
20250826 plate1 A03,hnry,triploid,corrected_fc,0,1.1864370055327913,1.1864370055327913,0,4,0,3.340193399853759,1.1843350829454968,2.1558583169082626,0.9715232339627657,1.8203111162987269,0.7142790149893329,0.7142790149893329,0.5,0.09385325934708844,3.5,1.5,1.1864370055327913,1.1864370055327913,0,0,1,0.6033100650014034,monotonic_increase,5
20250826 plate1 A04,hnry,diploid,corrected_fc,0,1.4801656277190312,1.4801656277190312,0,4,0,4.132335836804137,1.371749845700427,2.760585991103711,1.388836145403284,2.012455842263378,0.7145172894041817,0.7145172894041817,0.5,0.04880550835545994,2.5,2.5,1.4801656277190312,1.4801656277190312,0,0,1,0.6366599390268372,monotonic_increase,5
20250826 plate1 A05,hnry,triploid,corrected_fc,0,0.8421620189702774,0.8421620189702774,0,4,0,2.67887955670597,1.0284371878458067,1.6504423688601633,0.6220051810143565,1.6048061936745266,0.626814821295046,0.626814821295046,0.5,0.01442302614601354,3.5,1.5,0.8421620189702774,0.8421620189702774,0,0,1,0.5762318357289249,monotonic_increase,5
20250826 plate1 A06,hnry,diploid,corrected_fc,0,0.9948613375915568,1.149713036097997,0,3,0,3.7212675643508195,1.565532636836905,2.1557349275139144,0.5902022906770095,1.3769977557730697,1.0569414142167664,1.0569414142167664,0.5,-0.1548516985064402,3.5,1.5,1.149713036097997,0.9948613375915568,0.1548516985064402,0.13468725990268868,0.8653127400973113,0.5634036958706667,rise_then_depress,5
20250826 plate1 A07,hnry,triploid,corrected_fc,0,0.912822546391776,0.9451877373148329,0,3,0,2.7676513358256534,1.0122873488741502,1.7553639869515032,0.743076638077353,1.7340570233380779,0.6585223724333675,0.6585223724333675,0.5,-0.0323651909230569,3.5,1.5,0.9451877373148329,0.912822546391776,0.0323651909230569,0.034242076621732946,0.965757923378267,0.59153825541873,rise_then_depress,5
20250826 plate1 A08,hnry,diploid,corrected_fc,0,0.7569599547718724,0.7569599547718724,0,4,0,2.3089708948993604,0.865745852027722,1.4432250428716387,0.5774791908439166,1.6670308491705315,0.5471382998663685,0.5471382998663685,0.5,0.010822441447523423,3.5,1.5,0.7569599547718724,0.7569599547718724,0,0,1,0.5814130707169618,monotonic_increase,5
20250826 plate1 B02,hnry,diploid,corrected_fc,0,0.9913555856291996,0.9913555856291996,0,4,0,2.6681449546500637,0.95779705431901,1.7103479003310536,0.7525508460120436,1.7857101278590843,0.6325060265378298,0.6325060265378298,0.5,0.018076029024530316,1.5,1.5,0.9913555856291996,0.9913555856291996,0,0,1,0.6095930520795068,monotonic_increase,5
20250826 plate1 B03,hnry,triploid,corrected_fc,0,1.295067664613207,1.295067664613207,0,4,0,3.7213000674421903,1.3943659087314813,2.326934158710709,0.9325682499792278,1.6688117115740646,0.9049218420424286,0.9049218420424286,0.5,0.07396629133567656,1.5,1.5,1.295067664613207,1.295067664613207,0,0,1,0.5871923101091098,monotonic_increase,5
20250826 plate1 B04,hnry,diploid,corrected_fc,0,1.245561127015806,1.245561127015806,0,4,0,3.303226405721835,1.0550837308140508,2.2481426749077844,1.1930589440937336,2.1307718138855463,0.5674846399553517,0.5674846399553517,0.5,0.10779810647462384,3.5,2.5,1.245561127015806,1.245561127015806,0,0,1,0.6482248769292371,monotonic_increase,5
20250826 plate1 B05,hnry,triploid,corrected_fc,0,1.194511539878074,1.194511539878074,0,4,0,3.652688107177203,1.402241757969694,2.2504463492075093,0.8482045912378153,1.6048918358171924,0.8918689276533498,0.8918689276533498,0.5,0.05169379092594606,3.5,1.5,1.194511539878074,1.194511539878074,0,0,1,0.5757086260925509,monotonic_increase,5
20250826 plate1 B06,hnry,diploid,corrected_fc,0,1.2697762522414064,1.2933632593723166,0,3,0,3.7252306477586536,1.2817059341361756,2.4435247136224776,1.161818779486302,1.9064628231352667,0.7664326060067176,0.7664326060067176,0.5,-0.02358700713091011,3.5,1.5,1.2933632593723166,1.2697762522414064,0.02358700713091011,0.01823695466837147,0.9817630453316285,0.6101673900321128,rise_then_depress,5
20250826 plate1 B07,hnry,triploid,corrected_fc,0,1.2771666536588249,1.2943373304769987,0,3,0,3.7558025764382132,1.2442172060385364,2.511585370399677,1.2673681643611405,2.0186068463048463,0.6655524929452704,0.6655524929452704,0.5,-0.017170676818173858,3.5,2.5,1.2943373304769987,1.2771666536588249,0.017170676818173858,0.013265998294158752,0.9867340017058412,0.6301047242755053,rise_then_depress,5
20250826 plate1 B08,hnry,diploid,corrected_fc,0,1.2952855558551644,1.3834536220220957,0,3,0,4.015366408647221,1.4183735782899145,2.596992830357307,1.1786192520673926,1.8309653183813634,0.852477147882285,0.852477147882285,0.5,-0.08816806616693129,3.5,1.5,1.3834536220220957,1.2952855558551644,0.08816806616693129,0.06373040972494785,0.9362695902750522,0.5995724046631683,rise_then_depress,5
20250826 plate1 C02,hnry,diploid,corrected_fc,0,0.7312323640870858,0.7312323640870858,0,4,0,2.0327430975157514,0.7113670288088488,1.3213760687069025,0.6100090398980537,1.8575166056254893,0.42989372064916703,0.42989372064916703,0.5,0.056945785583408015,3.5,1.5,0.7312323640870858,0.7312323640870858,0,0,1,0.6083917120718738,monotonic_increase,5
20250826 plate1 C03,hnry,triploid,corrected_fc,0,1.1252354135567175,1.1252354135567175,0,4,0,2.716637670603647,0.8341703620590337,1.8824673085446129,1.0482969464855791,2.25669406894055,0.5377188423271391,0.5377188423271391,0.5,0.055184197136650126,1.5,1.5,1.1252354135567175,1.1252354135567175,0,0,1,0.6833604038348963,monotonic_increase,5
20250826 plate1 C04,hnry,diploid,corrected_fc,0,0.4766488663043938,0.4766488663043938,0,4,0,1.4299859790775282,0.5397881439576212,0.8901978351199071,0.35040969116228593,1.649161518430454,0.32899078987897595,0.32899078987897595,0.5,0.019481339731774294,2.5,1.5,0.4766488663043938,0.4766488663043938,0,0,1,0.5824362938719249,monotonic_increase,5
20250826 plate1 C05,hnry,triploid,corrected_fc,0,0.9105168946821292,0.940792668338201,0,3,0,2.895165323425641,1.1512104823221432,1.7439548411034977,0.5927443587813546,1.5148879096251027,0.803306756897911,0.803306756897911,0.5,-0.10749930604944657,1.5,1.5,0.940792668338201,0.9105168946821292,0.030275773656071814,0.03218113265014107,0.9678188673498589,0.5772677887147165,rise_then_depress,5
20250826 plate1 C06,hnry,diploid,corrected_fc,0,0.7230881132829237,0.7656032684960633,0,2,0,2.3616994280244006,0.9075506158988407,1.45414881212556,0.5465981962267192,1.6022784698188617,0.524748981650809,0.524748981650809,0.5,-0.055800147259996824,2.5,2.5,0.7656032684960633,0.7230881132829237,0.042515155213139644,0.05553157485423961,0.9444684251457603,0.5842087210411208,rise_then_depress,5
20250826 plate1 C07,hnry,triploid,corrected_fc,0,1.1376738379947826,1.188349513450698,0,3,0,3.624670848171942,1.3804377219804922,2.2442331261914497,0.8637954042109575,1.6257402202626599,0.8933910282371321,0.8933910282371321,0.5,-0.05067567545591545,3.5,1.5,1.188349513450698,1.1376738379947826,0.05067567545591545,0.04264374654285401,0.957356253457146,0.57688426374342,rise_then_depress,5
20250826 plate1 C08,hnry,diploid,corrected_fc,0,1.0099438136841437,1.0099438136841437,0,4,0,2.9918203954776095,1.120084499270987,1.8717358962066226,0.7516513969356355,1.6710666895442727,0.7431278773407393,0.7431278773407393,0.5,0.010785366519756034,1.5,1.5,1.0099438136841437,1.0099438136841437,0,0,1,0.5873047637054499,monotonic_increase,5
20250826 plate1 D02,hnry,diploid,corrected_fc,0,0.840210833341428,0.840210833341428,0,4,0,2.316233260523317,0.8094809535881572,1.50675230693516,0.6972713533470029,1.8613808024218892,0.48726068169439496,0.48726068169439496,0.5,0.07578421497074417,3.5,1.5,0.840210833341428,0.840210833341428,0,0,1,0.6098222720053679,monotonic_increase,5
20250826 plate1 D03,hnry,triploid,corrected_fc,0,1.125535980411432,1.125535980411432,0,4,0,3.109980532316263,1.0622979121266893,2.0476826201895735,0.9853847080628841,1.927597331044521,0.6182894202779099,0.6182894202779099,0.5,0.08462984227635384,3.5,1.5,1.125535980411432,1.125535980411432,0,0,1,0.6176504535721202,monotonic_increase,5
20250826 plate1 D04,hnry,diploid,corrected_fc,0,1.4557835991752963,1.4557835991752963,0,4,0,3.7948565623138473,1.1981834709347676,2.5966730913790794,1.3984896204443118,2.167174856245742,0.6525193746985791,0.6525193746985791,0.5,0.13266640362005355,3.5,1.5,1.4557835991752963,1.4557835991752963,0,0,1,0.6530244691057266,monotonic_increase,5
20250826 plate1 D05,hnry,triploid,corrected_fc,0,0.943507414837042,0.943507414837042,0,4,0,2.968384921001225,1.146609974998461,1.8217749460027641,0.6751649710043031,1.5888357730406184,0.7201333185998839,0.7201333185998839,0.5,0.019962832651376217,3.5,1.5,0.943507414837042,0.943507414837042,0,0,1,0.5732999594566295,monotonic_increase,5
20250826 plate1 D06,hnry,diploid,corrected_fc,0,1.443924203044676,1.6296486329283235,0,2,0,4.4017230579072635,1.4406002074552595,2.9611228504520044,1.5205226429967449,2.0554785672859675,0.6257758909910975,1.003872741937226,1.5,-0.20531220046281873,2.5,2.5,1.6296486329283235,1.443924203044676,0.18572442988364757,0.11396593482235397,0.886034065177646,0.6744336500629381,rise_then_depress,5
20250826 plate1 D07,hnry,triploid,corrected_fc,0,0.8872761888094316,0.9466169897696802,0,2,0,2.8905013437946305,1.0661406559732443,1.8243606878213863,0.758220031848142,1.711181988605423,0.5928321610884041,0.5928321610884041,0.5,-0.03920289123784981,2.5,2.5,0.9466169897696802,0.8872761888094316,0.05934080096024863,0.06268723422625949,0.9373127657737405,0.5974581886773564,rise_then_depress,5
20250826 plate1 D08,hnry,diploid,corrected_fc,0,0.9588976160390849,0.9588976160390849,0,4,0,2.9230982629324096,1.0929269452968833,1.8301713176355265,0.7372443723386433,1.6745596085000702,0.6897566501061148,0.6897566501061148,0.5,0.011345401613869432,3.5,1.5,0.9588976160390849,0.9588976160390849,0,0,1,0.5821766616125081,monotonic_increase,5
20250826 plate1 E02,hnry,diploid,corrected_fc,0,0.8050578074398849,0.8050578074398849,0,4,0,2.334029692250458,0.8875502434851632,1.4464794487652948,0.5589292052801316,1.6297437349409898,0.5686559561599498,0.5686559561599498,0.5,0.06913261849047703,1.5,1.5,0.8050578074398849,0.8050578074398849,0,0,1,0.5822571058723841,monotonic_increase,5
20250826 plate1 E03,hnry,triploid,corrected_fc,0,1.2110744965307163,1.2110744965307163,0,4,0,3.6016971406115794,1.368781493753638,2.232915646857941,0.8641341531043032,1.6313163620692812,0.8757615822551164,0.8757615822551164,0.5,0.07671600943665502,3.5,1.5,1.2110744965307163,1.2110744965307163,0,0,1,0.5799422405322252,monotonic_increase,5
20250826 plate1 E04,hnry,diploid,corrected_fc,0,1.0217407765059905,1.0217407765059905,0,4,0,2.8389575498499893,0.9806435056786581,1.8583140441713313,0.8776705384926732,1.8949944943399977,0.5818756449211857,0.5818756449211857,0.5,0.07306498134512684,3.5,1.5,1.0217407765059905,1.0217407765059905,0,0,1,0.6128416651136895,monotonic_increase,5
20250826 plate1 E05,hnry,triploid,corrected_fc,0,0.9370013616846902,1.063714756543981,0,3,0,3.291156254993617,1.3165539796561585,1.9746022753374586,0.6580482956813001,1.4998262933762587,0.874167141705026,0.874167141705026,0.5,-0.1267133948592909,3.5,1.5,1.063714756543981,0.9370013616846902,0.1267133948592909,0.11912347185159287,0.8808765281484071,0.5679228278623654,rise_then_depress,5
20250826 plate1 E06,hnry,diploid,corrected_fc,0,0.8256476627396675,0.8514532023138932,0,3,0,2.683027464030633,1.07479047673023,1.608236987300403,0.5334465105701729,1.4963260487691004,0.730830523113554,0.730830523113554,0.5,-0.04291061588020173,1.5,1.5,0.8514532023138932,0.8256476627396675,0.02580553957422571,0.03030764286762568,0.9696923571323743,0.5693845226044734,rise_then_depress,5
20250826 plate1 E07,hnry,triploid,corrected_fc,0,1.1463927729777414,1.1463927729777414,0,4,0,3.4537094699499273,1.237652071299944,2.2160573986499834,0.9784053273500395,1.7905334221453615,0.7360111844130368,0.7360111844130368,0.5,0.005172647703535871,3.5,1.5,1.1463927729777414,1.1463927729777414,0,0,1,0.5960209605521248,monotonic_increase,5
20250826 plate1 E08,hnry,diploid,corrected_fc,0,0.7579737183255203,0.7579737183255203,0,4,0,2.010312889532345,0.6693651578421268,1.340947731690218,0.6715825738480913,2.0033127150106123,0.4379759733190402,0.4379759733190402,0.5,0.024802395727133053,1.5,1.5,0.7579737183255203,0.7579737183255203,0,0,1,0.6386012267716943,monotonic_increase,5
20250826 plate1 F02,hnry,diploid,corrected_fc,0,1.2989000907834003,1.2989000907834003,0,4,0,3.431354779552322,1.0662991174468996,2.365055662105423,1.2987565446585232,2.2180039572462644,0.5597884326712509,0.5597884326712509,0.5,0.08980515884532636,3.5,2.5,1.2989000907834003,1.2989000907834003,0,0,1,0.6592570743867842,monotonic_increase,5
20250826 plate1 F03,hnry,triploid,corrected_fc,0,0.9541680679890658,0.9541680679890658,0,4,0,2.54230678571742,0.9146465880780232,1.6276601976393965,0.7130136095613733,1.779550942249347,0.5694851168112273,0.5694851168112273,0.5,0.11509174984447557,2.5,1.5,0.9541680679890658,0.9541680679890658,0,0,1,0.6065463342057231,monotonic_increase,5
20250826 plate1 F04,hnry,diploid,corrected_fc,0,1.005531851840591,1.005531851840591,0,4,0,2.649819772207863,0.8200441877002465,1.8297755845076167,1.0097313968073702,2.231313399877984,0.4183891750130127,0.4183891750130127,0.5,0.08017720594050348,3.5,2.5,1.005531851840591,1.005531851840591,0,0,1,0.6634583451071617,monotonic_increase,5
20250826 plate1 F05,hnry,triploid,corrected_fc,0,0.6175925985200754,0.7240147430320639,0,3,0,1.8884072516149963,0.6375895881809837,1.2508176634340127,0.613228075253029,1.9617912315703634,0.4195829670390724,0.4195829670390724,0.5,-0.1064221445119885,3.5,1.5,0.7240147430320639,0.6175925985200754,0.1064221445119885,0.14698891912933804,0.8530110808706619,0.6296466685033676,rise_then_depress,5
20250826 plate1 F06,hnry,diploid,corrected_fc,0,1.1620864294897637,1.1677298166261134,0,3,0,3.8891149917498025,1.6277530112333802,2.2613619805164227,0.6336089692830424,1.3892537534321283,1.115164062087953,1.115164062087953,0.5,-0.08998616379709867,1.5,1.5,1.1677298166261134,1.1620864294897637,0.005643387136349709,0.004832784995295382,0.9951672150047046,0.5626531308329603,rise_then_depress,5
20250826 plate1 F07,hnry,triploid,corrected_fc,0,0.8150186986700334,0.8233268783918051,0,3,0,2.5956945273909713,1.0187405089020203,1.576954018488951,0.5582135095869307,1.547944746193084,0.672622718139891,0.672622718139891,0.5,-0.008308179721771669,3.5,1.5,0.8233268783918051,0.8150186986700334,0.008308179721771669,0.010090985658089946,0.98990901434191,0.5706266711353034,rise_then_depress,5
20250826 plate1 F08,hnry,diploid,corrected_fc,0,0.9684584233920952,0.972293514265011,0,3,0,2.7652575396409116,0.9217594452212738,1.843498094419638,0.9217386491983641,1.9999774387742728,0.5347840767626945,0.5347840767626945,0.5,-0.0038350908729157807,3.5,1.5,0.972293514265011,0.9684584233920952,0.0038350908729157807,0.003944375660897886,0.9960556243391021,0.6233307635154431,rise_then_depress,5
20250826 plate2 A01,hnry,triploid,corrected_fc,0,0.63052218096669,0.63052218096669,0,4,0,1.7209899969803648,0.5791372489513833,1.1418527480289817,0.5627154990775984,1.9716444592304865,0.38271300002531405,0.38271300002531405,0.5,3.547723471224451e-4,3.5,1.5,0.63052218096669,0.63052218096669,0,0,1,0.633456085622234,monotonic_increase,5
20250826 plate2 A02,hnry,diploid,corrected_fc,0,1.2964741276319671,1.2964741276319671,0,4,0,3.233595242978792,0.9047935872530191,2.3288016557257727,1.4240080684727536,2.5738485424019037,0.4295274461828308,0.5210048359575457,1.5,0.09117567679236593,3.5,2.5,1.2964741276319671,1.2964741276319671,0,0,1,0.7078046891991016,monotonic_increase,5
20250826 plate2 A03,hnry,triploid,corrected_fc,0,0.6335265679644899,0.649466105787387,0,3,0,1.8990156775505755,0.6979328690647614,1.2010828084858143,0.5031499394210529,1.7209145201819769,0.4630794503485791,0.4630794503485791,0.5,-0.015939537822897032,3.5,1.5,0.649466105787387,0.6335265679644899,0.015939537822897032,0.02454252451492071,0.9754574754850793,0.5930608520001782,rise_then_depress,5
20250826 plate2 A04,hnry,diploid,corrected_fc,0,0.4889690075540629,0.4889690075540629,0,4,0,1.4903421144193725,0.5844111430039491,0.9059309714154233,0.3215198284114742,1.5501603319177326,0.3955246042155246,0.3955246042155246,0.5,-0.017751526638675408,1.5,1.5,0.4889690075540629,0.4889690075540629,0,0,1,0.5757615993861834,rise_then_depress,5
20250826 plate2 A05,hnry,triploid,corrected_fc,0,1.143405227001578,1.143405227001578,0,4,0,3.300530153613702,1.2130872078454247,2.0874429457682773,0.8743557379228526,1.7207690694190105,0.8393191079860326,0.8393191079860326,0.5,-0.09178290826724866,1.5,1.5,1.143405227001578,1.143405227001578,0,0,1,0.6042368825547417,rise_then_depress,5
20250826 plate2 A06,hnry,diploid,corrected_fc,0,0.74209837299175,0.7581867646211343,0,2,0,2.5001688455693105,1.0321425759257665,1.468026269643544,0.43588369371777747,1.4223095761036864,0.6530491936151993,0.6530491936151993,0.5,-0.04030306378403248,2.5,1.5,0.7581867646211343,0.74209837299175,0.016088391629384358,0.021219562751697098,0.9787804372483029,0.5633496459291389,rise_then_depress,5
20250826 plate2 A07,hnry,triploid,corrected_fc,0,0.8445772171702581,0.8445772171702581,0,4,0,2.363024380179271,0.82414635638757,1.538878023791701,0.7147316674041311,1.8672387639217025,0.5354416942611535,0.5354416942611535,0.5,0.01669246409010272,3.5,1.5,0.8445772171702581,0.8445772171702581,0,0,1,0.6135102607662594,monotonic_increase,5
20250826 plate2 B01,hnry,triploid,corrected_fc,0,0.5119599580438813,0.5397384866141515,0,2,0,1.6673547124909778,0.6638961609890791,1.0034585515018986,0.33956239051281945,1.5114691279535883,0.3940269176820034,0.3940269176820034,0.5,-0.062129157441269234,2.5,1.5,0.5397384866141515,0.5119599580438813,0.02777852857027019,0.05146664404928478,0.9485333559507152,0.576843359435394,rise_then_depress,5
20250826 plate2 B02,hnry,diploid,corrected_fc,0,0.7205592026315719,0.7205592026315719,0,4,0,2.0097714297258187,0.7000849071834574,1.3096865225423615,0.6096016153589041,1.870753831576543,0.4331438287948038,0.4331438287948038,0.5,0.03809335979365014,3.5,1.5,0.7205592026315719,0.7205592026315719,0,0,1,0.6097796044341135,monotonic_increase,5
20250826 plate2 B03,hnry,triploid,corrected_fc,0,0.770408199453835,0.770408199453835,0,4,0,2.003550233028456,0.658806771556016,1.34474346147244,0.6859366899164241,2.0411803878341,0.4043444828645576,0.4043444828645576,0.5,0.06533112639977079,3.5,1.5,0.770408199453835,0.770408199453835,0,0,1,0.6382636659202814,monotonic_increase,5
20250826 plate2 B04,hnry,diploid,corrected_fc,0,1.168086539489405,1.36169500405905,0,3,0,3.784013500156559,1.248372836000286,2.535640664156273,1.287267828155987,2.031156551179308,0.6584704456477656,0.6584704456477656,0.5,-0.19360846456964498,3.5,3.5,1.36169500405905,1.168086539489405,0.19360846456964498,0.14218195997820457,0.8578180400217954,0.6342820342741557,rise_then_depress,5
20250826 plate2 B05,hnry,triploid,corrected_fc,0,0.6522823812862082,0.6522823812862082,0,4,0,2.044985753659617,0.8467627600424888,1.198222993617128,0.3514602335746392,1.4150634040129535,0.6056225949094736,0.6056225949094736,0.5,-0.123342264643443,1.5,1.5,0.6522823812862082,0.6522823812862082,0,0,1,0.5760309328274485,rise_then_depress,5
20250826 plate2 B06,hnry,diploid,corrected_fc,0,0.8711545640915431,0.8711545640915431,0,4,0,2.2900844387068395,0.6826626790797379,1.6074217596271017,0.9247590805473638,2.3546354720811506,0.3502016143263219,0.3502016143263219,0.5,0.03177115126362906,3.5,3.5,0.8711545640915431,0.8711545640915431,0,0,1,0.6754983688080674,monotonic_increase,5
20250826 plate2 B07,hnry,triploid,corrected_fc,0,0.6713824014075015,0.6713824014075015,0,4,0,1.9613553846859277,0.7016736553785121,1.2596817293074158,0.5580080739289037,1.7952529921162437,0.43805518792832665,0.43805518792832665,0.5,0.011010340254022033,3.5,1.5,0.6713824014075015,0.6713824014075015,0,0,1,0.5975372283914602,monotonic_increase,5
20250826 plate2 C01,hnry,triploid,corrected_fc,0,1.0605961753741615,1.0605961753741615,0,4,0,2.8431303490997353,0.8589217171300655,1.9842086319696695,1.125286914839604,2.310115802636299,0.4429095414282471,0.4429095414282471,0.5,0.022697806793391173,3.5,2.5,1.0605961753741615,1.0605961753741615,0,0,1,0.6688383831425634,monotonic_increase,5
20250826 plate2 C02,hnry,diploid,corrected_fc,0,1.1433349991908512,1.1433349991908512,0,4,0,2.8993285503837183,0.8620772287006196,2.0372513216830987,1.1751740929824792,2.3631888812952178,0.512497820685599,0.512497820685599,0.5,0.027330585118198858,3.5,3.5,1.1433349991908512,1.1433349991908512,0,0,1,0.6812384503462741,monotonic_increase,5
20250826 plate2 C03,hnry,triploid,corrected_fc,0,1.24761890236109,1.24761890236109,0,4,0,2.7837760725344336,0.7303076017057839,2.0534684708286495,1.3231608691228656,2.8117856996590898,0.4834092143068133,0.6889638574511928,2.5,0.0103875604911281,1.5,2.5,1.24761890236109,1.24761890236109,0,0,1,0.7731883188364835,monotonic_increase,5
20250826 plate2 C04,hnry,diploid,corrected_fc,0,1.0277724453567036,1.064133460095544,0,3,0,2.6886473375782796,0.8199267828816317,1.8687205546966479,1.0487937718150162,2.2791310074407276,0.5292259109588798,0.5292259109588798,0.5,-0.03636101473884046,3.5,3.5,1.064133460095544,1.0277724453567036,0.03636101473884046,0.03416960005709787,0.9658303999429021,0.6785483633148519,rise_then_depress,5
20250826 plate2 C05,hnry,triploid,corrected_fc,0,1.1654180950770627,1.1654180950770627,0,4,0,2.992590930503516,0.876155980126642,2.116434950376874,1.2402789702502321,2.4155915138203574,0.49197585014860784,0.49197585014860784,0.5,0.015872322216754498,3.5,3.5,1.1654180950770627,1.1654180950770627,0,0,1,0.6835134831898312,monotonic_increase,5
20250826 plate2 C06,hnry,diploid,corrected_fc,0,0.9862669829527044,0.9862669829527044,0,4,0,2.3991647752068017,0.6479188997170786,1.7512458754897229,1.1033269757726443,2.7028782093784036,0.33326016532269587,0.33326016532269587,0.5,0.0428133333337164,3.5,3.5,0.9862669829527044,0.9862669829527044,0,0,1,0.7215514505165905,monotonic_increase,5
20250826 plate2 C07,hnry,triploid,corrected_fc,0,1.3278215788084509,1.4084822490605784,0,3,0,3.746148005168944,1.1665120085057796,2.579635996663165,1.4131239881573854,2.2114097221918003,0.6592690503074187,0.6592690503074187,0.5,-0.08066067025212753,3.5,3.5,1.4084822490605784,1.3278215788084509,0.08066067025212753,0.057267793261807975,0.942732206738192,0.6515553529034493,rise_then_depress,5
20250826 plate2 D01,hnry,triploid,corrected_fc,0,1.3636449082517832,1.439052143776539,0,3,0,3.921981441907052,1.29757824840997,2.624403193497082,1.326824945087112,2.0225394473997853,0.7940496528153185,0.7940496528153185,0.5,-0.0754072355247557,3.5,1.5,1.439052143776539,1.3636449082517832,0.0754072355247557,0.052400627629004944,0.947599372370995,0.627680576926484,rise_then_depress,5
20250826 plate2 D02,hnry,diploid,corrected_fc,0,1.1971084447438036,1.2021134999601242,0,3,0,2.7807351945360868,0.7524207401724108,2.028314454363676,1.2758937141912652,2.6957184272976114,0.5247740081407608,0.7468200358968242,2.5,-0.06948054407746079,1.5,2.5,1.2021134999601242,1.1971084447438036,0.005005055216320553,0.004163546301149249,0.9958364536988508,0.7677211742724485,rise_then_depress,5
20250826 plate2 D03,hnry,triploid,corrected_fc,0,0.532551816265133,0.532551816265133,0,4,0,1.6082794826602673,0.639972034795125,0.9683074478651424,0.32833541307001746,1.5130465008133174,0.4236388536218377,0.4236388536218377,0.5,0.009027508724736899,1.5,1.5,0.532551816265133,0.532551816265133,0,0,1,0.571127250644142,monotonic_increase,5
20250826 plate2 D04,hnry,diploid,corrected_fc,0,1.3351895837700298,1.4634728402290165,0,3,0,3.643827132359866,1.003679950896951,2.6401471814629147,1.6364672305659638,2.63046719136266,0.4946004015480676,0.5235586971496993,1.5,-0.12828325645898664,3.5,3.5,1.4634728402290165,1.3351895837700298,0.12828325645898664,0.0876567387741284,0.9123432612258716,0.7073494755782646,rise_then_depress,5
20250826 plate2 D05,hnry,triploid,corrected_fc,0,1.0088691075159535,1.0088691075159535,0,4,0,3.173438653598893,1.2674942985586135,1.9059443550402797,0.6384500564816662,1.5037103971258154,0.8462807601425397,0.8462807601425397,0.5,-0.003853683310392042,1.5,1.5,1.0088691075159535,1.0088691075159535,0,0,1,0.5684363120823818,rise_then_depress,5
20250826 plate2 D06,hnry,diploid,corrected_fc,0,1.0377771813772174,1.0377771813772174,0,4,0,2.6077592496066915,0.7804032287439499,1.8273560208627415,1.0469527921187916,2.3415536399097814,0.4709408502649879,0.4709408502649879,0.5,0.038772129682046574,3.5,3.5,1.0377771813772174,1.0377771813772174,0,0,1,0.6806569681125965,monotonic_increase,5
20250826 plate2 D07,hnry,triploid,corrected_fc,0,1.165079519511504,1.165079519511504,0,4,0,2.944151533595579,0.8848854283613754,2.0592661052342036,1.1743806768728282,2.3271556285513006,0.570514483738256,0.570514483738256,0.5,0.0027241186561721698,3.5,3.5,1.165079519511504,1.165079519511504,0,0,1,0.687932343890507,monotonic_increase,5
20250826 plate2 E01,hnry,triploid,corrected_fc,0,0.41410511317848175,0.41410511317848175,0,4,0,1.2958975739119194,0.5141867299490259,0.7817108439628936,0.26752411401386766,1.5202859164420457,0.3367563281764637,0.3367563281764637,0.5,0.01687722757739113,3.5,1.5,0.41410511317848175,0.41410511317848175,0,0,1,0.5685606220351095,monotonic_increase,5
20250826 plate2 E02,hnry,diploid,corrected_fc,0,0.916319806963671,0.916319806963671,0,4,0,2.472196582296669,0.77588315734256,1.6963134249541088,0.9204302676115488,2.1863001006028666,0.4055490495713552,0.4055490495713552,0.5,0.04850039326260247,3.5,2.5,0.916319806963671,0.916319806963671,0,0,1,0.6544268358829634,monotonic_increase,5
20250826 plate2 E03,hnry,triploid,corrected_fc,0,0.7298076152720068,0.7298076152720068,0,4,0,2.055330426289836,0.7416049824005784,1.3137254438892572,0.5721204614886788,1.7714625374235249,0.5138028243457065,0.5138028243457065,0.5,-0.058198508235962565,1.5,1.5,0.7298076152720068,0.7298076152720068,0,0,1,0.6133283617368592,rise_then_depress,5
20250826 plate2 E04,hnry,diploid,corrected_fc,0,0.7986217747519282,0.8091558768574584,0,3,0,2.2097237331607436,0.7666301293261037,1.4430936038346398,0.6764634745085361,1.8823857146120417,0.5320032897248864,0.5320032897248864,0.5,-0.0627496105224516,1.5,1.5,0.8091558768574584,0.7986217747519282,0.010534102105530185,0.013018631399479882,0.9869813686005201,0.6315055311852631,rise_then_depress,5
20250826 plate2 E05,hnry,triploid,corrected_fc,0,0.7129434031928384,0.7129434031928384,0,4,0,2.223173934480395,0.8905403682596091,1.3326335662207858,0.44209319796117663,1.4964325186349083,0.5964186865586972,0.5964186865586972,0.5,-0.008175323156873637,1.5,1.5,0.7129434031928384,0.7129434031928384,0,0,1,0.5686530726812874,rise_then_depress,5
20250826 plate2 E06,hnry,diploid,corrected_fc,0,1.01778867470797,1.01778867470797,0,4,0,2.465212639621959,0.7176089587308467,1.7476036808911126,1.0299947221602659,2.435314748553168,0.4605975089061856,0.46767499406314417,2.5,0.03609078099550367,3.5,3.5,1.01778867470797,1.01778867470797,0,0,1,0.7067603004148935,monotonic_increase,5
20250826 plate2 E07,hnry,triploid,corrected_fc,0,0.8956070223664525,0.8956070223664525,0,4,0,2.6346785763016642,0.9455733774030108,1.6891051988986536,0.7435318214956428,1.7863290562787744,0.5838960766779165,0.5838960766779165,0.5,0.015982635376119436,3.5,1.5,0.8956070223664525,0.8956070223664525,0,0,1,0.5958143605676323,monotonic_increase,5
20250826 plate2 F01,hnry,triploid,corrected_fc,0,1.1002796185032668,1.1194434505262898,0,3,0,2.888497834789182,0.8524307061123259,2.036067128676856,1.18363642256453,2.3885426863172627,0.4859468372133928,0.4859468372133928,0.5,-0.019163832023022964,3.5,3.5,1.1194434505262898,1.1002796185032668,0.019163832023022964,0.01711907110092374,0.9828809288990763,0.6790297579923299,rise_then_depress,5
20250826 plate2 F02,hnry,diploid,corrected_fc,0,0.6444416485083779,0.6444416485083779,0,4,0,1.8433350990617188,0.6551584500342843,1.1881766490274346,0.5330181989931503,1.8135714329339072,0.4233109281516553,0.4233109281516553,0.5,0.010333345617761336,3.5,1.5,0.6444416485083779,0.6444416485083779,0,0,1,0.6039345179827499,monotonic_increase,5
20250826 plate2 F03,hnry,triploid,corrected_fc,0,0.7484715393369024,0.7484715393369024,0,4,0,1.7581723097556705,0.5894055371300971,1.1687667726255735,0.5793612354954764,1.9829585896265447,0.3792105507920549,0.3792105507920549,0.5,0.04117942188402951,1.5,1.5,0.7484715393369024,0.7484715393369024,0,0,1,0.6556483223479864,monotonic_increase,5
20250826 plate2 F04,hnry,diploid,corrected_fc,0,0.7828949074851849,0.7828949074851849,0,4,0,1.9396802224760632,0.612009390274869,1.327670832201194,0.7156614419263251,2.1693634988262245,0.3821561344210806,0.3821561344210806,0.5,0.07652478488037173,3.5,1.5,0.7828949074851849,0.7828949074851849,0,0,1,0.6632042043465737,monotonic_increase,5
20250826 plate2 F05,hnry,triploid,corrected_fc,0,0.9185145962820652,0.9185145962820652,0,4,0,2.4754662353553707,0.8070540208228137,1.668412214532557,0.8613581937097433,2.06728691201063,0.4846861468239067,0.4846861468239067,0.5,0.031727553889447924,3.5,1.5,0.9185145962820652,0.9185145962820652,0,0,1,0.6364235268942275,monotonic_increase,5
20250826 plate2 F06,hnry,diploid,corrected_fc,0,1.2091075032528535,1.2091075032528535,0,4,0,3.230202507003024,1.0627045815835232,2.1674979254195006,1.1047933438359774,2.0396053268065697,0.671226354737795,0.671226354737795,0.5,0.03764155630550792,3.5,1.5,1.2091075032528535,1.2091075032528535,0,0,1,0.6376840429746555,monotonic_increase,5
20250826 plate2 F07,hnry,triploid,corrected_fc,0,0.9914383171499322,0.9914383171499322,0,4,0,2.305205205536373,0.6222465922546295,1.6829586132817433,1.060712021027114,2.704648983586655,0.39873378645873936,0.5167010373191069,2.5,0.02771166823904503,3.5,3.5,0.9914383171499322,0.9914383171499322,0,0,1,0.7475731974006475,monotonic_increase,5
20250826 plate3 A01,hnry,triploid,corrected_fc,0,1.0580145565758798,1.0580145565758798,0,4,0,2.982903953303556,1.0648256901617583,1.9180782631417976,0.8532525729800393,1.8013072757949906,0.6786299413127049,0.6786299413127049,0.5,0.055139320571075734,3.5,1.5,1.0580145565758798,1.0580145565758798,0,0,1,0.6021775540607348,monotonic_increase,5
20250826 plate3 A02,hnry,diploid,corrected_fc,0,1.0204157841718575,1.0204157841718575,0,4,0,2.8171490009667943,0.9068492733606361,1.9102997276061584,1.0034504542455223,2.1065239656937673,0.5079288315454823,0.5079288315454823,0.5,0.019244390466781613,3.5,1.5,1.0204157841718575,1.0204157841718575,0,0,1,0.6392518151232024,monotonic_increase,5
20250826 plate3 A03,hnry,triploid,corrected_fc,0,1.0567302022158234,1.0577379010553956,0,3,0,3.129254534627982,1.1275982926514883,2.0016562419764936,0.8740579493250054,1.775150117751335,0.712045052838302,0.712045052838302,0.5,-0.0010076988395721909,3.5,1.5,1.0577379010553956,1.0567302022158234,0.0010076988395721909,9.526923811340442e-4,0.999047307618866,0.5949231807521735,rise_then_depress,5
20250826 plate3 A04,hnry,diploid,corrected_fc,0,0.629675141517802,0.629675141517802,0,4,0,1.8911700548409218,0.7076186476498593,1.1835514071910627,0.4759327595412034,1.6725836877276619,0.45100893629412536,0.45100893629412536,0.5,0.017571016441374265,3.5,1.5,0.629675141517802,0.629675141517802,0,0,1,0.583024265976911,monotonic_increase,5
20250826 plate3 A06,hnry,diploid,corrected_fc,0,1.0093807908614332,1.1884573084790615,0,3,0,3.1765738153249683,1.1057731311262395,2.070800684198729,0.9650275530724894,1.8727174914167073,0.728120150837289,0.728120150837289,0.5,-0.17907651761762833,3.5,1.5,1.1884573084790615,1.0093807908614332,0.17907651761762833,0.15067980678818244,0.8493201932118175,0.6155584742403409,rise_then_depress,5
20250826 plate3 A07,hnry,triploid,corrected_fc,0,0.8983900020444752,0.9150296558106302,0,3,0,2.7193361822870177,0.9458379503375685,1.7734982319494494,0.827660281611881,1.8750550570702835,0.5365643752209871,0.5365643752209871,0.5,-0.01663965376615506,3.5,1.5,0.9150296558106302,0.8983900020444752,0.01663965376615506,0.01818482456878831,0.9818151754312117,0.6082982264870149,rise_then_depress,5
20250826 plate3 A08,hnry,diploid,corrected_fc,0,0.8921226978950667,0.898376062011288,0,3,0,2.4998038111431415,0.8545392125257756,1.645264598617366,0.7907253860915904,1.9253237001897554,0.5537120248672308,0.5537120248672308,0.5,-0.006253364116221238,3.5,1.5,0.898376062011288,0.8921226978950667,0.006253364116221238,0.0069607421442432265,0.9930392578557568,0.6212671637378607,rise_then_depress,5
20250826 plate3 B01,hnry,triploid,corrected_fc,0,1.1710751239566648,1.1710751239566648,0,4,0,3.3428424606602327,1.1811976368156478,2.1616448238445845,0.9804471870289366,1.830044995409991,0.7297935072060409,0.7297935072060409,0.5,0.0463719917000196,3.5,1.5,1.1710751239566648,1.1710751239566648,0,0,1,0.6029319444407398,monotonic_increase,5
20250826 plate3 B02,hnry,diploid,corrected_fc,0,0.40470124278283576,0.40470124278283576,0,4,0,1.3124253597662716,0.5245162686288495,0.7879090911374221,0.26339282250857265,1.5021633040994402,0.3403910635818706,0.3403910635818706,0.5,0.0032679780838104633,3.5,1.5,0.40470124278283576,0.40470124278283576,0,0,1,0.5657243751786855,monotonic_increase,5
20250826 plate3 B03,hnry,triploid,corrected_fc,0,1.4631360871771908,1.4918166343410733,0,3,0,4.087429508203742,1.1835098443120762,2.903919663891666,1.7204098195795896,2.4536506205232205,0.5029748583500793,0.8580951135739145,1.5,-0.028680547163882464,3.5,2.5,1.4918166343410733,1.4631360871771908,0.028680547163882464,0.019225249607536715,0.9807747503924633,0.7012617038147624,rise_then_depress,5
20250826 plate3 B04,hnry,diploid,corrected_fc,0,1.3495821629521538,1.3495821629521538,0,4,0,3.4040843176532087,1.049700162316897,2.354384155336312,1.304683993019415,2.242911109149224,0.7120366219026681,0.7120366219026681,0.5,-0.03670954107421054,1.5,1.5,1.3495821629521538,1.3495821629521538,0,0,1,0.6873837927906192,rise_then_depress,5
20250826 plate3 B06,hnry,diploid,corrected_fc,0,0.7457121280131456,0.7457121280131456,0,4,0,2.248124368588596,0.8197501419090047,1.4283742266795911,0.6086240847705864,1.742450722061779,0.4972075034816644,0.4972075034816644,0.5,0.012736603767467547,3.5,1.5,0.7457121280131456,0.7457121280131456,0,0,1,0.5901360824430166,monotonic_increase,5
20250826 plate3 B07,hnry,triploid,corrected_fc,0,0.6270423050052865,0.6270423050052865,0,4,0,1.8221419913575603,0.6664496304976711,1.1556923608598892,0.4892427303622181,1.7341030859254527,0.44130207281172246,0.44130207281172246,0.5,0.008993042560174802,1.5,1.5,0.6270423050052865,0.6270423050052865,0,0,1,0.5959728279339271,monotonic_increase,5
20250826 plate3 B08,hnry,diploid,corrected_fc,0,1.5622093229294485,1.5693195492881744,0,3,0,4.797139988574871,1.6939759869847113,3.10316400159016,1.4091880146054487,1.8318819306959675,0.94123619614745,0.94123619614745,0.5,-0.007110226358725935,3.5,2.5,1.5693195492881744,1.5622093229294485,0.007110226358725935,0.004530770270434121,0.9954692297295659,0.6066524701254672,rise_then_depress,5
20250826 plate3 C01,hnry,triploid,corrected_fc,0,0.8258928206831313,0.8663606073699938,0,3,0,2.2772968425808884,0.7315083004807064,1.5457885421001822,0.8142802416194759,2.1131524291445176,0.46502677609208354,0.46502677609208354,0.5,-0.04046778668686246,3.5,1.5,0.8663606073699938,0.8258928206831313,0.04046778668686246,0.04671009547595926,0.9532899045240407,0.6475031995986626,rise_then_depress,5
20250826 plate3 C02,hnry,diploid,corrected_fc,0,0.5482019453417912,0.5482019453417912,0,4,0,1.5144421279611138,0.5496243182986749,0.9648178096624389,0.41519349136376404,1.7554132478143754,0.36627341841167016,0.36627341841167016,0.5,4.283813623393584e-4,1.5,1.5,0.5482019453417912,0.5482019453417912,0,0,1,0.6041195415623487,monotonic_increase,5
20250826 plate3 C03,hnry,triploid,corrected_fc,0,0.7698577708274814,0.7748576024862902,0,3,0,2.2171916090184296,0.7058341542073621,1.5113574548110675,0.8055233006037055,2.141235934535206,0.3542631872963254,0.3542631872963254,0.5,-0.004999831658808795,3.5,2.5,0.7748576024862902,0.7698577708274814,0.004999831658808795,0.006452581277857771,0.9935474187221423,0.6507581364715177,rise_then_depress,5
20250826 plate3 C04,hnry,diploid,corrected_fc,0,1.213013639618426,1.213013639618426,0,4,0,3.0748482630959826,0.9299439757172873,2.1449042873786954,1.2149603116614083,2.3064876416068842,0.5841052980053425,0.5841052980053425,0.5,0.020454849760888072,3.5,3.5,1.213013639618426,1.213013639618426,0,0,1,0.6800207324332643,monotonic_increase,5
20250826 plate3 C06,hnry,diploid,corrected_fc,0,1.8519834328052256,1.8519834328052256,0,4,0,4.856098508852389,1.4756529975469825,3.380445511305406,1.9047925137584234,2.290813298875014,0.8174335028292166,0.8174335028292166,0.5,0.055749132620198205,3.5,3.5,1.8519834328052256,1.8519834328052256,0,0,1,0.6657643744389254,monotonic_increase,5
20250826 plate3 C07,hnry,triploid,corrected_fc,0,0.8259791157176686,0.8501551883857471,0,3,0,2.471298367342234,0.8495203807720509,1.621777986570183,0.772257605798132,1.9090512991534094,0.4908871404464495,0.4908871404464495,0.5,-0.02417607266807853,3.5,1.5,0.8501551883857471,0.8259791157176686,0.02417607266807853,0.028437246514937394,0.9715627534850626,0.6108224228443067,rise_then_depress,5
20250826 plate3 C08,hnry,diploid,corrected_fc,0,1.882248080830884,1.8832741078828428,0,3,0,5.179881566220912,1.5672941815854762,3.612587384635436,2.04529320304996,2.304983599812091,0.7791049452483249,0.797273527425978,1.5,-0.0010260270519588666,3.5,2.5,1.8832741078828428,1.882248080830884,0.0010260270519588666,5.448102576593672e-4,0.9994551897423406,0.6696515812512556,rise_then_depress,5
20250826 plate3 D01,hnry,triploid,corrected_fc,0,1.036947544957229,1.036947544957229,0,4,0,2.6114736638065343,0.8521656765884869,1.7593079872180475,0.9071423106295606,2.0645140206317207,0.5590774290319579,0.5590774290319579,0.5,0.02709906608110013,1.5,1.5,1.036947544957229,1.036947544957229,0,0,1,0.6539584768566999,monotonic_increase,5
20250826 plate3 D02,hnry,diploid,corrected_fc,0,0.8587762531517206,0.9846604703056112,0,3,0,2.382559073677964,0.6625218901462914,1.7200371835316721,1.0575152933853809,2.596196758346914,0.3565333034960907,0.37268329700520986,2.5,-0.12588421715389064,3.5,3.5,0.9846604703056112,0.8587762531517206,0.12588421715389064,0.12784530399074484,0.8721546960092552,0.7041448765145254,rise_then_depress,5
20250826 plate3 D03,hnry,triploid,corrected_fc,0,0.752958780206515,0.752958780206515,0,4,0,2.151942163511633,0.7590571642203023,1.392884999291331,0.6338278350710287,1.8350198969824516,0.48702106965536063,0.48702106965536063,0.5,0.008589265583383243,3.5,1.5,0.752958780206515,0.752958780206515,0,0,1,0.6060165035434998,monotonic_increase,5
20250826 plate3 D04,hnry,diploid,corrected_fc,0,1.0208656563007148,1.0208656563007148,0,4,0,2.5434823438166796,0.7684246613102439,1.7750576825064357,1.0066330211961918,2.3099957248636165,0.5115811963820085,0.5115811963820085,0.5,0.0021057334744623013,1.5,1.5,1.0208656563007148,1.0208656563007148,0,0,1,0.6937060940817492,monotonic_increase,5
20250826 plate3 D06,hnry,diploid,corrected_fc,0,0.5150532290258147,0.5162336966318116,0,3,0,1.4579502514980998,0.5086409887835182,0.9493092627145816,0.44066827393106345,1.8663640635509529,0.33309203721365555,0.33309203721365555,0.5,-0.0011804676059968822,3.5,1.5,0.5162336966318116,0.5150532290258147,0.0011804676059968822,0.002286692274640134,0.9977133077253598,0.6138502806413281,rise_then_depress,5
20250826 plate3 D07,hnry,triploid,corrected_fc,0,0.730226138233445,0.730226138233445,0,4,0,2.0554324113752083,0.7377469315587275,1.3176854798164808,0.5799385482577533,1.7860941515980917,0.4927202971378871,0.4927202971378871,0.5,-0.0026670282962064085,1.5,1.5,0.730226138233445,0.730226138233445,0,0,1,0.6066197935871338,rise_then_depress,5
20250826 plate3 D08,hnry,diploid,corrected_fc,0,0.8548808642355094,0.8548808642355094,0,4,0,2.4477279023153566,0.8047793958274266,1.6429485064879301,0.8381691106605035,2.0414892764479236,0.4359596911075807,0.4359596911075807,0.5,0.008192494585179788,3.5,2.5,0.8548808642355094,0.8548808642355094,0,0,1,0.6321534342611717,monotonic_increase,5
20250826 plate3 E01,hnry,triploid,corrected_fc,0,0.7920735522215064,0.7920735522215064,0,4,0,2.0324939646302846,0.6327831174796963,1.3997108471505884,0.7669277296708921,2.2119914524987307,0.4117763076185237,0.4117763076185237,0.5,0.009406291042843962,3.5,1.5,0.7920735522215064,0.7920735522215064,0,0,1,0.6713676912116008,monotonic_increase,5
20250826 plate3 E02,hnry,diploid,corrected_fc,0,0.7805777737977024,0.7805777737977024,0,4,0,2.1484429618324774,0.6890079010385729,1.4594350607939044,0.7704271597553315,2.1181688317275196,0.39460417133384224,0.39460417133384224,0.5,0.00583532960737998,3.5,1.5,0.7805777737977024,0.7805777737977024,0,0,1,0.6403880322635948,monotonic_increase,5
20250826 plate3 E03,hnry,triploid,corrected_fc,0,0.5555511046693553,0.5555511046693553,0,4,0,1.5922707197756936,0.5912332190938141,1.0010375006818795,0.40980428158806537,1.6931347366038978,0.39516733175644914,0.39516733175644914,0.5,-0.0030355570817190425,1.5,1.5,0.5555511046693553,0.5555511046693553,0,0,1,0.5934878826788471,rise_then_depress,5
20250826 plate3 E04,hnry,diploid,corrected_fc,0,0.97677984510876,0.97677984510876,0,4,0,2.642695771273424,0.8722665077621399,1.770429263511284,0.8981627557491441,2.029688458466029,0.5395150685533557,0.5395150685533557,0.5,0.027491943360640203,3.5,1.5,0.97677984510876,0.97677984510876,0,0,1,0.6329798795674485,monotonic_increase,5
20250826 plate3 E06,hnry,diploid,corrected_fc,0,0.6281222985732385,0.6281222985732385,0,4,0,1.8354377218962707,0.6748917761557485,1.1605459457405223,0.4856541695847738,1.719603033765071,0.4391851761426302,0.4391851761426302,0.5,0.017344102132453854,3.5,1.5,0.6281222985732385,0.6281222985732385,0,0,1,0.5914859003886572,monotonic_increase,5
20250826 plate3 E08,hnry,diploid,corrected_fc,0,0.8397390731638614,0.8397390731638614,0,4,0,2.3901624475703653,0.865458291080933,1.5247041564894321,0.6592458654084992,1.7617303712985632,0.6001731171231145,0.6001731171231145,0.5,-0.06960276920747777,1.5,1.5,0.8397390731638614,0.8397390731638614,0,0,1,0.6115219475411839,rise_then_depress,5
20250826 plate3 F01,hnry,triploid,corrected_fc,0,1.2206200469287694,1.2206200469287694,0,4,0,3.2191923252416403,0.9924249609961832,2.226767364245457,1.2343424032492738,2.2437639637864986,0.551680635762287,0.551680635762287,0.5,0.04490703138159313,3.5,3.5,1.2206200469287694,1.2206200469287694,0,0,1,0.6595066456137333,monotonic_increase,5
20250826 plate3 F02,hnry,diploid,corrected_fc,0,0.9000299945249414,0.9000299945249414,0,4,0,2.5587692738250403,0.8809141739154329,1.6778550999096074,0.7969409259941744,1.904674881608478,0.5412706090839022,0.5412706090839022,0.5,0.011833456709335444,3.5,1.5,0.9000299945249414,0.9000299945249414,0,0,1,0.6121629450601748,monotonic_increase,5
20250826 plate3 F03,hnry,triploid,corrected_fc,0,0.6099477399861429,0.6099477399861429,0,4,0,1.5597570469162139,0.4956311225851965,1.0641259243310173,0.5684948017458208,2.1470119123685567,0.32354751574929175,0.32354751574929175,0.5,0.020619697922517666,1.5,1.5,0.6099477399861429,0.6099477399861429,0,0,1,0.6627543327493514,monotonic_increase,5
20250826 plate3 F04,hnry,diploid,corrected_fc,0,1.110320429041484,1.110320429041484,0,4,0,2.7910625991678604,0.786493446319937,2.0045691528479233,1.2180757065279861,2.5487423477302396,0.4220289675325566,0.4220289675325566,0.5,0.025375969501683526,3.5,3.5,1.110320429041484,1.110320429041484,0,0,1,0.7008205736613575,monotonic_increase,5
20250826 plate3 F06,hnry,diploid,corrected_fc,0,0.5153160276021687,0.5153160276021687,0,4,0,1.5033732310229362,0.5637945838289913,0.9395786471939448,0.3757840633649535,1.6665265579758308,0.3748342863791366,0.3748342863791366,0.5,0.003086308520572789,1.5,1.5,0.5153160276021687,0.5153160276021687,0,0,1,0.5881403127242917,monotonic_increase,5
20250826 plate4 A01,hnry,triploid,corrected_fc,0,1.1190613524642368,1.1190613524642368,0,4,0,3.107975893818307,1.016418229830767,2.09155766398754,1.075139434156773,2.0577726792009456,0.5897891401207783,0.5897891401207783,0.5,0.013663454418803678,3.5,1.5,1.1190613524642368,1.1190613524642368,0,0,1,0.6321410041344825,monotonic_increase,5
20250826 plate4 A03,hnry,triploid,corrected_fc,0,0.6120770006770956,0.6164215179873377,0,3,0,1.850872424807558,0.6721632693322722,1.178709155475286,0.5065458861430138,1.753605424834084,0.4159141321828718,0.4159141321828718,0.5,-0.004344517310242102,3.5,1.5,0.6164215179873377,0.6120770006770956,0.004344517310242102,0.0070479650425366,0.9929520349574634,0.5907819788429658,rise_then_depress,5
20250826 plate4 A04,hnry,diploid,corrected_fc,0,0.6558602773884199,0.6849594337689628,0,3,0,1.9229545253082008,0.6584495959011927,1.2645049294070083,0.6060553335058156,1.9204278311938712,0.4068342389573571,0.4068342389573571,0.5,-0.029099156380542945,3.5,1.5,0.6849594337689628,0.6558602773884199,0.029099156380542945,0.042483036141901076,0.9575169638580989,0.6131697606527201,rise_then_depress,5
20250826 plate4 A05,hnry,triploid,corrected_fc,0,1.1207116900062493,1.212138279397554,0,2,0,3.7955590502320664,1.442589476323747,2.3529695739083194,0.9103800975845724,1.631073574655874,0.83652033662497,0.83652033662497,0.5,-0.06583289920016844,3.5,1.5,1.212138279397554,1.1207116900062493,0.09142658939130466,0.07542587421357956,0.9245741257864204,0.5847717062598861,rise_then_depress,5
20250826 plate4 A06,hnry,diploid,corrected_fc,0,0.17978284966172217,0.17978284966172217,0,4,0,0.4288814302831464,0.1152138216369344,0.313667608646212,0.19845378700927763,2.7224824607819342,0.05643395094375097,0.061125790442615895,1.5,0.014786536539554695,3.5,3.5,0.17978284966172217,0.17978284966172217,0,0,1,0.7264759742555587,monotonic_increase,5
20250826 plate4 A07,hnry,triploid,corrected_fc,0,0.8474983067183811,0.854837411619261,0,3,0,2.6555344726117345,1.0271763022939266,1.6283581703178078,0.6011818680238812,1.5852762244235001,0.6774046969545702,0.6774046969545702,0.5,-0.007339104900879856,3.5,1.5,0.854837411619261,0.8474983067183811,0.007339104900879856,0.008585381034011933,0.991414618965988,0.5745662515983938,rise_then_depress,5
20250826 plate4 A08,hnry,diploid,corrected_fc,0,1.0546843692354833,1.0546843692354833,0,4,0,2.8259046706743183,0.9013737077942183,1.9245309628800995,1.0231572550858812,2.1351088302649557,0.5389106288053067,0.5389106288053067,0.5,0.01995866996203688,3.5,1.5,1.0546843692354833,1.0546843692354833,0,0,1,0.6457074995513636,monotonic_increase,5
20250826 plate4 B01,hnry,triploid,corrected_fc,0,0.5518903523767226,0.5518903523767226,0,4,0,1.3363352306185843,0.3736346025424562,0.9627006280761281,0.5890660255336719,2.5765831684894236,0.23633031483152572,0.2748425887549755,2.5,0.0024391881998861997,3.5,3.5,0.5518903523767226,0.5518903523767226,0,0,1,0.7237357352648318,monotonic_increase,5
20250826 plate4 B03,hnry,triploid,corrected_fc,0,0.4008442335554446,0.4236867193414165,0,3,0,1.3374000825656325,0.5460198255062415,0.7913802570593911,0.24536043155314957,1.4493617632393916,0.3787484045659893,0.3787484045659893,0.5,-0.044205562685484756,1.5,1.5,0.4236867193414165,0.4008442335554446,0.022842485785971922,0.05391362236106561,0.9460863776389344,0.5691638092856429,rise_then_depress,5
20250826 plate4 B04,hnry,diploid,corrected_fc,0,0.92166430667261,0.9339426185085782,0,3,0,2.8215166041619764,1.0188144352207673,1.802702168941209,0.7838877337204417,1.7694116873703116,0.6108870381244413,0.6108870381244413,0.5,-0.01227831183596817,3.5,1.5,0.9339426185085782,0.92166430667261,0.01227831183596817,0.013146751837468903,0.9868532481625311,0.5927931310418042,rise_then_depress,5
20250826 plate4 B05,hnry,triploid,corrected_fc,0,1.1376664924038726,1.1427094965372269,0,2,0,3.5778070207140087,1.3341758292301995,2.243631191483809,0.9094553622536095,1.681660799370314,0.7628210809615861,0.7628210809615861,0.5,-0.03926629952396743,2.5,2.5,1.1427094965372269,1.1376664924038726,0.005043004133354234,0.004413198760171452,0.9955868012398286,0.5909098514166153,rise_then_depress,5
20250826 plate4 B06,hnry,diploid,corrected_fc,0,0.9658706717341384,0.9658706717341384,0,4,0,2.2649867691915455,0.7559280816741683,1.5090586875173773,0.753130605843209,1.9962992830948103,0.4455026138143051,0.4455026138143051,0.5,0.09484694807071836,2.5,1.5,0.9658706717341384,0.9658706717341384,0,0,1,0.6553201618814374,monotonic_increase,5
20250826 plate4 B07,hnry,triploid,corrected_fc,0,0.797951819415167,0.797951819415167,0,4,0,2.512609689539887,0.9815136470561795,1.531096042483707,0.5495823954275275,1.5599335241806074,0.6238872193510365,0.6238872193510365,0.5,0.023458114344186543,3.5,1.5,0.797951819415167,0.797951819415167,0,0,1,0.5707999581651536,monotonic_increase,5
20250826 plate4 B08,hnry,diploid,corrected_fc,0,1.6801752408288702,1.6801752408288702,0,4,0,4.4918975483702,1.3777021409274046,3.1141954074427947,1.73649326651539,2.260427210591735,0.7541845461664423,0.7541845461664423,0.5,0.029585048561473037,3.5,3.5,1.6801752408288702,1.6801752408288702,0,0,1,0.6606413611945898,monotonic_increase,5
20250826 plate4 C01,hnry,triploid,corrected_fc,0,0.613168368166766,0.613168368166766,0,4,0,1.8406826919124297,0.7081151277970188,1.132567564115411,0.42445243631839213,1.5994116205918163,0.48611136463402327,0.48611136463402327,0.5,-0.04210383830803238,1.5,1.5,0.613168368166766,0.613168368166766,0,0,1,0.5845320489979816,rise_then_depress,5
20250826 plate4 C03,hnry,triploid,corrected_fc,0,1.10270033700305,1.214895633934165,0,3,0,2.9409081348276054,0.841169459660339,2.0997386751672664,1.2585692155069275,2.4962136357341516,0.5076765869287626,0.5479098884710121,2.5,-0.11219529693111507,3.5,3.5,1.214895633934165,1.10270033700305,0.11219529693111507,0.09234974083147864,0.9076502591685214,0.6997053669997891,rise_then_depress,5
20250826 plate4 C04,hnry,diploid,corrected_fc,0,1.152810116021413,1.1953353414816932,0,3,0,3.1488885037193883,0.9916606686566951,2.157227835062693,1.165567166405998,2.175368957594009,0.6061732330864018,0.6061732330864018,0.5,-0.04252522546028015,3.5,3.5,1.1953353414816932,1.152810116021413,0.04252522546028015,0.035575979379616984,0.964424020620383,0.652055742480715,rise_then_depress,5
20250826 plate4 C05,hnry,triploid,corrected_fc,0,1.189154725320152,1.189154725320152,0,4,0,3.4706043497973713,1.267735378966441,2.2028689708309304,0.9351335918644894,1.7376409993597284,0.7990839687446843,0.7990839687446843,0.5,0.04951452737105444,3.5,1.5,1.189154725320152,1.189154725320152,0,0,1,0.5914036010952353,monotonic_increase,5
20250826 plate4 C06,hnry,diploid,corrected_fc,0,2.0636344894807874,2.1268766827899945,0,3,0,5.653856062038759,1.7059998505124878,3.947856211526272,2.241856361013784,2.3141011473947803,0.916837566516604,0.916837566516604,0.5,-0.0632421933092071,3.5,3.5,2.1268766827899945,2.0636344894807874,0.0632421933092071,0.0297347720349481,0.9702652279650519,0.6662161143692482,rise_then_depress,5
20250826 plate4 C07,hnry,triploid,corrected_fc,0,1.1112840726345077,1.1112840726345077,0,4,0,3.2976567027360737,1.1411781924747317,2.1564785102613424,1.0153003177866107,1.8896948123279982,0.6324758083163455,0.6324758083163455,0.5,0.019149982848805758,3.5,2.5,1.1112840726345077,1.1112840726345077,0,0,1,0.613193434281304,monotonic_increase,5
20250826 plate4 C08,hnry,diploid,corrected_fc,0,1.3333996176479026,1.3333996176479026,0,4,0,3.7178806144671706,1.1814479871582841,2.536432627308886,1.354984640150602,2.1468847167870018,0.6050539542157946,0.6050539542157946,0.5,0.04006083210545719,3.5,2.5,1.3333996176479026,1.3333996176479026,0,0,1,0.650300526364253,monotonic_increase,5
20250826 plate4 D01,hnry,triploid,corrected_fc,0,1.5501385557908611,1.5997277763668407,0,3,0,4.735529435713737,1.6930425928655453,3.0424868428481915,1.3494442499826462,1.7970527473255447,1.0253528042796247,1.0253528042796247,0.5,-0.04958922057597959,3.5,1.5,1.5997277763668407,1.5501385557908611,0.04958922057597959,0.030998536943955685,0.9690014630560443,0.5955557247606121,rise_then_depress,5
20250826 plate4 D03,hnry,triploid,corrected_fc,0,0.26359830186485245,0.26359830186485245,0,4,0,0.5477083445823039,0.120662258753064,0.4270460858292399,0.30638382707617595,3.539185245182524,0.06704248365040498,0.1343876095888367,2.5,0.021971142070697752,3.5,3.5,0.26359830186485245,0.26359830186485245,0,0,1,0.8350638436916568,monotonic_increase,5
20250826 plate4 D04,hnry,diploid,corrected_fc,0,1.1162807041102876,1.267968642494412,0,3,0,2.684607721961487,0.6542795360597944,2.030328185901692,1.3760486498418978,3.1031509836433906,0.450060344707658,0.8595302597901392,2.5,-0.15168793838412453,3.5,3.5,1.267968642494412,1.1162807041102876,0.15168793838412453,0.11963067011319486,0.8803693298868052,0.8159417070850384,rise_then_depress,5
20250826 plate4 D05,hnry,triploid,corrected_fc,0,1.654809395223482,1.654809395223482,0,4,0,4.600949017806018,1.583059489102926,3.0178895287030922,1.4348300396001663,1.9063652057783647,0.8681826575204475,0.8681826575204475,0.5,0.04585433634391589,2.5,2.5,1.654809395223482,1.654809395223482,0,0,1,0.6213677616677886,monotonic_increase,5
20250826 plate4 D06,hnry,diploid,corrected_fc,0,1.1952240024660217,1.1952240024660217,0,4,0,3.62104733698101,1.4378870099632495,2.1831603270177604,0.7452733170545109,1.5183114611165165,0.9745040239161232,0.9745040239161232,0.5,-0.04773805182187085,1.5,1.5,1.1952240024660217,1.1952240024660217,0,0,1,0.5736197351170391,rise_then_depress,5
20250826 plate4 D07,hnry,triploid,corrected_fc,0,1.3201984899354264,1.3887993452711085,0,3,0,3.38841071194525,0.9730843839117238,2.415326328033526,1.4422419441218022,2.482134507517325,0.6066566461170199,0.6559438696817005,2.5,-0.06860085533568205,3.5,3.5,1.3887993452711085,1.3201984899354264,0.06860085533568205,0.04939580045833794,0.9506041995416621,0.7037217574235556,rise_then_depress,5
20250826 plate4 D08,hnry,diploid,corrected_fc,0,2.413699485874317,2.4741792211156395,0,3,0,6.586962749193205,1.9795736829124628,4.607389066280742,2.6278153833682794,2.3274653053086087,1.0532135806845184,1.0532135806845184,0.5,-0.06047973524132244,3.5,3.5,2.4741792211156395,2.413699485874317,0.06047973524132244,0.024444363094299752,0.9755556369057002,0.6682927649711298,rise_then_depress,5
20250826 plate4 E01,hnry,triploid,corrected_fc,0,1.3467783646744198,1.3467783646744198,0,4,0,2.9803545553110906,0.74257407193609,2.237780483375001,1.4952064114389108,3.0135451370400075,0.4713056681741742,0.7505860897520436,2.5,0.053655467398544765,3.5,3.5,1.3467783646744198,1.3467783646744198,0,0,1,0.7898291286109583,monotonic_increase,5
20250826 plate4 E03,hnry,triploid,corrected_fc,0,0.47598666691028624,0.4979160417661701,0,3,0,1.3400643749143468,0.4647009792454607,0.875363395668886,0.41066241642342527,1.8837132581261646,0.3252469587978879,0.3252469587978879,0.5,-0.04633891790274225,1.5,1.5,0.4979160417661701,0.47598666691028624,0.021929374855883865,0.044042314399226117,0.9559576856007739,0.6337017637054144,rise_then_depress,5
20250826 plate4 E04,hnry,diploid,corrected_fc,0,1.554611056026458,1.554611056026458,0,4,0,3.410670131003865,0.9779848553493561,2.432685275654509,1.4547004203051532,2.4874467762443055,0.5933121124611385,0.5933121124611385,0.5,0.17603337331529667,1.5,1.5,1.554611056026458,1.554611056026458,0,0,1,0.723167752520687,monotonic_increase,5
20250826 plate4 E05,hnry,triploid,corrected_fc,0,1.3349610276881283,1.4185306595942873,0,3,0,3.348034946212162,0.9469032534211741,2.4011316927909885,1.4542284393698144,2.5357729885452054,0.6317827340685372,0.7882896208890134,2.5,-0.08356963190615896,3.5,3.5,1.4185306595942873,1.3349610276881283,0.08356963190615896,0.058912813297994304,0.9410871867020056,0.7276074000730893,rise_then_depress,5
20250826 plate4 E06,hnry,diploid,corrected_fc,0,1.985040592631715,2.2285597783933757,0,3,0,5.450742204686437,1.5688679312964302,3.8818742733900065,2.3130063420935763,2.474315521372299,0.9080737326156574,0.9080737326156574,0.5,-0.24351918576166076,3.5,3.5,2.2285597783933757,1.985040592631715,0.24351918576166076,0.10927200074355636,0.8907279992564436,0.6913554942135481,rise_then_depress,5
20250826 plate4 E07,hnry,triploid,corrected_fc,0,1.362851538563005,1.362851538563005,0,4,0,4.068872053323338,1.4232289902646873,2.64564306305865,1.2224140727939627,1.8589018922152662,0.8021535713114739,0.8021535713114739,0.5,0.019709663739070793,3.5,1.5,1.362851538563005,1.362851538563005,0,0,1,0.6080143949127269,monotonic_increase,5
20250826 plate4 E08,hnry,diploid,corrected_fc,0,1.896270396086688,2.124539037280594,0,3,0,5.483763717416549,1.682673242874213,3.8010904745423355,2.1184172316681225,2.2589593616224652,0.954257003655816,0.954257003655816,0.5,-0.2282686411939061,3.5,3.5,2.124539037280594,1.896270396086688,0.2282686411939061,0.10744384414140468,0.8925561558585953,0.6583192585185645,rise_then_depress,5
20250826 plate4 F01,hnry,triploid,corrected_fc,0,0.8652312715395267,0.8652312715395267,0,4,0,2.512681028486442,0.8973684279513401,1.615312600535102,0.7179441725837619,1.8000550835321927,0.571420688794761,0.571420688794761,0.5,0.00848204593076729,3.5,1.5,0.8652312715395267,0.8652312715395267,0,0,1,0.5997071292900595,monotonic_increase,5
20250826 plate4 F03,hnry,triploid,corrected_fc,0,1.5919229990192476,1.6747171123227111,0,3,0,4.0468621950586625,1.0225257097341343,3.0243364853245285,2.0018107755903944,2.957711925024245,0.4688678362419405,0.638447910742447,1.5,-0.08279411330346353,3.5,3.5,1.6747171123227111,1.5919229990192476,0.08279411330346353,0.04943767081273452,0.9505623291872655,0.747067923670037,rise_then_depress,5
20250826 plate4 F04,hnry,diploid,corrected_fc,0,0.8774563321582245,0.8774563321582245,0,4,0,2.4768615548834547,0.8388324067159998,1.6380291481674547,0.7991967414514549,1.9527490057045875,0.4689062428114703,0.4689062428114703,0.5,0.048081513974411516,3.5,1.5,0.8774563321582245,0.8774563321582245,0,0,1,0.6212375487575285,monotonic_increase,5
20250826 plate4 F05,hnry,triploid,corrected_fc,0,0.9584352693859786,0.9584352693859786,0,4,0,2.315514865218092,0.6645661055475613,1.6509487596705306,0.9863826541229692,2.484250619899206,0.4301788183864952,0.468569263494343,2.5,0.021091431569503327,3.5,3.5,0.9584352693859786,0.9584352693859786,0,0,1,0.7155811763827454,monotonic_increase,5
20250826 plate4 F06,hnry,diploid,corrected_fc,0,1.6202476634449048,1.6202476634449048,0,4,0,4.493681249553693,1.5164887374422795,2.9771925121114133,1.4607037746691338,1.9632143903243007,0.8001018727256339,0.8001018727256339,0.5,0.017908086239024845,2.5,2.5,1.6202476634449048,1.6202476634449048,0,0,1,0.6318003437683176,monotonic_increase,5
20250826 plate4 F08,hnry,diploid,corrected_fc,0,1.182251648312226,1.2018749289499155,0,2,0,3.4857765525966142,1.1183736946581997,2.367402857938414,1.2490291632802142,2.116826307026066,0.5174362301832419,0.6844386987666736,1.5,-0.026535359642572365,2.5,2.5,1.2018749289499155,1.182251648312226,0.019623280637689478,0.01632722354466154,0.9836727764553385,0.6624829716053168,rise_then_depress,5
